fold,feature,retained,standardized_coefficient,absolute_coefficient,in_top_k
1,feature_000,True,-0.7688311498044829,0.7688311498044829,True
1,feature_001,True,-0.09552850154203843,0.09552850154203843,False
1,feature_002,True,0.2389962979524396,0.2389962979524396,False
1,feature_003,True,0.2139405518664944,0.2139405518664944,False
1,feature_004,True,-0.08436252258091748,0.08436252258091748,False
1,feature_005,False,,,False
1,feature_006,True,0.5798838982606247,0.5798838982606247,False
1,feature_007,True,-0.020860705031917608,0.020860705031917608,False
1,feature_008,True,0.1761540666661941,0.1761540666661941,False
1,feature_009,True,-0.3228522334642445,0.3228522334642445,False
1,feature_010,True,0.01818328495995215,0.01818328495995215,False
1,feature_011,True,-0.059356820848609104,0.059356820848609104,False
1,feature_012,True,-0.20638653942717292,0.20638653942717292,False
1,feature_013,False,,,False
1,feature_014,True,-0.4313541852360176,0.4313541852360176,False
1,feature_015,True,0.4507374554821656,0.4507374554821656,False
1,feature_016,True,-0.1748730109627165,0.1748730109627165,False
1,feature_017,True,0.2542856252432637,0.2542856252432637,False
1,feature_018,True,-0.08120463897218937,0.08120463897218937,False
1,feature_019,True,0.0910239323181314,0.0910239323181314,False
1,feature_020,True,0.4225200034681344,0.4225200034681344,False
1,feature_021,True,0.5206124734282452,0.5206124734282452,False
1,feature_022,True,-0.2643387791674267,0.2643387791674267,False
1,feature_023,True,0.3385035366127638,0.3385035366127638,False
1,feature_024,True,-0.10781870445864548,0.10781870445864548,False
1,feature_025,True,0.338542718034485,0.338542718034485,False
1,feature_026,True,-0.20304416826624055,0.20304416826624055,False
1,feature_027,True,0.220035065876756,0.220035065876756,False
1,feature_028,True,-0.524998464223127,0.524998464223127,False
1,feature_029,True,0.3562605009845218,0.3562605009845218,False
1,feature_030,True,-0.7887288352753575,0.7887288352753575,True
1,feature_031,True,-0.25127355093237996,0.25127355093237996,False
1,feature_032,True,0.11062123788991796,0.11062123788991796,False
1,feature_033,True,0.13970540461621395,0.13970540461621395,False
1,feature_034,True,-0.21761603383952255,0.21761603383952255,False
1,feature_035,True,-0.4988907121803509,0.4988907121803509,False
1,feature_036,True,0.21759053160300695,0.21759053160300695,False
1,feature_037,True,-0.17025741878584594,0.17025741878584594,False
1,feature_038,True,0.2367094919586877,0.2367094919586877,False
1,feature_039,True,0.14348504316422794,0.14348504316422794,False
1,feature_040,True,-0.6776090789171305,0.6776090789171305,True
1,feature_041,True,-0.18783321842977266,0.18783321842977266,False
1,feature_042,False,,,False
1,feature_043,True,0.09698791453159766,0.09698791453159766,False
1,feature_044,True,-0.1272306819645136,0.1272306819645136,False
1,feature_045,True,0.3944202115136035,0.3944202115136035,False
1,feature_046,True,0.4516537194631611,0.4516537194631611,False
1,feature_047,True,0.2865058918258081,0.2865058918258081,False
1,feature_048,True,-0.6704249938413589,0.6704249938413589,True
1,feature_049,False,,,False
1,feature_050,True,0.07240437643233533,0.07240437643233533,False
1,feature_051,True,0.02877478927619687,0.02877478927619687,False
1,feature_052,False,,,False
1,feature_053,True,-0.26759614540422344,0.26759614540422344,False
1,feature_054,True,-0.183559246278728,0.183559246278728,False
1,feature_055,True,-0.04252692795298354,0.04252692795298354,False
1,feature_056,True,0.9081378607540518,0.9081378607540518,True
1,feature_057,True,-0.13344551431467905,0.13344551431467905,False
1,feature_058,True,0.28854610829967775,0.28854610829967775,False
1,feature_059,True,0.9363438040998538,0.9363438040998538,True
1,feature_060,True,0.08148820867960332,0.08148820867960332,False
1,feature_061,True,1.1509656784955342,1.1509656784955342,True
1,feature_062,True,-0.44041843037970924,0.44041843037970924,False
1,feature_063,True,-0.059808587984376715,0.059808587984376715,False
1,feature_064,True,0.5172815401408669,0.5172815401408669,False
1,feature_065,True,-0.2640917839428777,0.2640917839428777,False
1,feature_066,True,0.5504260876622282,0.5504260876622282,False
1,feature_067,True,-0.7580895259580277,0.7580895259580277,True
1,feature_068,True,-0.12809391738282797,0.12809391738282797,False
1,feature_069,False,,,False
1,feature_070,True,-0.43460421568081165,0.43460421568081165,False
1,feature_071,True,0.011247802518653146,0.011247802518653146,False
1,feature_072,True,0.4564703854967612,0.4564703854967612,False
1,feature_073,True,-0.34579414513482043,0.34579414513482043,False
1,feature_074,False,,,False
1,feature_075,True,0.32140315360375493,0.32140315360375493,False
1,feature_076,True,0.12347372566381341,0.12347372566381341,False
1,feature_077,True,-0.023610767081921398,0.023610767081921398,False
1,feature_078,True,-0.07281834138599154,0.07281834138599154,False
1,feature_079,True,0.06705726307104325,0.06705726307104325,False
1,feature_080,True,-0.013416801174642787,0.013416801174642787,False
1,feature_081,True,0.7672562412933066,0.7672562412933066,True
1,feature_082,True,-0.36145407915249994,0.36145407915249994,False
1,feature_083,True,0.13935869989967814,0.13935869989967814,False
1,feature_084,True,-0.49398349353052007,0.49398349353052007,False
1,feature_085,True,-0.25245746908819844,0.25245746908819844,False
1,feature_086,True,0.43917803469636896,0.43917803469636896,False
1,feature_087,True,0.0016423559926291094,0.0016423559926291094,False
1,feature_088,True,0.1722755493390985,0.1722755493390985,False
1,feature_089,True,0.365018602769138,0.365018602769138,False
1,feature_090,True,0.15791127876976271,0.15791127876976271,False
1,feature_091,True,0.15708756202286842,0.15708756202286842,False
1,feature_092,True,-0.033914324780567516,0.033914324780567516,False
1,feature_093,True,-0.30554355611289813,0.30554355611289813,False
1,feature_094,True,-0.41944536702886165,0.41944536702886165,False
1,feature_095,True,0.39822934212582495,0.39822934212582495,False
1,feature_096,True,-0.16565906631397964,0.16565906631397964,False
1,feature_097,False,,,False
1,feature_098,True,0.37351553308018626,0.37351553308018626,False
1,feature_099,True,0.4195492277148253,0.4195492277148253,False
1,feature_100,True,0.13511537244004806,0.13511537244004806,False
1,feature_101,True,-0.4490444391610352,0.4490444391610352,False
1,feature_102,True,-0.3106487750454681,0.3106487750454681,False
1,feature_103,True,0.6640585061838119,0.6640585061838119,True
1,feature_104,True,-0.2074277849842866,0.2074277849842866,False
1,feature_105,True,0.1852666220698348,0.1852666220698348,False
1,feature_106,True,0.2194312414250709,0.2194312414250709,False
1,feature_107,True,0.42789204934977504,0.42789204934977504,False
1,feature_108,True,-0.22192214045820854,0.22192214045820854,False
1,feature_109,True,-0.20669120076436992,0.20669120076436992,False
1,feature_110,True,0.006597468630536519,0.006597468630536519,False
1,feature_111,True,-0.3257487207831674,0.3257487207831674,False
1,feature_112,True,0.3749711743396629,0.3749711743396629,False
1,feature_113,True,0.2707326724036553,0.2707326724036553,False
1,feature_114,True,0.5574547375857707,0.5574547375857707,False
1,feature_115,True,-0.536682331315458,0.536682331315458,False
1,feature_116,True,-0.28421034843358156,0.28421034843358156,False
1,feature_117,True,-0.1884218165091075,0.1884218165091075,False
1,feature_118,True,0.2157620709354624,0.2157620709354624,False
1,feature_119,True,-0.6308854602097992,0.6308854602097992,False
1,feature_120,True,-0.46143172625288176,0.46143172625288176,False
1,feature_121,True,0.2792606172768781,0.2792606172768781,False
1,feature_122,True,-0.10749775438001426,0.10749775438001426,False
1,feature_123,True,0.3435715230870107,0.3435715230870107,False
1,feature_124,True,-0.3456269114316277,0.3456269114316277,False
1,feature_125,True,0.30699844616796756,0.30699844616796756,False
1,feature_126,True,0.340671856913265,0.340671856913265,False
1,feature_127,True,-0.1871481073852298,0.1871481073852298,False
1,feature_128,True,0.21021662811126735,0.21021662811126735,False
1,feature_129,True,0.6562150378221392,0.6562150378221392,False
1,feature_130,True,0.34203480541329245,0.34203480541329245,False
1,feature_131,True,0.08750671584113902,0.08750671584113902,False
1,feature_132,True,-0.7687784716500302,0.7687784716500302,True
1,feature_133,True,0.14219633560186892,0.14219633560186892,False
1,feature_134,True,-0.19031074631557346,0.19031074631557346,False
1,feature_135,True,0.07451380985043467,0.07451380985043467,False
1,feature_136,True,-0.08115382083873746,0.08115382083873746,False
1,feature_137,True,0.14213956965772573,0.14213956965772573,False
1,feature_138,True,0.4615487623709427,0.4615487623709427,False
1,feature_139,True,-0.25829870229581,0.25829870229581,False
1,feature_140,True,-0.07086500535991234,0.07086500535991234,False
1,feature_141,False,,,False
1,feature_142,True,-0.4375154783693458,0.4375154783693458,False
1,feature_143,True,-0.3200148870826424,0.3200148870826424,False
1,feature_144,True,-0.15058653742529807,0.15058653742529807,False
1,feature_145,True,-0.32233115308211874,0.32233115308211874,False
1,feature_146,True,-0.3821534542976782,0.3821534542976782,False
1,feature_147,True,0.265261903071774,0.265261903071774,False
1,feature_148,True,0.07061762490227169,0.07061762490227169,False
1,feature_149,False,,,False
1,feature_150,True,-0.12675447064949738,0.12675447064949738,False
1,feature_151,True,-0.06272443815366995,0.06272443815366995,False
1,feature_152,True,0.06576726375536135,0.06576726375536135,False
1,feature_153,True,-0.17516937841898456,0.17516937841898456,False
1,feature_154,True,-0.11591093588321262,0.11591093588321262,False
1,feature_155,True,-0.5359197389912547,0.5359197389912547,False
1,feature_156,True,0.014936256986964243,0.014936256986964243,False
1,feature_157,True,-0.4115653148582169,0.4115653148582169,False
1,feature_158,True,0.16486265150954024,0.16486265150954024,False
1,feature_159,True,0.28520163545197014,0.28520163545197014,False
1,feature_160,True,0.1043686027887354,0.1043686027887354,False
1,feature_161,True,-0.39733138810631485,0.39733138810631485,False
1,feature_162,True,-0.23733225667521735,0.23733225667521735,False
1,feature_163,True,0.14162978827790998,0.14162978827790998,False
1,feature_164,True,-0.6532130144642351,0.6532130144642351,False
1,feature_165,True,-0.20626784924846106,0.20626784924846106,False
1,feature_166,True,-0.14981456224131878,0.14981456224131878,False
1,feature_167,True,-0.535982821223416,0.535982821223416,False
1,feature_168,True,0.4093153563770678,0.4093153563770678,False
1,feature_169,True,-0.3274298285145151,0.3274298285145151,False
1,feature_170,True,0.07870722467086776,0.07870722467086776,False
1,feature_171,True,0.04224717306756702,0.04224717306756702,False
1,feature_172,True,0.23784903378652206,0.23784903378652206,False
1,feature_173,True,-0.16617644912652713,0.16617644912652713,False
1,feature_174,True,0.23564887430717812,0.23564887430717812,False
1,feature_175,True,-0.32598989952163787,0.32598989952163787,False
1,feature_176,True,-0.16756360906319911,0.16756360906319911,False
1,feature_177,True,-0.3216947571647784,0.3216947571647784,False
1,feature_178,False,,,False
1,feature_179,False,,,False
1,feature_180,True,0.24968452484854722,0.24968452484854722,False
1,feature_181,True,-0.02225187867328253,0.02225187867328253,False
1,feature_182,True,-0.21350388643495952,0.21350388643495952,False
1,feature_183,True,0.19438630056950015,0.19438630056950015,False
1,feature_184,True,0.023009374324708745,0.023009374324708745,False
1,feature_185,True,0.0426586488825073,0.0426586488825073,False
1,feature_186,False,,,False
1,feature_187,True,0.2605670180346874,0.2605670180346874,False
1,feature_188,True,0.22916999479231312,0.22916999479231312,False
1,feature_189,False,,,False
1,feature_190,False,,,False
1,feature_191,False,,,False
1,feature_192,False,,,False
1,feature_193,False,,,False
1,feature_194,False,,,False
1,feature_195,True,0.014352147845851097,0.014352147845851097,False
1,feature_196,True,-0.2280660685840049,0.2280660685840049,False
1,feature_197,True,0.5662216129383075,0.5662216129383075,False
1,feature_198,True,-0.10025239679103456,0.10025239679103456,False
1,feature_199,True,0.044792026699307194,0.044792026699307194,False
1,feature_200,True,0.08259376362222362,0.08259376362222362,False
1,feature_201,True,0.07734035762045474,0.07734035762045474,False
1,feature_202,True,0.14851007694299653,0.14851007694299653,False
1,feature_203,True,0.061548581566488555,0.061548581566488555,False
1,feature_204,True,-0.5847833811505575,0.5847833811505575,False
1,feature_205,True,0.8176986423312121,0.8176986423312121,True
1,feature_206,False,,,False
1,feature_207,True,-0.2784836674214256,0.2784836674214256,False
1,feature_208,True,-0.09329375085832606,0.09329375085832606,False
1,feature_209,False,,,False
1,feature_210,True,0.3176639870145699,0.3176639870145699,False
1,feature_211,True,0.1814997148776893,0.1814997148776893,False
1,feature_212,True,0.035404758162810857,0.035404758162810857,False
1,feature_213,True,-0.13995168612176642,0.13995168612176642,False
1,feature_214,True,-0.7179812577348675,0.7179812577348675,True
1,feature_215,True,-0.1792467751086629,0.1792467751086629,False
1,feature_216,True,0.6774788596439573,0.6774788596439573,True
1,feature_217,True,-0.06943663887578112,0.06943663887578112,False
1,feature_218,True,-0.3772617993188626,0.3772617993188626,False
1,feature_219,True,-0.29622409339533795,0.29622409339533795,False
1,feature_220,True,-0.17609892839309424,0.17609892839309424,False
1,feature_221,True,-0.49187843365003175,0.49187843365003175,False
1,feature_222,True,-0.0473838836789289,0.0473838836789289,False
1,feature_223,True,0.055910258231611346,0.055910258231611346,False
1,feature_224,True,-0.26366937308732596,0.26366937308732596,False
1,feature_225,True,0.05437607902944822,0.05437607902944822,False
1,feature_226,False,,,False
1,feature_227,True,0.1934503360774688,0.1934503360774688,False
1,feature_228,True,0.42985592347461266,0.42985592347461266,False
1,feature_229,False,,,False
1,feature_230,False,,,False
1,feature_231,False,,,False
1,feature_232,False,,,False
1,feature_233,False,,,False
1,feature_234,False,,,False
1,feature_235,False,,,False
1,feature_236,False,,,False
1,feature_237,False,,,False
1,feature_238,True,-0.22715624353764874,0.22715624353764874,False
1,feature_239,True,0.20604259540864361,0.20604259540864361,False
1,feature_240,False,,,False
1,feature_241,False,,,False
1,feature_242,False,,,False
1,feature_243,False,,,False
1,feature_244,True,-0.022471003430531957,0.022471003430531957,False
1,feature_245,True,-0.02624909096191181,0.02624909096191181,False
1,feature_246,True,0.08192249168237324,0.08192249168237324,False
1,feature_247,True,0.16521711450950818,0.16521711450950818,False
1,feature_248,True,-0.3674577747995298,0.3674577747995298,False
1,feature_249,True,0.5184507867742728,0.5184507867742728,False
1,feature_250,True,-0.022073238541675207,0.022073238541675207,False
1,feature_251,True,-0.2674391550682229,0.2674391550682229,False
1,feature_252,True,0.02179107644694595,0.02179107644694595,False
1,feature_253,True,-0.01855848389075242,0.01855848389075242,False
1,feature_254,True,-0.2387330502399331,0.2387330502399331,False
1,feature_255,True,0.01886023663253157,0.01886023663253157,False
1,feature_256,False,,,False
1,feature_257,False,,,False
1,feature_258,False,,,False
1,feature_259,False,,,False
1,feature_260,False,,,False
1,feature_261,False,,,False
1,feature_262,False,,,False
1,feature_263,False,,,False
1,feature_264,False,,,False
1,feature_265,False,,,False
1,feature_266,False,,,False
1,feature_267,True,-0.0937520881242385,0.0937520881242385,False
1,feature_268,True,-0.08079530569770688,0.08079530569770688,False
1,feature_269,True,0.41157827541732167,0.41157827541732167,False
1,feature_270,True,-0.20905603626317096,0.20905603626317096,False
1,feature_271,True,0.4102808137498994,0.4102808137498994,False
1,feature_272,True,-0.4946522948016713,0.4946522948016713,False
1,feature_273,True,-0.2727076309963118,0.2727076309963118,False
1,feature_274,True,0.10370405106917559,0.10370405106917559,False
1,feature_275,True,-0.0706355217189394,0.0706355217189394,False
1,feature_276,False,,,False
1,feature_277,True,0.6085401807675823,0.6085401807675823,False
1,feature_278,True,0.09399627478515557,0.09399627478515557,False
1,feature_279,True,-0.14642119412779217,0.14642119412779217,False
1,feature_280,True,0.11233579347080357,0.11233579347080357,False
1,feature_281,True,-0.1006681053941893,0.1006681053941893,False
1,feature_282,True,0.31891939065709624,0.31891939065709624,False
1,feature_283,True,0.008340569706258226,0.008340569706258226,False
1,feature_284,False,,,False
1,feature_285,True,0.07525725995706467,0.07525725995706467,False
1,feature_286,True,0.001171244371749797,0.001171244371749797,False
1,feature_287,True,0.05529980066984219,0.05529980066984219,False
1,feature_288,True,0.0065387694291364215,0.0065387694291364215,False
1,feature_289,True,-0.3550885817203437,0.3550885817203437,False
1,feature_290,True,0.112965233745226,0.112965233745226,False
1,feature_291,True,-0.008607524661161246,0.008607524661161246,False
1,feature_292,True,0.22716020341819637,0.22716020341819637,False
1,feature_293,True,0.23365275426963006,0.23365275426963006,False
1,feature_294,True,0.25081591442896223,0.25081591442896223,False
1,feature_295,True,-0.07610430554836747,0.07610430554836747,False
1,feature_296,True,0.20192504176727213,0.20192504176727213,False
1,feature_297,True,0.5940388561994426,0.5940388561994426,False
1,feature_298,True,0.06891492913980612,0.06891492913980612,False
1,feature_299,True,-0.8173455044058954,0.8173455044058954,True
1,feature_300,True,-0.28085738860709486,0.28085738860709486,False
1,feature_301,True,0.38133881105405387,0.38133881105405387,False
1,feature_302,True,0.542556207144158,0.542556207144158,False
1,feature_303,True,0.30723028860989204,0.30723028860989204,False
1,feature_304,True,0.034634669195456096,0.034634669195456096,False
1,feature_305,True,-0.385134471021772,0.385134471021772,False
1,feature_306,True,0.18078041319797314,0.18078041319797314,False
1,feature_307,True,-0.01933434828526161,0.01933434828526161,False
1,feature_308,True,-0.18773038450465063,0.18773038450465063,False
1,feature_309,True,-0.019222534567580284,0.019222534567580284,False
1,feature_310,True,0.41376260168496815,0.41376260168496815,False
1,feature_311,True,0.24358547935417077,0.24358547935417077,False
1,feature_312,True,-0.17275088325630683,0.17275088325630683,False
1,feature_313,False,,,False
1,feature_314,False,,,False
1,feature_315,False,,,False
1,feature_316,True,-0.3980633213518493,0.3980633213518493,False
1,feature_317,True,-0.44217459462770614,0.44217459462770614,False
1,feature_318,True,-0.08431014664420215,0.08431014664420215,False
1,feature_319,True,-0.21659825743862568,0.21659825743862568,False
1,feature_320,True,-0.33251058265534567,0.33251058265534567,False
1,feature_321,True,-0.24570575127148753,0.24570575127148753,False
1,feature_322,False,,,False
1,feature_323,True,0.2997412365042407,0.2997412365042407,False
1,feature_324,True,0.1586750919847231,0.1586750919847231,False
1,feature_325,False,,,False
1,feature_326,False,,,False
1,feature_327,False,,,False
1,feature_328,False,,,False
1,feature_329,False,,,False
1,feature_330,False,,,False
1,feature_331,True,0.3024116807568021,0.3024116807568021,False
1,feature_332,True,-0.47267174556083985,0.47267174556083985,False
1,feature_333,True,0.8099840517538326,0.8099840517538326,True
1,feature_334,True,0.040925616121927036,0.040925616121927036,False
1,feature_335,True,-0.36458058207321187,0.36458058207321187,False
1,feature_336,True,0.07613488005953294,0.07613488005953294,False
1,feature_337,True,-0.00965170498922487,0.00965170498922487,False
1,feature_338,True,-0.2399991192593776,0.2399991192593776,False
1,feature_339,True,-0.26280132718765636,0.26280132718765636,False
1,feature_340,True,-0.5562578968984333,0.5562578968984333,False
1,feature_341,True,0.4846154794712054,0.4846154794712054,False
1,feature_342,False,,,False
1,feature_343,True,-0.28410201165795795,0.28410201165795795,False
1,feature_344,True,-0.408209638749803,0.408209638749803,False
1,feature_345,True,0.13212400081551667,0.13212400081551667,False
1,feature_346,True,0.42514956064805826,0.42514956064805826,False
1,feature_347,False,,,False
1,feature_348,True,0.5631813015223978,0.5631813015223978,False
1,feature_349,True,0.4496364563622864,0.4496364563622864,False
1,feature_350,True,-0.0021972704964722863,0.0021972704964722863,False
1,feature_351,True,0.3662627658543698,0.3662627658543698,False
1,feature_352,True,-0.5301277662982377,0.5301277662982377,False
1,feature_353,True,0.2903142495810291,0.2903142495810291,False
1,feature_354,True,-0.32429656685414915,0.32429656685414915,False
1,feature_355,True,0.4859527118131187,0.4859527118131187,False
1,feature_356,True,-0.18063821412295877,0.18063821412295877,False
1,feature_357,True,0.2536626991246368,0.2536626991246368,False
1,feature_358,True,0.8438056619890365,0.8438056619890365,True
1,feature_359,True,0.4156386198196982,0.4156386198196982,False
1,feature_360,True,-0.13549023104116595,0.13549023104116595,False
1,feature_361,True,0.09050664740289285,0.09050664740289285,False
1,feature_362,True,-0.07497356799196996,0.07497356799196996,False
1,feature_363,True,-0.9402898752684089,0.9402898752684089,True
1,feature_364,False,,,False
1,feature_365,True,0.5370054228703216,0.5370054228703216,False
1,feature_366,True,-0.22035000765897397,0.22035000765897397,False
1,feature_367,True,-0.05897647699635179,0.05897647699635179,False
1,feature_368,True,-0.4888971007202589,0.4888971007202589,False
1,feature_369,False,,,False
1,feature_370,False,,,False
1,feature_371,False,,,False
1,feature_372,False,,,False
1,feature_373,False,,,False
1,feature_374,False,,,False
1,feature_375,False,,,False
1,feature_376,True,0.23000273356049825,0.23000273356049825,False
1,feature_377,True,0.10319828018204887,0.10319828018204887,False
1,feature_378,False,,,False
1,feature_379,False,,,False
1,feature_380,False,,,False
1,feature_381,False,,,False
1,feature_382,True,-0.03653186919538423,0.03653186919538423,False
1,feature_383,True,0.010473194615054101,0.010473194615054101,False
1,feature_384,True,-0.003065963863427369,0.003065963863427369,False
1,feature_385,True,0.05761217384130234,0.05761217384130234,False
1,feature_386,True,-0.3243565690767918,0.3243565690767918,False
1,feature_387,True,0.4936051654680383,0.4936051654680383,False
1,feature_388,True,0.3174937688840503,0.3174937688840503,False
1,feature_389,True,-0.2500383331438537,0.2500383331438537,False
1,feature_390,True,-0.01270387078781265,0.01270387078781265,False
1,feature_391,True,0.130902558319596,0.130902558319596,False
1,feature_392,True,0.04703769811360114,0.04703769811360114,False
1,feature_393,True,0.21052526996055707,0.21052526996055707,False
1,feature_394,False,,,False
1,feature_395,False,,,False
1,feature_396,False,,,False
1,feature_397,False,,,False
1,feature_398,False,,,False
1,feature_399,False,,,False
1,feature_400,False,,,False
1,feature_401,False,,,False
1,feature_402,False,,,False
1,feature_403,False,,,False
1,feature_404,False,,,False
1,feature_405,True,0.10229556005537475,0.10229556005537475,False
1,feature_406,True,0.4066651596075051,0.4066651596075051,False
1,feature_407,True,-0.764937480501201,0.764937480501201,True
1,feature_408,True,-0.0012143588619898606,0.0012143588619898606,False
1,feature_409,True,-0.09254435553699002,0.09254435553699002,False
1,feature_410,True,0.25596777453589836,0.25596777453589836,False
1,feature_411,True,0.2370394746364782,0.2370394746364782,False
1,feature_412,True,0.09969685490253517,0.09969685490253517,False
1,feature_413,True,0.49759370799484703,0.49759370799484703,False
1,feature_414,False,,,False
1,feature_415,True,-0.636834045244856,0.636834045244856,False
1,feature_416,True,-0.0957895601110011,0.0957895601110011,False
1,feature_417,True,-0.14310383852065806,0.14310383852065806,False
1,feature_418,True,-0.467809572557712,0.467809572557712,False
1,feature_419,True,0.38055268522658414,0.38055268522658414,False
1,feature_420,True,0.2521532426084847,0.2521532426084847,False
1,feature_421,True,0.0561277409268717,0.0561277409268717,False
1,feature_422,False,,,False
1,feature_423,True,-0.0542750646238047,0.0542750646238047,False
1,feature_424,True,-0.0906169454914345,0.0906169454914345,False
1,feature_425,True,-0.18730121691308693,0.18730121691308693,False
1,feature_426,True,-0.18056030939398413,0.18056030939398413,False
1,feature_427,True,-0.09364489933109978,0.09364489933109978,False
1,feature_428,True,-0.361599558994834,0.361599558994834,False
1,feature_429,True,0.04369370440047909,0.04369370440047909,False
1,feature_430,True,0.27673888977371114,0.27673888977371114,False
1,feature_431,True,0.2131662341952507,0.2131662341952507,False
1,feature_432,True,-0.20691644172467494,0.20691644172467494,False
1,feature_433,True,0.1208973332799469,0.1208973332799469,False
1,feature_434,True,0.12856095038503013,0.12856095038503013,False
1,feature_435,True,0.02389267797936944,0.02389267797936944,False
1,feature_436,True,-0.050789459475486125,0.050789459475486125,False
1,feature_437,True,0.023094175878937057,0.023094175878937057,False
1,feature_438,True,-0.6307731772579729,0.6307731772579729,False
1,feature_439,True,-0.0996244068558497,0.0996244068558497,False
1,feature_440,True,-0.36012308510211766,0.36012308510211766,False
1,feature_441,True,0.059138766823591586,0.059138766823591586,False
1,feature_442,True,-0.08092610097922552,0.08092610097922552,False
1,feature_443,True,0.22098744518271293,0.22098744518271293,False
1,feature_444,True,-0.05238890625673103,0.05238890625673103,False
1,feature_445,True,0.23383358854280514,0.23383358854280514,False
1,feature_446,True,-0.320808381652107,0.320808381652107,False
1,feature_447,True,-0.17685192912097486,0.17685192912097486,False
1,feature_448,True,-0.36117755526143447,0.36117755526143447,False
1,feature_449,False,,,False
1,feature_450,False,,,False
1,feature_451,False,,,False
1,feature_452,True,0.21856975470018142,0.21856975470018142,False
1,feature_453,True,0.0008293367668052513,0.0008293367668052513,False
1,feature_454,True,-0.31062981253400235,0.31062981253400235,False
1,feature_455,True,0.19098882003350992,0.19098882003350992,False
1,feature_456,True,0.1653198912996322,0.1653198912996322,False
1,feature_457,True,0.15691780774770914,0.15691780774770914,False
1,feature_458,False,,,False
1,feature_459,True,0.2674126716128205,0.2674126716128205,False
1,feature_460,True,0.31409328233674666,0.31409328233674666,False
1,feature_461,False,,,False
1,feature_462,False,,,False
1,feature_463,False,,,False
1,feature_464,False,,,False
1,feature_465,False,,,False
1,feature_466,False,,,False
1,feature_467,True,0.0007650445382734837,0.0007650445382734837,False
1,feature_468,True,-0.353530269827615,0.353530269827615,False
1,feature_469,True,0.451900359607352,0.451900359607352,False
1,feature_470,True,-0.16312357205056657,0.16312357205056657,False
1,feature_471,True,0.6617256494931099,0.6617256494931099,False
1,feature_472,True,0.30019614634927533,0.30019614634927533,False
1,feature_473,True,0.423289727141133,0.423289727141133,False
1,feature_474,True,0.3096118651122157,0.3096118651122157,False
1,feature_475,True,0.11942545874369599,0.11942545874369599,False
1,feature_476,True,-0.47161152793743044,0.47161152793743044,False
1,feature_477,True,0.4317485270974553,0.4317485270974553,False
1,feature_478,False,,,False
1,feature_479,True,-0.17969324138028145,0.17969324138028145,False
1,feature_480,True,-0.10131842602852194,0.10131842602852194,False
1,feature_481,False,,,False
1,feature_482,True,-0.1467135152556362,0.1467135152556362,False
1,feature_483,True,0.01915675598590019,0.01915675598590019,False
1,feature_484,True,0.004530843596702101,0.004530843596702101,False
1,feature_485,True,-0.10074394029566998,0.10074394029566998,False
1,feature_486,True,0.09772744090615333,0.09772744090615333,False
1,feature_487,True,-0.2147972089108531,0.2147972089108531,False
1,feature_488,True,-0.6168044458774835,0.6168044458774835,False
1,feature_489,True,0.2787983252441943,0.2787983252441943,False
1,feature_490,True,-0.1453074621957346,0.1453074621957346,False
1,feature_491,True,0.03714412101532416,0.03714412101532416,False
1,feature_492,True,-0.19316865829486546,0.19316865829486546,False
1,feature_493,True,-0.4949084234395755,0.4949084234395755,False
1,feature_494,True,-0.16482131278009732,0.16482131278009732,False
1,feature_495,True,0.029364172709865497,0.029364172709865497,False
1,feature_496,True,-0.05175947419768762,0.05175947419768762,False
1,feature_497,True,0.0332787101377667,0.0332787101377667,False
1,feature_498,False,,,False
1,feature_499,True,-0.33387884240325166,0.33387884240325166,False
1,feature_500,True,0.3813479731847724,0.3813479731847724,False
1,feature_501,False,,,False
1,feature_502,False,,,False
1,feature_503,False,,,False
1,feature_504,False,,,False
1,feature_505,False,,,False
1,feature_506,False,,,False
1,feature_507,False,,,False
1,feature_508,False,,,False
1,feature_509,False,,,False
1,feature_510,True,-0.16734244204331933,0.16734244204331933,False
1,feature_511,True,0.2695219357183477,0.2695219357183477,False
1,feature_512,False,,,False
1,feature_513,False,,,False
1,feature_514,False,,,False
1,feature_515,False,,,False
1,feature_516,True,-0.02745085316584432,0.02745085316584432,False
1,feature_517,True,-0.029008380256482332,0.029008380256482332,False
1,feature_518,True,0.0724486705686149,0.0724486705686149,False
1,feature_519,True,-0.06360516155187773,0.06360516155187773,False
1,feature_520,True,-0.37668612564873427,0.37668612564873427,False
1,feature_521,True,-0.3723396940653689,0.3723396940653689,False
1,feature_522,True,0.30578375298810445,0.30578375298810445,False
1,feature_523,True,-0.267873678326193,0.267873678326193,False
1,feature_524,True,0.2574206983449222,0.2574206983449222,False
1,feature_525,True,-0.15114235630923878,0.15114235630923878,False
1,feature_526,True,-0.241828337701202,0.241828337701202,False
1,feature_527,True,0.0035518455059251595,0.0035518455059251595,False
1,feature_528,False,,,False
1,feature_529,False,,,False
1,feature_530,False,,,False
1,feature_531,False,,,False
1,feature_532,False,,,False
1,feature_533,False,,,False
1,feature_534,False,,,False
1,feature_535,False,,,False
1,feature_536,False,,,False
1,feature_537,False,,,False
1,feature_538,False,,,False
1,feature_539,True,-0.11124494849272741,0.11124494849272741,False
1,feature_540,True,-0.06617847370668972,0.06617847370668972,False
1,feature_541,True,0.4834363599186065,0.4834363599186065,False
1,feature_542,True,0.8277863002485559,0.8277863002485559,True
1,feature_543,True,-0.16275942958799625,0.16275942958799625,False
1,feature_544,True,-0.036442341576973285,0.036442341576973285,False
1,feature_545,True,-0.2602324773701183,0.2602324773701183,False
1,feature_546,True,0.11601721549913076,0.11601721549913076,False
1,feature_547,True,0.5024878923548943,0.5024878923548943,False
1,feature_548,True,-0.47059020764198073,0.47059020764198073,False
1,feature_549,True,-0.20512310496667213,0.20512310496667213,False
1,feature_550,True,-0.16543236383388688,0.16543236383388688,False
1,feature_551,True,0.256343610930144,0.256343610930144,False
1,feature_552,True,-0.004597262206517111,0.004597262206517111,False
1,feature_553,True,-0.4394836141614973,0.4394836141614973,False
1,feature_554,True,0.3238226428741969,0.3238226428741969,False
1,feature_555,True,-0.11483425437269469,0.11483425437269469,False
1,feature_556,True,-0.1512305683063948,0.1512305683063948,False
1,feature_557,True,0.2908669944826869,0.2908669944826869,False
1,feature_558,True,-0.01904029616293546,0.01904029616293546,False
1,feature_559,True,0.09994299917124252,0.09994299917124252,False
1,feature_560,True,-0.28283366709905544,0.28283366709905544,False
1,feature_561,True,0.3221108328496025,0.3221108328496025,False
1,feature_562,True,-0.10235827174540549,0.10235827174540549,False
1,feature_563,True,-0.4839503720265681,0.4839503720265681,False
1,feature_564,True,0.19632870366761795,0.19632870366761795,False
1,feature_565,True,0.3252026131684728,0.3252026131684728,False
1,feature_566,True,-0.3456619653478052,0.3456619653478052,False
1,feature_567,True,0.5173689002705337,0.5173689002705337,False
1,feature_568,True,0.17531437278924977,0.17531437278924977,False
1,feature_569,True,-0.10787329055301496,0.10787329055301496,False
1,feature_570,True,-0.2278007718638639,0.2278007718638639,False
1,feature_571,True,-0.13264172633319993,0.13264172633319993,False
1,feature_572,True,0.1798241517990092,0.1798241517990092,False
1,feature_573,True,-0.397805277889952,0.397805277889952,False
1,feature_574,True,-0.40562447608264357,0.40562447608264357,False
1,feature_575,True,-0.032220307146426055,0.032220307146426055,False
1,feature_576,True,0.5368955501122968,0.5368955501122968,False
1,feature_577,True,-0.41467109733721147,0.41467109733721147,False
1,feature_578,True,-0.19025899875209284,0.19025899875209284,False
1,feature_579,True,0.3562566880337976,0.3562566880337976,False
1,feature_580,True,-0.05664225385961247,0.05664225385961247,False
1,feature_581,True,-0.44733723408354936,0.44733723408354936,False
1,feature_582,True,0.05096392752858668,0.05096392752858668,False
1,feature_583,True,0.15900451918076364,0.15900451918076364,False
1,feature_584,True,0.05004371042570437,0.05004371042570437,False
1,feature_585,True,0.105010131660542,0.105010131660542,False
1,feature_586,True,-0.0657705558765932,0.0657705558765932,False
1,feature_587,True,-0.022691223922998213,0.022691223922998213,False
1,feature_588,True,0.32609063861725907,0.32609063861725907,False
1,feature_589,True,0.22174083332742123,0.22174083332742123,False
2,feature_000,True,-0.7980535679795487,0.7980535679795487,True
2,feature_001,True,0.07431062897060296,0.07431062897060296,False
2,feature_002,True,-0.15736350714023165,0.15736350714023165,False
2,feature_003,True,0.055245326445376705,0.055245326445376705,False
2,feature_004,True,0.032597664385240026,0.032597664385240026,False
2,feature_005,False,,,False
2,feature_006,True,-0.01173998614308862,0.01173998614308862,False
2,feature_007,True,0.25348145041006104,0.25348145041006104,False
2,feature_008,True,-0.05846278604325993,0.05846278604325993,False
2,feature_009,True,-0.31778483370628685,0.31778483370628685,False
2,feature_010,True,-0.5971488209252267,0.5971488209252267,False
2,feature_011,True,-0.10593929538352101,0.10593929538352101,False
2,feature_012,True,0.25507400068968983,0.25507400068968983,False
2,feature_013,False,,,False
2,feature_014,True,-0.6857253871109651,0.6857253871109651,False
2,feature_015,True,-0.03746897608357475,0.03746897608357475,False
2,feature_016,True,0.7570137896182954,0.7570137896182954,True
2,feature_017,True,0.3536613348053386,0.3536613348053386,False
2,feature_018,True,-0.46878971884286097,0.46878971884286097,False
2,feature_019,True,-0.008118434537493597,0.008118434537493597,False
2,feature_020,True,0.20103201901533455,0.20103201901533455,False
2,feature_021,True,0.2830928605380073,0.2830928605380073,False
2,feature_022,True,-0.6534645548926226,0.6534645548926226,False
2,feature_023,True,0.08285601898782782,0.08285601898782782,False
2,feature_024,True,-0.06638343174610471,0.06638343174610471,False
2,feature_025,True,0.7098609506075799,0.7098609506075799,True
2,feature_026,True,-0.42496036816354826,0.42496036816354826,False
2,feature_027,True,0.24738005011664668,0.24738005011664668,False
2,feature_028,True,-0.13170735647804083,0.13170735647804083,False
2,feature_029,True,0.7414110740463403,0.7414110740463403,True
2,feature_030,True,-0.8644779096296985,0.8644779096296985,True
2,feature_031,True,-0.13747559800530476,0.13747559800530476,False
2,feature_032,True,0.06619542383228835,0.06619542383228835,False
2,feature_033,True,0.11110009235386309,0.11110009235386309,False
2,feature_034,True,-0.27545632010429594,0.27545632010429594,False
2,feature_035,True,-0.30734127444414266,0.30734127444414266,False
2,feature_036,True,0.2755115549602692,0.2755115549602692,False
2,feature_037,True,0.24220870501177835,0.24220870501177835,False
2,feature_038,True,-0.08018852703857439,0.08018852703857439,False
2,feature_039,True,-0.11927165138151433,0.11927165138151433,False
2,feature_040,True,-0.40413811799612753,0.40413811799612753,False
2,feature_041,True,-0.7679485609152911,0.7679485609152911,True
2,feature_042,False,,,False
2,feature_043,True,-0.1809999566144868,0.1809999566144868,False
2,feature_044,True,0.06447875663064782,0.06447875663064782,False
2,feature_045,True,0.34305655856410266,0.34305655856410266,False
2,feature_046,True,0.4064176429256366,0.4064176429256366,False
2,feature_047,True,0.30962793606790007,0.30962793606790007,False
2,feature_048,True,-0.10236589434362295,0.10236589434362295,False
2,feature_049,False,,,False
2,feature_050,True,0.12800806515756777,0.12800806515756777,False
2,feature_051,True,-0.07668281861327683,0.07668281861327683,False
2,feature_052,False,,,False
2,feature_053,True,-0.3151006979176919,0.3151006979176919,False
2,feature_054,True,-0.2005911287034916,0.2005911287034916,False
2,feature_055,True,-0.22049582656376168,0.22049582656376168,False
2,feature_056,True,0.5597299981043146,0.5597299981043146,False
2,feature_057,True,-0.2728452035901313,0.2728452035901313,False
2,feature_058,True,0.3627665816216861,0.3627665816216861,False
2,feature_059,True,1.7493805273002712,1.7493805273002712,True
2,feature_060,True,0.6314295242749597,0.6314295242749597,False
2,feature_061,True,0.5259192015728158,0.5259192015728158,False
2,feature_062,True,-0.42731750192633694,0.42731750192633694,False
2,feature_063,True,-0.19348698618288993,0.19348698618288993,False
2,feature_064,True,0.6805513230470744,0.6805513230470744,False
2,feature_065,True,-0.024736217970540122,0.024736217970540122,False
2,feature_066,True,0.2894399495318624,0.2894399495318624,False
2,feature_067,True,-0.594675923962518,0.594675923962518,False
2,feature_068,True,-0.6551173323970577,0.6551173323970577,False
2,feature_069,False,,,False
2,feature_070,True,-0.32933355849860974,0.32933355849860974,False
2,feature_071,True,0.4782503686153425,0.4782503686153425,False
2,feature_072,True,0.3928377736801742,0.3928377736801742,False
2,feature_073,True,0.09847622478377925,0.09847622478377925,False
2,feature_074,True,0.045862513373796154,0.045862513373796154,False
2,feature_075,True,0.7937849062060194,0.7937849062060194,True
2,feature_076,True,0.07269880691925437,0.07269880691925437,False
2,feature_077,True,0.18305845273421031,0.18305845273421031,False
2,feature_078,True,-0.8822746822970842,0.8822746822970842,True
2,feature_079,True,-0.25112451988286255,0.25112451988286255,False
2,feature_080,True,0.2387032609596035,0.2387032609596035,False
2,feature_081,True,0.13283430100372162,0.13283430100372162,False
2,feature_082,True,-0.11406620381318244,0.11406620381318244,False
2,feature_083,True,-0.15036453257139765,0.15036453257139765,False
2,feature_084,True,0.178534182773095,0.178534182773095,False
2,feature_085,True,-0.5859443520033613,0.5859443520033613,False
2,feature_086,True,0.42998591348924947,0.42998591348924947,False
2,feature_087,True,0.1651603715173771,0.1651603715173771,False
2,feature_088,True,-0.319628865938797,0.319628865938797,False
2,feature_089,True,-0.08037080503707165,0.08037080503707165,False
2,feature_090,True,-0.2752372313304854,0.2752372313304854,False
2,feature_091,True,-0.11483637335711618,0.11483637335711618,False
2,feature_092,True,0.0873823131874129,0.0873823131874129,False
2,feature_093,True,-0.3568348629331269,0.3568348629331269,False
2,feature_094,True,-0.5673469566832204,0.5673469566832204,False
2,feature_095,True,0.017882550527885982,0.017882550527885982,False
2,feature_096,True,-0.3061185621271263,0.3061185621271263,False
2,feature_097,False,,,False
2,feature_098,True,-0.04361867858809376,0.04361867858809376,False
2,feature_099,True,0.14457588947296673,0.14457588947296673,False
2,feature_100,True,0.8576172664770663,0.8576172664770663,True
2,feature_101,True,-0.4602718140141934,0.4602718140141934,False
2,feature_102,True,-0.23789689923339233,0.23789689923339233,False
2,feature_103,True,-0.08106485185085681,0.08106485185085681,False
2,feature_104,True,-0.46967587419943824,0.46967587419943824,False
2,feature_105,True,0.3360977628528546,0.3360977628528546,False
2,feature_106,True,-0.15560479924794526,0.15560479924794526,False
2,feature_107,True,0.8325363039324434,0.8325363039324434,True
2,feature_108,True,-0.5526126338184311,0.5526126338184311,False
2,feature_109,True,0.05622838317488786,0.05622838317488786,False
2,feature_110,True,0.09364564283455153,0.09364564283455153,False
2,feature_111,True,-0.3308441042795588,0.3308441042795588,False
2,feature_112,True,0.1273508350334368,0.1273508350334368,False
2,feature_113,True,0.6026559676155606,0.6026559676155606,False
2,feature_114,True,0.0051346865539483874,0.0051346865539483874,False
2,feature_115,True,-0.3125978074758201,0.3125978074758201,False
2,feature_116,True,-0.00754871042478652,0.00754871042478652,False
2,feature_117,True,-0.21003256530262443,0.21003256530262443,False
2,feature_118,True,-0.13128264216848068,0.13128264216848068,False
2,feature_119,True,-0.21128606864028573,0.21128606864028573,False
2,feature_120,True,-0.00854101627728393,0.00854101627728393,False
2,feature_121,True,0.15287837771717877,0.15287837771717877,False
2,feature_122,True,-0.5022420049129426,0.5022420049129426,False
2,feature_123,True,0.001132946439295607,0.001132946439295607,False
2,feature_124,True,-0.5648448919945392,0.5648448919945392,False
2,feature_125,True,-0.10956003147089892,0.10956003147089892,False
2,feature_126,True,0.10635484715619595,0.10635484715619595,False
2,feature_127,True,-0.4932836388748306,0.4932836388748306,False
2,feature_128,True,-0.317309863654146,0.317309863654146,False
2,feature_129,True,0.7090974424374679,0.7090974424374679,False
2,feature_130,True,-0.007908241775612192,0.007908241775612192,False
2,feature_131,True,0.20053865152944725,0.20053865152944725,False
2,feature_132,True,-0.941310889331828,0.941310889331828,True
2,feature_133,True,0.40327966751810085,0.40327966751810085,False
2,feature_134,True,-0.18753331630514408,0.18753331630514408,False
2,feature_135,True,0.008850624508468,0.008850624508468,False
2,feature_136,True,0.04247751802008464,0.04247751802008464,False
2,feature_137,True,-0.18759125257571083,0.18759125257571083,False
2,feature_138,True,0.15061001171663532,0.15061001171663532,False
2,feature_139,True,0.14666597742273302,0.14666597742273302,False
2,feature_140,True,0.053645118702369224,0.053645118702369224,False
2,feature_141,False,,,False
2,feature_142,True,-0.5952055051243398,0.5952055051243398,False
2,feature_143,True,-0.3153596880328184,0.3153596880328184,False
2,feature_144,True,0.13141286356119744,0.13141286356119744,False
2,feature_145,True,-0.16960938380082338,0.16960938380082338,False
2,feature_146,True,-0.5411895348810213,0.5411895348810213,False
2,feature_147,True,0.129066397486773,0.129066397486773,False
2,feature_148,True,-0.35618014688656097,0.35618014688656097,False
2,feature_149,False,,,False
2,feature_150,True,0.1946700038546699,0.1946700038546699,False
2,feature_151,True,-0.39983232007290015,0.39983232007290015,False
2,feature_152,True,-0.06522541507634343,0.06522541507634343,False
2,feature_153,True,-0.18969106908902467,0.18969106908902467,False
2,feature_154,True,-0.10200210772236223,0.10200210772236223,False
2,feature_155,True,-0.1973206074939848,0.1973206074939848,False
2,feature_156,True,0.054718013902364374,0.054718013902364374,False
2,feature_157,True,-0.4745031872138932,0.4745031872138932,False
2,feature_158,True,0.1856230407850117,0.1856230407850117,False
2,feature_159,True,-0.22464518314470697,0.22464518314470697,False
2,feature_160,True,0.18241280273264257,0.18241280273264257,False
2,feature_161,True,-0.32471798392693135,0.32471798392693135,False
2,feature_162,True,-0.559773880748717,0.559773880748717,False
2,feature_163,True,-0.16668402450282713,0.16668402450282713,False
2,feature_164,True,-0.316838827100375,0.316838827100375,False
2,feature_165,True,-0.32097172468949703,0.32097172468949703,False
2,feature_166,True,-0.20599594202496704,0.20599594202496704,False
2,feature_167,True,-0.11832126659689994,0.11832126659689994,False
2,feature_168,True,0.35323015803373353,0.35323015803373353,False
2,feature_169,True,-0.21613953939646033,0.21613953939646033,False
2,feature_170,True,0.2534921018241664,0.2534921018241664,False
2,feature_171,True,-0.023408836230346695,0.023408836230346695,False
2,feature_172,True,0.15998348363350334,0.15998348363350334,False
2,feature_173,True,-0.05994862569885,0.05994862569885,False
2,feature_174,True,0.16254448245810582,0.16254448245810582,False
2,feature_175,True,-0.2601487899629316,0.2601487899629316,False
2,feature_176,True,0.2296865056090453,0.2296865056090453,False
2,feature_177,True,-0.07222891300709866,0.07222891300709866,False
2,feature_178,False,,,False
2,feature_179,False,,,False
2,feature_180,True,0.18595974300521229,0.18595974300521229,False
2,feature_181,True,0.2604590904139303,0.2604590904139303,False
2,feature_182,True,-0.08704569361623929,0.08704569361623929,False
2,feature_183,True,0.1956661489713229,0.1956661489713229,False
2,feature_184,True,0.12817518630955207,0.12817518630955207,False
2,feature_185,True,-0.08977501838992147,0.08977501838992147,False
2,feature_186,False,,,False
2,feature_187,True,0.16669601709470266,0.16669601709470266,False
2,feature_188,True,0.6374068482256944,0.6374068482256944,False
2,feature_189,False,,,False
2,feature_190,False,,,False
2,feature_191,False,,,False
2,feature_192,False,,,False
2,feature_193,False,,,False
2,feature_194,False,,,False
2,feature_195,True,0.297557578288136,0.297557578288136,False
2,feature_196,True,0.03379536172275374,0.03379536172275374,False
2,feature_197,True,0.5469129636468438,0.5469129636468438,False
2,feature_198,True,0.08720160249010565,0.08720160249010565,False
2,feature_199,True,-0.07177106887737919,0.07177106887737919,False
2,feature_200,True,0.04721680427877115,0.04721680427877115,False
2,feature_201,True,0.46054824014570533,0.46054824014570533,False
2,feature_202,True,-0.060893743509593645,0.060893743509593645,False
2,feature_203,True,0.2914586216779074,0.2914586216779074,False
2,feature_204,True,-0.5125490743777771,0.5125490743777771,False
2,feature_205,True,0.900464617711648,0.900464617711648,True
2,feature_206,True,0.045862513373796154,0.045862513373796154,False
2,feature_207,True,-0.29025971329981387,0.29025971329981387,False
2,feature_208,True,0.19019917599673125,0.19019917599673125,False
2,feature_209,True,0.045862513373796154,0.045862513373796154,False
2,feature_210,True,-0.49584000345532164,0.49584000345532164,False
2,feature_211,True,-0.41806544160654024,0.41806544160654024,False
2,feature_212,True,-0.18944209505733764,0.18944209505733764,False
2,feature_213,True,0.3149900142446448,0.3149900142446448,False
2,feature_214,True,-0.5143330144966712,0.5143330144966712,False
2,feature_215,True,-0.2923859442760176,0.2923859442760176,False
2,feature_216,True,1.148560987531275,1.148560987531275,True
2,feature_217,True,0.39501422966999283,0.39501422966999283,False
2,feature_218,True,-0.1360946033298424,0.1360946033298424,False
2,feature_219,True,-0.047655852109957396,0.047655852109957396,False
2,feature_220,True,0.018602719967932283,0.018602719967932283,False
2,feature_221,True,-0.34144519299051135,0.34144519299051135,False
2,feature_222,True,-0.01820636306035566,0.01820636306035566,False
2,feature_223,True,-0.0920376615550709,0.0920376615550709,False
2,feature_224,True,-0.021613174970280334,0.021613174970280334,False
2,feature_225,True,-0.16109811162306126,0.16109811162306126,False
2,feature_226,False,,,False
2,feature_227,True,-0.37797121850453713,0.37797121850453713,False
2,feature_228,True,0.021317568400627915,0.021317568400627915,False
2,feature_229,False,,,False
2,feature_230,False,,,False
2,feature_231,False,,,False
2,feature_232,False,,,False
2,feature_233,False,,,False
2,feature_234,False,,,False
2,feature_235,False,,,False
2,feature_236,False,,,False
2,feature_237,False,,,False
2,feature_238,True,0.27752470015247704,0.27752470015247704,False
2,feature_239,True,0.35372051402079097,0.35372051402079097,False
2,feature_240,False,,,False
2,feature_241,False,,,False
2,feature_242,False,,,False
2,feature_243,False,,,False
2,feature_244,True,-0.09772234791183781,0.09772234791183781,False
2,feature_245,True,0.24315251704297702,0.24315251704297702,False
2,feature_246,True,-0.06504050807913395,0.06504050807913395,False
2,feature_247,True,0.07321381880932032,0.07321381880932032,False
2,feature_248,True,-0.4575429348854603,0.4575429348854603,False
2,feature_249,True,0.6932805094585035,0.6932805094585035,False
2,feature_250,True,-0.06851041920291168,0.06851041920291168,False
2,feature_251,True,-0.40919168845046117,0.40919168845046117,False
2,feature_252,True,0.11327495303949772,0.11327495303949772,False
2,feature_253,True,-0.2845857104617495,0.2845857104617495,False
2,feature_254,True,0.1441483614158786,0.1441483614158786,False
2,feature_255,True,0.10041224802567889,0.10041224802567889,False
2,feature_256,False,,,False
2,feature_257,False,,,False
2,feature_258,False,,,False
2,feature_259,False,,,False
2,feature_260,False,,,False
2,feature_261,False,,,False
2,feature_262,False,,,False
2,feature_263,False,,,False
2,feature_264,False,,,False
2,feature_265,False,,,False
2,feature_266,False,,,False
2,feature_267,True,-0.013638789155308417,0.013638789155308417,False
2,feature_268,True,-0.1135467935342597,0.1135467935342597,False
2,feature_269,True,0.3462761000086995,0.3462761000086995,False
2,feature_270,True,-0.6598804138797945,0.6598804138797945,False
2,feature_271,True,0.1393324064732675,0.1393324064732675,False
2,feature_272,True,0.30791759373845556,0.30791759373845556,False
2,feature_273,True,0.14261228849848462,0.14261228849848462,False
2,feature_274,True,0.2379536055676249,0.2379536055676249,False
2,feature_275,True,0.05375843493780204,0.05375843493780204,False
2,feature_276,False,,,False
2,feature_277,True,0.5961135904826276,0.5961135904826276,False
2,feature_278,True,-0.15170745525841448,0.15170745525841448,False
2,feature_279,True,0.069723891513203,0.069723891513203,False
2,feature_280,True,-0.5646199977241025,0.5646199977241025,False
2,feature_281,True,-0.2611500824116962,0.2611500824116962,False
2,feature_282,True,0.1914866206792979,0.1914866206792979,False
2,feature_283,True,-0.3874587065605952,0.3874587065605952,False
2,feature_284,False,,,False
2,feature_285,True,0.016167715811322644,0.016167715811322644,False
2,feature_286,True,-0.3379372902598143,0.3379372902598143,False
2,feature_287,True,-0.07746015726643972,0.07746015726643972,False
2,feature_288,True,0.0003108373877204682,0.0003108373877204682,False
2,feature_289,True,-0.26216665725610294,0.26216665725610294,False
2,feature_290,True,0.09821977058676418,0.09821977058676418,False
2,feature_291,True,0.027715086361328793,0.027715086361328793,False
2,feature_292,True,0.053867621210253284,0.053867621210253284,False
2,feature_293,True,0.2281335231079214,0.2281335231079214,False
2,feature_294,True,-0.14176424572250676,0.14176424572250676,False
2,feature_295,True,0.3272883680364917,0.3272883680364917,False
2,feature_296,True,-0.04694565461571576,0.04694565461571576,False
2,feature_297,True,0.28898442139291514,0.28898442139291514,False
2,feature_298,True,-0.11166841545485465,0.11166841545485465,False
2,feature_299,True,-0.2453563760006041,0.2453563760006041,False
2,feature_300,True,-0.1854873682496202,0.1854873682496202,False
2,feature_301,True,0.28237882827560423,0.28237882827560423,False
2,feature_302,True,0.6174655096071745,0.6174655096071745,False
2,feature_303,True,-0.07639466474086935,0.07639466474086935,False
2,feature_304,True,0.07479289243903879,0.07479289243903879,False
2,feature_305,True,-0.36535271638038963,0.36535271638038963,False
2,feature_306,True,0.10607655197515567,0.10607655197515567,False
2,feature_307,True,0.08738309202170245,0.08738309202170245,False
2,feature_308,True,-0.17120035438766207,0.17120035438766207,False
2,feature_309,True,0.086990246182926,0.086990246182926,False
2,feature_310,True,0.6952802403343781,0.6952802403343781,False
2,feature_311,True,-0.10355003284379909,0.10355003284379909,False
2,feature_312,True,-0.0022178203030618895,0.0022178203030618895,False
2,feature_313,False,,,False
2,feature_314,False,,,False
2,feature_315,False,,,False
2,feature_316,True,-0.8265566307360221,0.8265566307360221,True
2,feature_317,True,-0.5948223461767121,0.5948223461767121,False
2,feature_318,True,-0.18532321303506177,0.18532321303506177,False
2,feature_319,True,0.07842575856471465,0.07842575856471465,False
2,feature_320,True,-0.16345282545470563,0.16345282545470563,False
2,feature_321,True,0.00043091569221861297,0.00043091569221861297,False
2,feature_322,False,,,False
2,feature_323,True,0.14363288994250958,0.14363288994250958,False
2,feature_324,True,-0.40956696439779755,0.40956696439779755,False
2,feature_325,False,,,False
2,feature_326,False,,,False
2,feature_327,False,,,False
2,feature_328,False,,,False
2,feature_329,False,,,False
2,feature_330,False,,,False
2,feature_331,True,-0.037836667540073296,0.037836667540073296,False
2,feature_332,True,-0.46337665040403686,0.46337665040403686,False
2,feature_333,True,0.36246501160170613,0.36246501160170613,False
2,feature_334,True,-0.26242960951935607,0.26242960951935607,False
2,feature_335,True,-0.34749938504406486,0.34749938504406486,False
2,feature_336,True,-0.008888544567921224,0.008888544567921224,False
2,feature_337,True,-0.01440480493927493,0.01440480493927493,False
2,feature_338,True,-0.28942376818926446,0.28942376818926446,False
2,feature_339,True,-0.1418657165374019,0.1418657165374019,False
2,feature_340,True,-0.5449666212656836,0.5449666212656836,False
2,feature_341,True,0.5055818053556057,0.5055818053556057,False
2,feature_342,True,0.04586251337379619,0.04586251337379619,False
2,feature_343,True,-0.5135159995846231,0.5135159995846231,False
2,feature_344,True,-0.6110596544791762,0.6110596544791762,False
2,feature_345,True,0.011358793011519543,0.011358793011519543,False
2,feature_346,True,0.09073043756277589,0.09073043756277589,False
2,feature_347,True,0.045862513373796154,0.045862513373796154,False
2,feature_348,True,0.7566966853030072,0.7566966853030072,True
2,feature_349,True,-0.14080148448661076,0.14080148448661076,False
2,feature_350,True,-0.035719570280826986,0.035719570280826986,False
2,feature_351,True,0.36019823880462726,0.36019823880462726,False
2,feature_352,True,-0.1020333570318775,0.1020333570318775,False
2,feature_353,True,0.13432073087326435,0.13432073087326435,False
2,feature_354,True,-0.6302199792212949,0.6302199792212949,False
2,feature_355,True,0.2281470082890229,0.2281470082890229,False
2,feature_356,True,-0.14765582200746266,0.14765582200746266,False
2,feature_357,True,0.18848752269685448,0.18848752269685448,False
2,feature_358,True,-0.06727473799020559,0.06727473799020559,False
2,feature_359,True,-0.10363430210216386,0.10363430210216386,False
2,feature_360,True,0.07251111289504474,0.07251111289504474,False
2,feature_361,True,0.3400801357625352,0.3400801357625352,False
2,feature_362,True,-0.15043298674800532,0.15043298674800532,False
2,feature_363,True,-0.43893068038955707,0.43893068038955707,False
2,feature_364,False,,,False
2,feature_365,True,0.8307486497645298,0.8307486497645298,True
2,feature_366,True,-0.39969824834371065,0.39969824834371065,False
2,feature_367,True,-0.10762105256793707,0.10762105256793707,False
2,feature_368,True,-0.4567054136287824,0.4567054136287824,False
2,feature_369,False,,,False
2,feature_370,False,,,False
2,feature_371,False,,,False
2,feature_372,False,,,False
2,feature_373,False,,,False
2,feature_374,False,,,False
2,feature_375,False,,,False
2,feature_376,True,-0.3296253705660931,0.3296253705660931,False
2,feature_377,True,-0.17790994216889286,0.17790994216889286,False
2,feature_378,False,,,False
2,feature_379,False,,,False
2,feature_380,False,,,False
2,feature_381,False,,,False
2,feature_382,True,-0.10380473808448536,0.10380473808448536,False
2,feature_383,True,0.2428614852473454,0.2428614852473454,False
2,feature_384,True,-0.22726324403993053,0.22726324403993053,False
2,feature_385,True,0.09898953401695497,0.09898953401695497,False
2,feature_386,True,-0.3905428157249174,0.3905428157249174,False
2,feature_387,True,0.672732699990073,0.672732699990073,False
2,feature_388,True,0.4854051246738813,0.4854051246738813,False
2,feature_389,True,-0.37771154604121393,0.37771154604121393,False
2,feature_390,True,0.08935136876825732,0.08935136876825732,False
2,feature_391,True,0.13053349682253118,0.13053349682253118,False
2,feature_392,True,0.04092769838927135,0.04092769838927135,False
2,feature_393,True,-0.36874023673791445,0.36874023673791445,False
2,feature_394,False,,,False
2,feature_395,False,,,False
2,feature_396,False,,,False
2,feature_397,False,,,False
2,feature_398,False,,,False
2,feature_399,False,,,False
2,feature_400,False,,,False
2,feature_401,False,,,False
2,feature_402,False,,,False
2,feature_403,False,,,False
2,feature_404,False,,,False
2,feature_405,True,-0.5124045711378785,0.5124045711378785,False
2,feature_406,True,0.14641925896882452,0.14641925896882452,False
2,feature_407,True,-0.5563476038636487,0.5563476038636487,False
2,feature_408,True,0.07212804488513391,0.07212804488513391,False
2,feature_409,True,0.0321083642073715,0.0321083642073715,False
2,feature_410,True,-0.16432238971110957,0.16432238971110957,False
2,feature_411,True,0.05793861242333827,0.05793861242333827,False
2,feature_412,True,-0.09754872026575612,0.09754872026575612,False
2,feature_413,True,0.0022700796324357387,0.0022700796324357387,False
2,feature_414,False,,,False
2,feature_415,True,-0.5628122588728153,0.5628122588728153,False
2,feature_416,True,-0.26604833741794065,0.26604833741794065,False
2,feature_417,True,-0.1346810171880335,0.1346810171880335,False
2,feature_418,True,-0.12857046747076706,0.12857046747076706,False
2,feature_419,True,0.10173127428541663,0.10173127428541663,False
2,feature_420,True,0.10349007317295737,0.10349007317295737,False
2,feature_421,True,-0.4333275892753838,0.4333275892753838,False
2,feature_422,False,,,False
2,feature_423,True,0.5145172760403786,0.5145172760403786,False
2,feature_424,True,-0.3083453725041104,0.3083453725041104,False
2,feature_425,True,0.5407643781772962,0.5407643781772962,False
2,feature_426,True,-0.14992005894850466,0.14992005894850466,False
2,feature_427,True,-0.10285976266736852,0.10285976266736852,False
2,feature_428,True,-0.2158533434263806,0.2158533434263806,False
2,feature_429,True,0.06924612064809758,0.06924612064809758,False
2,feature_430,True,0.15967374982199245,0.15967374982199245,False
2,feature_431,True,0.4027445823082915,0.4027445823082915,False
2,feature_432,True,0.08853032212700415,0.08853032212700415,False
2,feature_433,True,0.48202284591880384,0.48202284591880384,False
2,feature_434,True,0.1874709925257639,0.1874709925257639,False
2,feature_435,True,0.23882535497259938,0.23882535497259938,False
2,feature_436,True,0.018639866586669676,0.018639866586669676,False
2,feature_437,True,-0.09883582714308183,0.09883582714308183,False
2,feature_438,True,-0.5754687060821162,0.5754687060821162,False
2,feature_439,True,-0.13432821924964844,0.13432821924964844,False
2,feature_440,True,-0.3290900788900486,0.3290900788900486,False
2,feature_441,True,0.23627818802492906,0.23627818802492906,False
2,feature_442,True,-0.0951803917451761,0.0951803917451761,False
2,feature_443,True,0.16769271619348858,0.16769271619348858,False
2,feature_444,True,0.005994539688645971,0.005994539688645971,False
2,feature_445,True,0.13162446776412842,0.13162446776412842,False
2,feature_446,True,-0.2687712888192115,0.2687712888192115,False
2,feature_447,True,0.22426722612199013,0.22426722612199013,False
2,feature_448,True,-0.09678092117985422,0.09678092117985422,False
2,feature_449,False,,,False
2,feature_450,False,,,False
2,feature_451,False,,,False
2,feature_452,True,0.11450884140097616,0.11450884140097616,False
2,feature_453,True,0.22577945969600977,0.22577945969600977,False
2,feature_454,True,-0.1549447798072784,0.1549447798072784,False
2,feature_455,True,0.2345038890551187,0.2345038890551187,False
2,feature_456,True,-0.014505411073427706,0.014505411073427706,False
2,feature_457,True,-0.07966910694317457,0.07966910694317457,False
2,feature_458,False,,,False
2,feature_459,True,0.19081454436877143,0.19081454436877143,False
2,feature_460,True,0.47368406043805006,0.47368406043805006,False
2,feature_461,False,,,False
2,feature_462,False,,,False
2,feature_463,False,,,False
2,feature_464,False,,,False
2,feature_465,False,,,False
2,feature_466,False,,,False
2,feature_467,True,0.292116496980301,0.292116496980301,False
2,feature_468,True,-0.18517578697845016,0.18517578697845016,False
2,feature_469,True,0.4106367973563595,0.4106367973563595,False
2,feature_470,True,0.03229153651849253,0.03229153651849253,False
2,feature_471,True,0.17789243747071354,0.17789243747071354,False
2,feature_472,True,-0.11485848655146401,0.11485848655146401,False
2,feature_473,True,0.31833845157674856,0.31833845157674856,False
2,feature_474,True,-0.037841665536136805,0.037841665536136805,False
2,feature_475,True,0.34893678825496854,0.34893678825496854,False
2,feature_476,True,-0.3077269598769006,0.3077269598769006,False
2,feature_477,True,0.631923325487225,0.631923325487225,False
2,feature_478,True,0.045862513373796154,0.045862513373796154,False
2,feature_479,True,-0.20924030394265866,0.20924030394265866,False
2,feature_480,True,-0.18413193954995882,0.18413193954995882,False
2,feature_481,False,,,False
2,feature_482,True,-0.14044387813634068,0.14044387813634068,False
2,feature_483,True,0.39453495800021166,0.39453495800021166,False
2,feature_484,True,-0.2618737157270865,0.2618737157270865,False
2,feature_485,True,-0.439681305902202,0.439681305902202,False
2,feature_486,True,0.5389174598436657,0.5389174598436657,False
2,feature_487,True,-0.1525387922565332,0.1525387922565332,False
2,feature_488,True,-0.8041011680536727,0.8041011680536727,True
2,feature_489,True,0.014721223395816423,0.014721223395816423,False
2,feature_490,True,-0.1144542428700095,0.1144542428700095,False
2,feature_491,True,0.36680279520689896,0.36680279520689896,False
2,feature_492,True,0.25418874663960567,0.25418874663960567,False
2,feature_493,True,-0.36567916168640585,0.36567916168640585,False
2,feature_494,True,-0.004227651748166116,0.004227651748166116,False
2,feature_495,True,-0.10815282592894995,0.10815282592894995,False
2,feature_496,True,-0.13297094838399398,0.13297094838399398,False
2,feature_497,True,-0.19815923160182988,0.19815923160182988,False
2,feature_498,False,,,False
2,feature_499,True,-0.6247059850221476,0.6247059850221476,False
2,feature_500,True,0.7444130057221009,0.7444130057221009,True
2,feature_501,False,,,False
2,feature_502,False,,,False
2,feature_503,False,,,False
2,feature_504,False,,,False
2,feature_505,False,,,False
2,feature_506,False,,,False
2,feature_507,False,,,False
2,feature_508,False,,,False
2,feature_509,False,,,False
2,feature_510,True,0.32914237360650644,0.32914237360650644,False
2,feature_511,True,0.5046362337662382,0.5046362337662382,False
2,feature_512,False,,,False
2,feature_513,False,,,False
2,feature_514,False,,,False
2,feature_515,False,,,False
2,feature_516,True,-0.10387599605560902,0.10387599605560902,False
2,feature_517,True,0.1974349519227488,0.1974349519227488,False
2,feature_518,True,-0.06894056544149858,0.06894056544149858,False
2,feature_519,True,0.1232920804839215,0.1232920804839215,False
2,feature_520,True,-0.46125725661712924,0.46125725661712924,False
2,feature_521,True,-0.1777415222018984,0.1777415222018984,False
2,feature_522,True,0.001820045831867798,0.001820045831867798,False
2,feature_523,True,-0.39032392173531527,0.39032392173531527,False
2,feature_524,True,0.2629488920699184,0.2629488920699184,False
2,feature_525,True,-0.23566372202419528,0.23566372202419528,False
2,feature_526,True,0.09895440276500517,0.09895440276500517,False
2,feature_527,True,0.10909432523082647,0.10909432523082647,False
2,feature_528,False,,,False
2,feature_529,False,,,False
2,feature_530,False,,,False
2,feature_531,False,,,False
2,feature_532,False,,,False
2,feature_533,False,,,False
2,feature_534,False,,,False
2,feature_535,False,,,False
2,feature_536,False,,,False
2,feature_537,False,,,False
2,feature_538,False,,,False
2,feature_539,True,0.022459040301254438,0.022459040301254438,False
2,feature_540,True,-0.12274530362370276,0.12274530362370276,False
2,feature_541,True,0.33130107187834695,0.33130107187834695,False
2,feature_542,True,0.2921921548801557,0.2921921548801557,False
2,feature_543,True,-0.3568612937790363,0.3568612937790363,False
2,feature_544,True,-0.25158006215626194,0.25158006215626194,False
2,feature_545,True,-0.21660504659237373,0.21660504659237373,False
2,feature_546,True,0.17694805142084374,0.17694805142084374,False
2,feature_547,True,0.23190410923105642,0.23190410923105642,False
2,feature_548,True,-0.30168675750888874,0.30168675750888874,False
2,feature_549,True,-0.27812459916177346,0.27812459916177346,False
2,feature_550,True,-0.16858965904631149,0.16858965904631149,False
2,feature_551,True,0.2349253779787947,0.2349253779787947,False
2,feature_552,True,0.03499614472545074,0.03499614472545074,False
2,feature_553,True,0.1517425763745948,0.1517425763745948,False
2,feature_554,True,0.003567065151014447,0.003567065151014447,False
2,feature_555,True,0.15459258939502807,0.15459258939502807,False
2,feature_556,True,-0.2462674635805977,0.2462674635805977,False
2,feature_557,True,0.21436955408202785,0.21436955408202785,False
2,feature_558,True,0.02781727480044859,0.02781727480044859,False
2,feature_559,True,-0.055401968764833436,0.055401968764833436,False
2,feature_560,True,-0.1522203734340005,0.1522203734340005,False
2,feature_561,True,-0.023274356585076095,0.023274356585076095,False
2,feature_562,True,-0.3864863731411994,0.3864863731411994,False
2,feature_563,True,-0.6148980023531654,0.6148980023531654,False
2,feature_564,True,0.10623236783842274,0.10623236783842274,False
2,feature_565,True,0.1589347777966851,0.1589347777966851,False
2,feature_566,True,-0.46349808229625017,0.46349808229625017,False
2,feature_567,True,0.6946829771156752,0.6946829771156752,False
2,feature_568,True,0.024261873334752652,0.024261873334752652,False
2,feature_569,True,-0.1765876553047637,0.1765876553047637,False
2,feature_570,True,0.07308529921791425,0.07308529921791425,False
2,feature_571,True,-0.3072953988155005,0.3072953988155005,False
2,feature_572,True,0.2378383055619288,0.2378383055619288,False
2,feature_573,True,-0.3910888159189129,0.3910888159189129,False
2,feature_574,True,-0.12764257874301077,0.12764257874301077,False
2,feature_575,True,0.4061827904634643,0.4061827904634643,False
2,feature_576,True,0.34018326751003036,0.34018326751003036,False
2,feature_577,True,-0.7661049642769269,0.7661049642769269,True
2,feature_578,True,-0.6955610153155417,0.6955610153155417,False
2,feature_579,True,-0.0747754707538248,0.0747754707538248,False
2,feature_580,True,-0.036800053811036314,0.036800053811036314,False
2,feature_581,True,-0.2534432897504101,0.2534432897504101,False
2,feature_582,True,0.297645654173486,0.297645654173486,False
2,feature_583,True,0.07329052976844191,0.07329052976844191,False
2,feature_584,True,0.2067306082194057,0.2067306082194057,False
2,feature_585,True,0.04488007300542393,0.04488007300542393,False
2,feature_586,True,0.051676185667848686,0.051676185667848686,False
2,feature_587,True,0.34025626008318477,0.34025626008318477,False
2,feature_588,True,0.22404163639232205,0.22404163639232205,False
2,feature_589,True,-0.4388604180870165,0.4388604180870165,False
3,feature_000,True,-0.05464987226439236,0.05464987226439236,False
3,feature_001,True,-0.07745510874543331,0.07745510874543331,False
3,feature_002,True,0.006855616270573192,0.006855616270573192,False
3,feature_003,True,-0.38232763431885236,0.38232763431885236,False
3,feature_004,True,0.06093086646985038,0.06093086646985038,False
3,feature_005,False,,,False
3,feature_006,True,-0.7172415828836637,0.7172415828836637,True
3,feature_007,True,0.12224901348668583,0.12224901348668583,False
3,feature_008,True,-0.4272032965767542,0.4272032965767542,False
3,feature_009,True,-0.17178319042788867,0.17178319042788867,False
3,feature_010,True,0.1959012158704439,0.1959012158704439,False
3,feature_011,True,0.16241983484223,0.16241983484223,False
3,feature_012,True,0.06702724661136661,0.06702724661136661,False
3,feature_013,False,,,False
3,feature_014,True,-0.6271813427268307,0.6271813427268307,False
3,feature_015,True,0.004113706872884282,0.004113706872884282,False
3,feature_016,True,0.25054806175302896,0.25054806175302896,False
3,feature_017,True,-0.15524368049654325,0.15524368049654325,False
3,feature_018,True,0.022788657578160076,0.022788657578160076,False
3,feature_019,True,0.02099654863391696,0.02099654863391696,False
3,feature_020,True,0.2602146178412808,0.2602146178412808,False
3,feature_021,True,1.0323334249123672,1.0323334249123672,True
3,feature_022,True,-0.8232445222884329,0.8232445222884329,True
3,feature_023,True,0.37557855837397597,0.37557855837397597,False
3,feature_024,True,-0.2740348210241132,0.2740348210241132,False
3,feature_025,True,0.38442227496874914,0.38442227496874914,False
3,feature_026,True,-0.9093441612372573,0.9093441612372573,True
3,feature_027,True,0.009520818830068363,0.009520818830068363,False
3,feature_028,True,-0.3605263652509569,0.3605263652509569,False
3,feature_029,True,0.17632902293196326,0.17632902293196326,False
3,feature_030,True,-0.34881826001903204,0.34881826001903204,False
3,feature_031,True,0.3275122477303002,0.3275122477303002,False
3,feature_032,True,-0.23008489991584966,0.23008489991584966,False
3,feature_033,True,0.020162044926165777,0.020162044926165777,False
3,feature_034,True,-0.12814911580146524,0.12814911580146524,False
3,feature_035,True,-0.06924762536492324,0.06924762536492324,False
3,feature_036,True,0.12811733810837891,0.12811733810837891,False
3,feature_037,True,0.3499841610562548,0.3499841610562548,False
3,feature_038,True,-0.36742110219688495,0.36742110219688495,False
3,feature_039,True,0.021948304674436772,0.021948304674436772,False
3,feature_040,True,-0.8251874373298096,0.8251874373298096,True
3,feature_041,True,-0.8437175742155634,0.8437175742155634,True
3,feature_042,False,,,False
3,feature_043,True,0.14887256010399758,0.14887256010399758,False
3,feature_044,True,0.25109670951401225,0.25109670951401225,False
3,feature_045,True,0.153469970394075,0.153469970394075,False
3,feature_046,True,0.3779358665426223,0.3779358665426223,False
3,feature_047,True,0.04530594773347563,0.04530594773347563,False
3,feature_048,True,-0.006556904297181056,0.006556904297181056,False
3,feature_049,False,,,False
3,feature_050,True,0.24462241075624325,0.24462241075624325,False
3,feature_051,True,-0.29280588973614413,0.29280588973614413,False
3,feature_052,False,,,False
3,feature_053,True,-0.3572666847446033,0.3572666847446033,False
3,feature_054,True,-0.26621020614308927,0.26621020614308927,False
3,feature_055,True,0.2400273312096777,0.2400273312096777,False
3,feature_056,True,1.219549670888254,1.219549670888254,True
3,feature_057,True,-0.20538540037768854,0.20538540037768854,False
3,feature_058,True,0.027332727900340883,0.027332727900340883,False
3,feature_059,True,0.76585039848693,0.76585039848693,True
3,feature_060,True,0.5224882787026254,0.5224882787026254,False
3,feature_061,True,0.4371331418043691,0.4371331418043691,False
3,feature_062,True,-0.32790969296739925,0.32790969296739925,False
3,feature_063,True,0.2376478686568118,0.2376478686568118,False
3,feature_064,True,0.598584455945507,0.598584455945507,False
3,feature_065,True,-0.1908544525013451,0.1908544525013451,False
3,feature_066,True,0.4155262114603994,0.4155262114603994,False
3,feature_067,True,-0.5453031066563736,0.5453031066563736,False
3,feature_068,True,-0.5397822823670614,0.5397822823670614,False
3,feature_069,False,,,False
3,feature_070,True,-0.21472645416735328,0.21472645416735328,False
3,feature_071,True,0.5741929057854984,0.5741929057854984,False
3,feature_072,True,-0.21130172793449256,0.21130172793449256,False
3,feature_073,True,-0.1895611746132294,0.1895611746132294,False
3,feature_074,True,-0.023452229920389103,0.023452229920389103,False
3,feature_075,True,0.5804857706971516,0.5804857706971516,False
3,feature_076,True,0.10914841826453747,0.10914841826453747,False
3,feature_077,True,0.05491772447454804,0.05491772447454804,False
3,feature_078,True,-0.9472677125228219,0.9472677125228219,True
3,feature_079,True,0.09075404094352234,0.09075404094352234,False
3,feature_080,True,-0.3872375174015306,0.3872375174015306,False
3,feature_081,True,0.1242312565585618,0.1242312565585618,False
3,feature_082,True,0.35844253661970965,0.35844253661970965,False
3,feature_083,True,0.21132397011680612,0.21132397011680612,False
3,feature_084,True,0.18571503400102404,0.18571503400102404,False
3,feature_085,True,-0.08432326650256908,0.08432326650256908,False
3,feature_086,True,0.38409356700911357,0.38409356700911357,False
3,feature_087,True,0.28470584965694296,0.28470584965694296,False
3,feature_088,True,0.14617166001484866,0.14617166001484866,False
3,feature_089,True,0.3049926424907893,0.3049926424907893,False
3,feature_090,True,-0.7166250395405344,0.7166250395405344,True
3,feature_091,True,-0.1397486424646979,0.1397486424646979,False
3,feature_092,True,-0.04365005269589713,0.04365005269589713,False
3,feature_093,True,-0.1889734996292918,0.1889734996292918,False
3,feature_094,True,-0.200391977490034,0.200391977490034,False
3,feature_095,True,0.07437727147902122,0.07437727147902122,False
3,feature_096,True,-0.16096064300943796,0.16096064300943796,False
3,feature_097,False,,,False
3,feature_098,True,-0.29194261848958036,0.29194261848958036,False
3,feature_099,True,0.15217576395339547,0.15217576395339547,False
3,feature_100,True,0.16309480375592939,0.16309480375592939,False
3,feature_101,True,-0.15014443849458967,0.15014443849458967,False
3,feature_102,True,-0.4579184592497342,0.4579184592497342,False
3,feature_103,True,0.32126147374331043,0.32126147374331043,False
3,feature_104,True,-0.4990725335954374,0.4990725335954374,False
3,feature_105,True,-0.034994311824585,0.034994311824585,False
3,feature_106,True,-0.11010679209434472,0.11010679209434472,False
3,feature_107,True,0.47206970066629367,0.47206970066629367,False
3,feature_108,True,-0.019764003222767005,0.019764003222767005,False
3,feature_109,True,-0.011732401778749006,0.011732401778749006,False
3,feature_110,True,-0.6414671605126685,0.6414671605126685,False
3,feature_111,True,-0.6660526230225745,0.6660526230225745,False
3,feature_112,True,0.3350462284662156,0.3350462284662156,False
3,feature_113,True,0.8194497684596062,0.8194497684596062,True
3,feature_114,True,0.10740414813068484,0.10740414813068484,False
3,feature_115,True,0.22503629163319624,0.22503629163319624,False
3,feature_116,True,0.32528927205204655,0.32528927205204655,False
3,feature_117,True,-0.5562051094368773,0.5562051094368773,False
3,feature_118,True,-0.380934969640785,0.380934969640785,False
3,feature_119,True,-0.1781608204016132,0.1781608204016132,False
3,feature_120,True,0.11349804388044722,0.11349804388044722,False
3,feature_121,True,0.02649428807385941,0.02649428807385941,False
3,feature_122,True,-0.3523050694797854,0.3523050694797854,False
3,feature_123,True,-0.10464255928010233,0.10464255928010233,False
3,feature_124,True,-0.5535855691247341,0.5535855691247341,False
3,feature_125,True,0.34950371303323874,0.34950371303323874,False
3,feature_126,True,0.4100384428686906,0.4100384428686906,False
3,feature_127,True,-0.21203487436310764,0.21203487436310764,False
3,feature_128,True,-0.3109617002021617,0.3109617002021617,False
3,feature_129,True,0.8172223071168767,0.8172223071168767,True
3,feature_130,True,0.3102037802585668,0.3102037802585668,False
3,feature_131,True,0.4834117820433012,0.4834117820433012,False
3,feature_132,True,-0.9964117821357203,0.9964117821357203,True
3,feature_133,True,0.6042214740287465,0.6042214740287465,False
3,feature_134,True,-0.17372838237187685,0.17372838237187685,False
3,feature_135,True,-0.28509107558186875,0.28509107558186875,False
3,feature_136,True,0.05885637952790904,0.05885637952790904,False
3,feature_137,True,-0.16567232759095565,0.16567232759095565,False
3,feature_138,True,0.34627575817765327,0.34627575817765327,False
3,feature_139,True,0.2997942677862762,0.2997942677862762,False
3,feature_140,True,0.0683360967208218,0.0683360967208218,False
3,feature_141,False,,,False
3,feature_142,True,-0.8883021114312581,0.8883021114312581,True
3,feature_143,True,-0.22031883138594216,0.22031883138594216,False
3,feature_144,True,0.07900982294487371,0.07900982294487371,False
3,feature_145,True,-0.3949464357509811,0.3949464357509811,False
3,feature_146,True,-0.2874615241117592,0.2874615241117592,False
3,feature_147,True,0.2747963595144937,0.2747963595144937,False
3,feature_148,True,-0.21461848405355258,0.21461848405355258,False
3,feature_149,False,,,False
3,feature_150,True,0.6023753944509002,0.6023753944509002,False
3,feature_151,True,-0.11117440755654794,0.11117440755654794,False
3,feature_152,True,0.5102519849676752,0.5102519849676752,False
3,feature_153,True,-0.2917853585263178,0.2917853585263178,False
3,feature_154,True,0.2474164342402573,0.2474164342402573,False
3,feature_155,True,-0.10752805054881735,0.10752805054881735,False
3,feature_156,True,-0.39412422363744193,0.39412422363744193,False
3,feature_157,True,-0.3580675695380477,0.3580675695380477,False
3,feature_158,True,0.13957440140451413,0.13957440140451413,False
3,feature_159,True,0.1095371621801694,0.1095371621801694,False
3,feature_160,True,0.33186916814987494,0.33186916814987494,False
3,feature_161,True,-0.2729929100876476,0.2729929100876476,False
3,feature_162,True,-0.33707432399463755,0.33707432399463755,False
3,feature_163,True,-0.20370818608145308,0.20370818608145308,False
3,feature_164,True,-0.6165391223522894,0.6165391223522894,False
3,feature_165,True,-0.4288265734934974,0.4288265734934974,False
3,feature_166,True,0.31810754950517217,0.31810754950517217,False
3,feature_167,True,-0.12346802746257535,0.12346802746257535,False
3,feature_168,True,0.5866205657193437,0.5866205657193437,False
3,feature_169,True,-0.0009787884881589386,0.0009787884881589386,False
3,feature_170,True,0.2706347819872736,0.2706347819872736,False
3,feature_171,True,-0.12659544290072852,0.12659544290072852,False
3,feature_172,True,0.22043364122632908,0.22043364122632908,False
3,feature_173,True,-0.14764605379757081,0.14764605379757081,False
3,feature_174,True,0.22268383786924922,0.22268383786924922,False
3,feature_175,True,-0.07347445659961752,0.07347445659961752,False
3,feature_176,True,-0.12818188201155686,0.12818188201155686,False
3,feature_177,True,-0.20083319693980073,0.20083319693980073,False
3,feature_178,False,,,False
3,feature_179,False,,,False
3,feature_180,True,0.1279853830765864,0.1279853830765864,False
3,feature_181,True,0.0009503101143964157,0.0009503101143964157,False
3,feature_182,True,-0.24653696465185682,0.24653696465185682,False
3,feature_183,True,0.466421335373442,0.466421335373442,False
3,feature_184,True,0.22657673417661725,0.22657673417661725,False
3,feature_185,True,-0.03731014378188311,0.03731014378188311,False
3,feature_186,False,,,False
3,feature_187,True,-0.12343499474773835,0.12343499474773835,False
3,feature_188,True,-0.0264933848740362,0.0264933848740362,False
3,feature_189,False,,,False
3,feature_190,False,,,False
3,feature_191,False,,,False
3,feature_192,False,,,False
3,feature_193,False,,,False
3,feature_194,False,,,False
3,feature_195,True,0.3487676159242062,0.3487676159242062,False
3,feature_196,True,-0.20179763853051097,0.20179763853051097,False
3,feature_197,True,0.4294505008973354,0.4294505008973354,False
3,feature_198,True,0.1419180163705269,0.1419180163705269,False
3,feature_199,True,0.09382343711807703,0.09382343711807703,False
3,feature_200,True,-0.06242330165974501,0.06242330165974501,False
3,feature_201,True,0.3929030390730883,0.3929030390730883,False
3,feature_202,True,-0.05040784585068748,0.05040784585068748,False
3,feature_203,True,-0.05619865195458988,0.05619865195458988,False
3,feature_204,True,-0.45763282269557926,0.45763282269557926,False
3,feature_205,True,0.8149295546382457,0.8149295546382457,True
3,feature_206,True,-0.023452229920388857,0.023452229920388857,False
3,feature_207,True,-0.15462055220106347,0.15462055220106347,False
3,feature_208,True,0.1992827440053694,0.1992827440053694,False
3,feature_209,True,-0.023452229920389103,0.023452229920389103,False
3,feature_210,True,-0.48451699685072847,0.48451699685072847,False
3,feature_211,True,-0.013932163087754324,0.013932163087754324,False
3,feature_212,True,-0.19717788720265306,0.19717788720265306,False
3,feature_213,True,-0.055078927223899045,0.055078927223899045,False
3,feature_214,True,-0.3558448007488144,0.3558448007488144,False
3,feature_215,True,-0.04369381200960058,0.04369381200960058,False
3,feature_216,True,1.1452791498636739,1.1452791498636739,True
3,feature_217,True,0.1361257660997123,0.1361257660997123,False
3,feature_218,True,-0.13143878051449084,0.13143878051449084,False
3,feature_219,True,-0.08762399845630393,0.08762399845630393,False
3,feature_220,True,-0.15008327377105893,0.15008327377105893,False
3,feature_221,True,-0.33135407393020905,0.33135407393020905,False
3,feature_222,True,0.12138307039956628,0.12138307039956628,False
3,feature_223,True,0.039262205028683925,0.039262205028683925,False
3,feature_224,True,-0.15673582397334812,0.15673582397334812,False
3,feature_225,True,-0.13281987282681063,0.13281987282681063,False
3,feature_226,False,,,False
3,feature_227,True,-0.23041159273240278,0.23041159273240278,False
3,feature_228,True,0.4962595581803191,0.4962595581803191,False
3,feature_229,False,,,False
3,feature_230,False,,,False
3,feature_231,False,,,False
3,feature_232,False,,,False
3,feature_233,False,,,False
3,feature_234,False,,,False
3,feature_235,False,,,False
3,feature_236,False,,,False
3,feature_237,False,,,False
3,feature_238,True,0.14298419700754042,0.14298419700754042,False
3,feature_239,True,0.2280991449145782,0.2280991449145782,False
3,feature_240,False,,,False
3,feature_241,False,,,False
3,feature_242,False,,,False
3,feature_243,False,,,False
3,feature_244,True,-0.010784949053574234,0.010784949053574234,False
3,feature_245,True,0.0914548064230975,0.0914548064230975,False
3,feature_246,True,-0.19275308655456808,0.19275308655456808,False
3,feature_247,True,0.47561592055142055,0.47561592055142055,False
3,feature_248,True,-0.40911749364127553,0.40911749364127553,False
3,feature_249,True,0.5411018615493117,0.5411018615493117,False
3,feature_250,True,0.11832100697073784,0.11832100697073784,False
3,feature_251,True,-0.018609902581294288,0.018609902581294288,False
3,feature_252,True,0.1092793453776633,0.1092793453776633,False
3,feature_253,True,-0.021457932669338552,0.021457932669338552,False
3,feature_254,True,0.17282255671515726,0.17282255671515726,False
3,feature_255,True,0.14291163172204924,0.14291163172204924,False
3,feature_256,False,,,False
3,feature_257,False,,,False
3,feature_258,False,,,False
3,feature_259,False,,,False
3,feature_260,False,,,False
3,feature_261,False,,,False
3,feature_262,False,,,False
3,feature_263,False,,,False
3,feature_264,False,,,False
3,feature_265,False,,,False
3,feature_266,False,,,False
3,feature_267,True,-0.11257313040975712,0.11257313040975712,False
3,feature_268,True,-0.2562202712436263,0.2562202712436263,False
3,feature_269,True,0.4426444764152904,0.4426444764152904,False
3,feature_270,True,0.21599689958084825,0.21599689958084825,False
3,feature_271,True,0.33156748788049156,0.33156748788049156,False
3,feature_272,True,0.05140545893579632,0.05140545893579632,False
3,feature_273,True,0.016300992464538023,0.016300992464538023,False
3,feature_274,True,0.3801394886216786,0.3801394886216786,False
3,feature_275,True,0.06890984754865177,0.06890984754865177,False
3,feature_276,False,,,False
3,feature_277,True,0.5030698156957879,0.5030698156957879,False
3,feature_278,True,-0.16554220028484795,0.16554220028484795,False
3,feature_279,True,0.09503742777070662,0.09503742777070662,False
3,feature_280,True,0.0016434547796271783,0.0016434547796271783,False
3,feature_281,True,-0.8798197175510648,0.8798197175510648,True
3,feature_282,True,0.4695236420938482,0.4695236420938482,False
3,feature_283,True,-0.4532422392780727,0.4532422392780727,False
3,feature_284,False,,,False
3,feature_285,True,-0.06518225909633042,0.06518225909633042,False
3,feature_286,True,-0.014487295335321962,0.014487295335321962,False
3,feature_287,True,-0.11530166661476698,0.11530166661476698,False
3,feature_288,True,-0.21165073472818416,0.21165073472818416,False
3,feature_289,True,-0.11028847669850589,0.11028847669850589,False
3,feature_290,True,0.03896307814531727,0.03896307814531727,False
3,feature_291,True,-0.05607691538850453,0.05607691538850453,False
3,feature_292,True,-0.45135325916222585,0.45135325916222585,False
3,feature_293,True,0.30847059733925575,0.30847059733925575,False
3,feature_294,True,0.17914316283803516,0.17914316283803516,False
3,feature_295,True,0.34064289082815885,0.34064289082815885,False
3,feature_296,True,-0.21348555332684277,0.21348555332684277,False
3,feature_297,True,0.10337233622653531,0.10337233622653531,False
3,feature_298,True,-0.2696574757818176,0.2696574757818176,False
3,feature_299,True,-0.5227062726280027,0.5227062726280027,False
3,feature_300,True,-0.37092042114715973,0.37092042114715973,False
3,feature_301,True,0.07242142096940887,0.07242142096940887,False
3,feature_302,True,0.4298574254042717,0.4298574254042717,False
3,feature_303,True,-0.39884250556217077,0.39884250556217077,False
3,feature_304,True,-0.30455802727851816,0.30455802727851816,False
3,feature_305,True,-1.0113193783930239,1.0113193783930239,True
3,feature_306,True,-0.00517775570552817,0.00517775570552817,False
3,feature_307,True,0.21624827552363657,0.21624827552363657,False
3,feature_308,True,-0.40647153121635615,0.40647153121635615,False
3,feature_309,True,0.21737428407337991,0.21737428407337991,False
3,feature_310,True,0.3866498657876878,0.3866498657876878,False
3,feature_311,True,0.13055142974245,0.13055142974245,False
3,feature_312,True,-0.10508846291346767,0.10508846291346767,False
3,feature_313,False,,,False
3,feature_314,False,,,False
3,feature_315,False,,,False
3,feature_316,True,-0.6045263828205159,0.6045263828205159,False
3,feature_317,True,-0.033306063699952176,0.033306063699952176,False
3,feature_318,True,0.013137559960968421,0.013137559960968421,False
3,feature_319,True,0.3089366169406124,0.3089366169406124,False
3,feature_320,True,-0.06548638645145427,0.06548638645145427,False
3,feature_321,True,0.2297528632052907,0.2297528632052907,False
3,feature_322,False,,,False
3,feature_323,True,-0.18648214304467248,0.18648214304467248,False
3,feature_324,True,0.1126192775112032,0.1126192775112032,False
3,feature_325,False,,,False
3,feature_326,False,,,False
3,feature_327,False,,,False
3,feature_328,False,,,False
3,feature_329,False,,,False
3,feature_330,False,,,False
3,feature_331,True,-0.05986734378658804,0.05986734378658804,False
3,feature_332,True,-0.6159295604565901,0.6159295604565901,False
3,feature_333,True,0.3532619680216416,0.3532619680216416,False
3,feature_334,True,-0.057422575115609616,0.057422575115609616,False
3,feature_335,True,-0.1585278922578563,0.1585278922578563,False
3,feature_336,True,-0.08748417424663972,0.08748417424663972,False
3,feature_337,True,-0.013061795647831487,0.013061795647831487,False
3,feature_338,True,-0.29865641556989553,0.29865641556989553,False
3,feature_339,True,-0.1520583722516119,0.1520583722516119,False
3,feature_340,True,-0.4942438623064127,0.4942438623064127,False
3,feature_341,True,0.38829610375802853,0.38829610375802853,False
3,feature_342,True,-0.023452229920388954,0.023452229920388954,False
3,feature_343,True,-0.2868551202592195,0.2868551202592195,False
3,feature_344,True,-0.6674685226960632,0.6674685226960632,False
3,feature_345,True,-0.18534863753529443,0.18534863753529443,False
3,feature_346,True,0.054231574196002295,0.054231574196002295,False
3,feature_347,True,-0.023452229920388857,0.023452229920388857,False
3,feature_348,True,0.5712044967975215,0.5712044967975215,False
3,feature_349,True,0.7689426393720574,0.7689426393720574,True
3,feature_350,True,-0.07150918007321456,0.07150918007321456,False
3,feature_351,True,-0.4621551541388367,0.4621551541388367,False
3,feature_352,True,-0.22632374865159122,0.22632374865159122,False
3,feature_353,True,0.12153201901391132,0.12153201901391132,False
3,feature_354,True,-0.6073662744404932,0.6073662744404932,False
3,feature_355,True,0.2889036909160476,0.2889036909160476,False
3,feature_356,True,0.09628094064131025,0.09628094064131025,False
3,feature_357,True,-0.4743190708648659,0.4743190708648659,False
3,feature_358,True,0.31404955451490524,0.31404955451490524,False
3,feature_359,True,0.0027337417179462147,0.0027337417179462147,False
3,feature_360,True,0.21370042536822095,0.21370042536822095,False
3,feature_361,True,-0.07207596136211852,0.07207596136211852,False
3,feature_362,True,-0.07286002453648945,0.07286002453648945,False
3,feature_363,True,-0.5180175164382451,0.5180175164382451,False
3,feature_364,False,,,False
3,feature_365,True,0.46616951793325695,0.46616951793325695,False
3,feature_366,True,-0.46164803754314454,0.46164803754314454,False
3,feature_367,True,-0.0687552669028326,0.0687552669028326,False
3,feature_368,True,-0.3706642207844816,0.3706642207844816,False
3,feature_369,False,,,False
3,feature_370,False,,,False
3,feature_371,False,,,False
3,feature_372,False,,,False
3,feature_373,False,,,False
3,feature_374,False,,,False
3,feature_375,False,,,False
3,feature_376,True,0.1231519256744676,0.1231519256744676,False
3,feature_377,True,-0.26547760458279024,0.26547760458279024,False
3,feature_378,False,,,False
3,feature_379,False,,,False
3,feature_380,False,,,False
3,feature_381,False,,,False
3,feature_382,True,-0.007696517850533292,0.007696517850533292,False
3,feature_383,True,0.08727983443768769,0.08727983443768769,False
3,feature_384,True,-0.2275678844869109,0.2275678844869109,False
3,feature_385,True,-0.6559883242317575,0.6559883242317575,False
3,feature_386,True,-0.45744778547090664,0.45744778547090664,False
3,feature_387,True,0.5083493696288336,0.5083493696288336,False
3,feature_388,True,0.35339734716909577,0.35339734716909577,False
3,feature_389,True,0.006049673881666661,0.006049673881666661,False
3,feature_390,True,0.08112212336527028,0.08112212336527028,False
3,feature_391,True,-0.03073011348370344,0.03073011348370344,False
3,feature_392,True,-0.14827697944411428,0.14827697944411428,False
3,feature_393,True,-0.1254932946212779,0.1254932946212779,False
3,feature_394,False,,,False
3,feature_395,False,,,False
3,feature_396,False,,,False
3,feature_397,False,,,False
3,feature_398,False,,,False
3,feature_399,False,,,False
3,feature_400,False,,,False
3,feature_401,False,,,False
3,feature_402,False,,,False
3,feature_403,False,,,False
3,feature_404,False,,,False
3,feature_405,True,-0.1782800513857721,0.1782800513857721,False
3,feature_406,True,0.4680206552559476,0.4680206552559476,False
3,feature_407,True,-0.5168120912835754,0.5168120912835754,False
3,feature_408,True,-0.16710589820202004,0.16710589820202004,False
3,feature_409,True,0.017913871065835953,0.017913871065835953,False
3,feature_410,True,-0.1889695274348493,0.1889695274348493,False
3,feature_411,True,0.22287721324338416,0.22287721324338416,False
3,feature_412,True,-0.03796224931721945,0.03796224931721945,False
3,feature_413,True,0.2424814098232426,0.2424814098232426,False
3,feature_414,False,,,False
3,feature_415,True,-0.8060381557287629,0.8060381557287629,True
3,feature_416,True,-0.2007227510944153,0.2007227510944153,False
3,feature_417,True,-0.06710576293358847,0.06710576293358847,False
3,feature_418,True,-0.138125307527886,0.138125307527886,False
3,feature_419,True,-0.07402562583534528,0.07402562583534528,False
3,feature_420,True,0.2667809046673912,0.2667809046673912,False
3,feature_421,True,-0.2311760053046243,0.2311760053046243,False
3,feature_422,False,,,False
3,feature_423,True,-0.034918573938445004,0.034918573938445004,False
3,feature_424,True,0.005357255563232704,0.005357255563232704,False
3,feature_425,True,0.25567283757982534,0.25567283757982534,False
3,feature_426,True,-0.2637879152142515,0.2637879152142515,False
3,feature_427,True,0.2311220889864459,0.2311220889864459,False
3,feature_428,True,-0.09225368774242061,0.09225368774242061,False
3,feature_429,True,-0.31034721933464865,0.31034721933464865,False
3,feature_430,True,0.08692764700653878,0.08692764700653878,False
3,feature_431,True,0.16288790687176727,0.16288790687176727,False
3,feature_432,True,-0.200926305778787,0.200926305778787,False
3,feature_433,True,-0.049778200116355656,0.049778200116355656,False
3,feature_434,True,-0.09180260727449054,0.09180260727449054,False
3,feature_435,True,-0.12093977233246386,0.12093977233246386,False
3,feature_436,True,-0.18761159701304317,0.18761159701304317,False
3,feature_437,True,0.4491460017570294,0.4491460017570294,False
3,feature_438,True,-0.21932188176665662,0.21932188176665662,False
3,feature_439,True,-0.15344022249382713,0.15344022249382713,False
3,feature_440,True,0.010189746189612398,0.010189746189612398,False
3,feature_441,True,0.2806110594937202,0.2806110594937202,False
3,feature_442,True,-0.015429026039858549,0.015429026039858549,False
3,feature_443,True,0.20876724503791771,0.20876724503791771,False
3,feature_444,True,-0.13715913411035782,0.13715913411035782,False
3,feature_445,True,0.22064372112214511,0.22064372112214511,False
3,feature_446,True,-0.07672334535685274,0.07672334535685274,False
3,feature_447,True,-0.11253742618701741,0.11253742618701741,False
3,feature_448,True,-0.21293342284062847,0.21293342284062847,False
3,feature_449,False,,,False
3,feature_450,False,,,False
3,feature_451,False,,,False
3,feature_452,True,0.09492815364073427,0.09492815364073427,False
3,feature_453,True,-0.02128751197799357,0.02128751197799357,False
3,feature_454,True,-0.25733656573418157,0.25733656573418157,False
3,feature_455,True,0.522661053623787,0.522661053623787,False
3,feature_456,True,0.10731630403201564,0.10731630403201564,False
3,feature_457,True,-0.07327987061311543,0.07327987061311543,False
3,feature_458,False,,,False
3,feature_459,True,-0.12488218783365113,0.12488218783365113,False
3,feature_460,True,0.25935232658561774,0.25935232658561774,False
3,feature_461,False,,,False
3,feature_462,False,,,False
3,feature_463,False,,,False
3,feature_464,False,,,False
3,feature_465,False,,,False
3,feature_466,False,,,False
3,feature_467,True,0.2920356634205817,0.2920356634205817,False
3,feature_468,True,-0.4710764844555375,0.4710764844555375,False
3,feature_469,True,0.3079979335964168,0.3079979335964168,False
3,feature_470,True,0.16270752689650297,0.16270752689650297,False
3,feature_471,True,0.43939935366967586,0.43939935366967586,False
3,feature_472,True,0.28615134992511587,0.28615134992511587,False
3,feature_473,True,0.6618459688572099,0.6618459688572099,False
3,feature_474,True,0.3964668100525945,0.3964668100525945,False
3,feature_475,True,-0.010000319672850455,0.010000319672850455,False
3,feature_476,True,-0.44342468123238193,0.44342468123238193,False
3,feature_477,True,0.5775256860489001,0.5775256860489001,False
3,feature_478,True,-0.023452229920388857,0.023452229920388857,False
3,feature_479,True,-0.1269131313334852,0.1269131313334852,False
3,feature_480,True,0.032950566996939906,0.032950566996939906,False
3,feature_481,False,,,False
3,feature_482,True,0.15747513025659096,0.15747513025659096,False
3,feature_483,True,0.3206825756460363,0.3206825756460363,False
3,feature_484,True,-0.03475544339196452,0.03475544339196452,False
3,feature_485,True,-0.32569979349808575,0.32569979349808575,False
3,feature_486,True,0.6401186546388501,0.6401186546388501,False
3,feature_487,True,0.13904216904470992,0.13904216904470992,False
3,feature_488,True,-0.3558165770185893,0.3558165770185893,False
3,feature_489,True,0.303420416120988,0.303420416120988,False
3,feature_490,True,-0.15336089086016325,0.15336089086016325,False
3,feature_491,True,0.2614727525263835,0.2614727525263835,False
3,feature_492,True,-0.04956484517947175,0.04956484517947175,False
3,feature_493,True,-0.36588074012121835,0.36588074012121835,False
3,feature_494,True,0.12341471961746142,0.12341471961746142,False
3,feature_495,True,-0.06412106946903814,0.06412106946903814,False
3,feature_496,True,-0.07854169410632744,0.07854169410632744,False
3,feature_497,True,-0.12057512609701827,0.12057512609701827,False
3,feature_498,False,,,False
3,feature_499,True,-0.017168287648123212,0.017168287648123212,False
3,feature_500,True,0.38070908980027124,0.38070908980027124,False
3,feature_501,False,,,False
3,feature_502,False,,,False
3,feature_503,False,,,False
3,feature_504,False,,,False
3,feature_505,False,,,False
3,feature_506,False,,,False
3,feature_507,False,,,False
3,feature_508,False,,,False
3,feature_509,False,,,False
3,feature_510,True,0.18969608080899816,0.18969608080899816,False
3,feature_511,True,0.3476646975815609,0.3476646975815609,False
3,feature_512,False,,,False
3,feature_513,False,,,False
3,feature_514,False,,,False
3,feature_515,False,,,False
3,feature_516,True,-0.01692855934924353,0.01692855934924353,False
3,feature_517,True,0.08449409329754282,0.08449409329754282,False
3,feature_518,True,-0.1783174001072171,0.1783174001072171,False
3,feature_519,True,0.33658486329189247,0.33658486329189247,False
3,feature_520,True,-0.38143143016233444,0.38143143016233444,False
3,feature_521,True,-0.011104550217071227,0.011104550217071227,False
3,feature_522,True,0.09363529844307213,0.09363529844307213,False
3,feature_523,True,-0.0023605994646811856,0.0023605994646811856,False
3,feature_524,True,0.3258352231205511,0.3258352231205511,False
3,feature_525,True,-0.14521218343716247,0.14521218343716247,False
3,feature_526,True,0.13445314580797146,0.13445314580797146,False
3,feature_527,True,0.14256469612493605,0.14256469612493605,False
3,feature_528,False,,,False
3,feature_529,False,,,False
3,feature_530,False,,,False
3,feature_531,False,,,False
3,feature_532,False,,,False
3,feature_533,False,,,False
3,feature_534,False,,,False
3,feature_535,False,,,False
3,feature_536,False,,,False
3,feature_537,False,,,False
3,feature_538,False,,,False
3,feature_539,True,-0.17569748401590232,0.17569748401590232,False
3,feature_540,True,-0.2521808935388929,0.2521808935388929,False
3,feature_541,True,0.5094592687256347,0.5094592687256347,False
3,feature_542,True,0.1727317071867328,0.1727317071867328,False
3,feature_543,True,-0.06689677573218222,0.06689677573218222,False
3,feature_544,True,-0.23207088532196202,0.23207088532196202,False
3,feature_545,True,0.02541483842707715,0.02541483842707715,False
3,feature_546,True,0.2233381133909814,0.2233381133909814,False
3,feature_547,True,0.5015642972645156,0.5015642972645156,False
3,feature_548,True,-0.0786803509187769,0.0786803509187769,False
3,feature_549,True,-0.12245164832075592,0.12245164832075592,False
3,feature_550,True,-0.051539333900208775,0.051539333900208775,False
3,feature_551,True,0.43411233215733774,0.43411233215733774,False
3,feature_552,True,0.01121597666963064,0.01121597666963064,False
3,feature_553,True,-0.571542083552567,0.571542083552567,False
3,feature_554,True,0.1325940666512397,0.1325940666512397,False
3,feature_555,True,-0.41677095191503094,0.41677095191503094,False
3,feature_556,True,-0.14530163020911624,0.14530163020911624,False
3,feature_557,True,0.40289786284777607,0.40289786284777607,False
3,feature_558,True,-0.09423051735441343,0.09423051735441343,False
3,feature_559,True,-0.04399428504771922,0.04399428504771922,False
3,feature_560,True,0.17382615592760717,0.17382615592760717,False
3,feature_561,True,0.20131956413265997,0.20131956413265997,False
3,feature_562,True,-0.32801190907080574,0.32801190907080574,False
3,feature_563,True,-0.6798626619650203,0.6798626619650203,False
3,feature_564,True,0.1960332576318986,0.1960332576318986,False
3,feature_565,True,0.11964233067903403,0.11964233067903403,False
3,feature_566,True,-0.44255542327020736,0.44255542327020736,False
3,feature_567,True,0.11309274449887287,0.11309274449887287,False
3,feature_568,True,0.12354372681067914,0.12354372681067914,False
3,feature_569,True,-0.15641297872177054,0.15641297872177054,False
3,feature_570,True,-0.11333388894267173,0.11333388894267173,False
3,feature_571,True,-0.22085864369792962,0.22085864369792962,False
3,feature_572,True,0.011976723937342568,0.011976723937342568,False
3,feature_573,True,-0.2661195750200175,0.2661195750200175,False
3,feature_574,True,-0.2672903286674387,0.2672903286674387,False
3,feature_575,True,-0.06459790782397427,0.06459790782397427,False
3,feature_576,True,0.311250189858202,0.311250189858202,False
3,feature_577,True,-0.3889812534086778,0.3889812534086778,False
3,feature_578,True,-0.27721447083171724,0.27721447083171724,False
3,feature_579,True,0.2865923641620996,0.2865923641620996,False
3,feature_580,True,0.13618353469731376,0.13618353469731376,False
3,feature_581,True,-0.4233656124009585,0.4233656124009585,False
3,feature_582,True,0.07934390570228386,0.07934390570228386,False
3,feature_583,True,0.03128764705237288,0.03128764705237288,False
3,feature_584,True,0.12375559205851348,0.12375559205851348,False
3,feature_585,True,-0.03395112419476463,0.03395112419476463,False
3,feature_586,True,-0.05757864375802366,0.05757864375802366,False
3,feature_587,True,0.02172824801784299,0.02172824801784299,False
3,feature_588,True,0.5302002949117635,0.5302002949117635,False
3,feature_589,True,-0.31976624073605675,0.31976624073605675,False
4,feature_000,True,0.19481570239657495,0.19481570239657495,False
4,feature_001,True,-0.12322938600898505,0.12322938600898505,False
4,feature_002,True,0.032210200790572414,0.032210200790572414,False
4,feature_003,True,-0.04455400994007744,0.04455400994007744,False
4,feature_004,True,-0.2258691993687414,0.2258691993687414,False
4,feature_005,False,,,False
4,feature_006,True,-0.27100976094400964,0.27100976094400964,False
4,feature_007,True,0.039343238866183294,0.039343238866183294,False
4,feature_008,True,0.02795832654612579,0.02795832654612579,False
4,feature_009,True,-0.40120948700851505,0.40120948700851505,False
4,feature_010,True,-0.3064573261907435,0.3064573261907435,False
4,feature_011,True,-0.2615532445689828,0.2615532445689828,False
4,feature_012,True,-0.230238993231069,0.230238993231069,False
4,feature_013,False,,,False
4,feature_014,True,-0.28086176013316544,0.28086176013316544,False
4,feature_015,True,-0.0337506084569592,0.0337506084569592,False
4,feature_016,True,-0.08926543421015166,0.08926543421015166,False
4,feature_017,True,0.4281362806532817,0.4281362806532817,False
4,feature_018,True,-0.2025711995311905,0.2025711995311905,False
4,feature_019,True,-0.15694038596132437,0.15694038596132437,False
4,feature_020,True,0.277890275780077,0.277890275780077,False
4,feature_021,True,0.7135983232807314,0.7135983232807314,True
4,feature_022,True,-0.4733870822835103,0.4733870822835103,False
4,feature_023,True,-0.014969567063231583,0.014969567063231583,False
4,feature_024,True,0.06775577177234181,0.06775577177234181,False
4,feature_025,True,0.45572430810831394,0.45572430810831394,False
4,feature_026,True,-0.48620581746401026,0.48620581746401026,False
4,feature_027,True,0.24871576392496614,0.24871576392496614,False
4,feature_028,True,-0.05542712716370799,0.05542712716370799,False
4,feature_029,True,0.564302424735606,0.564302424735606,False
4,feature_030,True,-0.579878517580936,0.579878517580936,False
4,feature_031,True,0.17853585854381973,0.17853585854381973,False
4,feature_032,True,0.4634269958992724,0.4634269958992724,False
4,feature_033,True,-0.07970136175276206,0.07970136175276206,False
4,feature_034,True,-0.1091790576292032,0.1091790576292032,False
4,feature_035,True,-0.1329665148611654,0.1329665148611654,False
4,feature_036,True,0.109233419692693,0.109233419692693,False
4,feature_037,True,-0.30322723533565166,0.30322723533565166,False
4,feature_038,True,-0.567753806843572,0.567753806843572,False
4,feature_039,True,-0.1371843012912831,0.1371843012912831,False
4,feature_040,True,-0.11778776082587655,0.11778776082587655,False
4,feature_041,True,-0.11160639601070334,0.11160639601070334,False
4,feature_042,False,,,False
4,feature_043,True,0.05080390798359285,0.05080390798359285,False
4,feature_044,True,0.33292867371744933,0.33292867371744933,False
4,feature_045,True,0.2461413373153988,0.2461413373153988,False
4,feature_046,True,0.19728010055903566,0.19728010055903566,False
4,feature_047,True,0.608406132844822,0.608406132844822,False
4,feature_048,True,-0.6522387171635712,0.6522387171635712,False
4,feature_049,False,,,False
4,feature_050,True,-0.08082495183258186,0.08082495183258186,False
4,feature_051,True,0.16738195739764297,0.16738195739764297,False
4,feature_052,False,,,False
4,feature_053,True,-0.12068732843741041,0.12068732843741041,False
4,feature_054,True,0.034645153473237,0.034645153473237,False
4,feature_055,True,0.23514869171663502,0.23514869171663502,False
4,feature_056,True,1.018091226795672,1.018091226795672,True
4,feature_057,True,-0.33629572979922906,0.33629572979922906,False
4,feature_058,True,0.19437878060950314,0.19437878060950314,False
4,feature_059,True,1.4832925711602392,1.4832925711602392,True
4,feature_060,True,0.8630509325401583,0.8630509325401583,True
4,feature_061,True,0.47525900303287594,0.47525900303287594,False
4,feature_062,True,-0.44429389865745966,0.44429389865745966,False
4,feature_063,True,-0.29496225073109045,0.29496225073109045,False
4,feature_064,True,0.521594326548258,0.521594326548258,False
4,feature_065,True,0.09192519720980044,0.09192519720980044,False
4,feature_066,True,0.0690447622180283,0.0690447622180283,False
4,feature_067,True,-0.4310952954372934,0.4310952954372934,False
4,feature_068,True,-0.6312886344492905,0.6312886344492905,False
4,feature_069,False,,,False
4,feature_070,True,-0.15503156618275685,0.15503156618275685,False
4,feature_071,True,0.6144588523519023,0.6144588523519023,False
4,feature_072,True,0.3276946541075387,0.3276946541075387,False
4,feature_073,True,0.06699076999664207,0.06699076999664207,False
4,feature_074,True,-0.14111378099186936,0.14111378099186936,False
4,feature_075,True,0.7335226523855645,0.7335226523855645,True
4,feature_076,True,0.10559889995713892,0.10559889995713892,False
4,feature_077,True,0.237550588561781,0.237550588561781,False
4,feature_078,True,-0.5804018789354398,0.5804018789354398,False
4,feature_079,True,0.21126881994988367,0.21126881994988367,False
4,feature_080,True,-0.3033420566474328,0.3033420566474328,False
4,feature_081,True,0.06404129218855555,0.06404129218855555,False
4,feature_082,True,-0.21840274493190495,0.21840274493190495,False
4,feature_083,True,-0.12698799833416774,0.12698799833416774,False
4,feature_084,True,-0.19833111672744907,0.19833111672744907,False
4,feature_085,True,-0.4573154888192335,0.4573154888192335,False
4,feature_086,True,0.5588181451268988,0.5588181451268988,False
4,feature_087,True,-0.26754499001615567,0.26754499001615567,False
4,feature_088,True,-0.07077369938772232,0.07077369938772232,False
4,feature_089,True,0.4814364979845218,0.4814364979845218,False
4,feature_090,True,0.09998640634020198,0.09998640634020198,False
4,feature_091,True,0.2526430872115504,0.2526430872115504,False
4,feature_092,True,0.06089887817406388,0.06089887817406388,False
4,feature_093,True,-0.479045334537648,0.479045334537648,False
4,feature_094,True,-0.4358965400775791,0.4358965400775791,False
4,feature_095,True,0.3484710985686199,0.3484710985686199,False
4,feature_096,True,0.3311409781841425,0.3311409781841425,False
4,feature_097,False,,,False
4,feature_098,True,-0.00541515293299083,0.00541515293299083,False
4,feature_099,True,-0.12591648103090491,0.12591648103090491,False
4,feature_100,True,0.24836974579955767,0.24836974579955767,False
4,feature_101,True,0.36867642595067734,0.36867642595067734,False
4,feature_102,True,0.10098201310305438,0.10098201310305438,False
4,feature_103,True,-0.1410072919714151,0.1410072919714151,False
4,feature_104,True,-0.33767004692776914,0.33767004692776914,False
4,feature_105,True,-0.15412266811895012,0.15412266811895012,False
4,feature_106,True,-0.039268977258726384,0.039268977258726384,False
4,feature_107,True,0.40915740283893226,0.40915740283893226,False
4,feature_108,True,-0.7077754833919047,0.7077754833919047,True
4,feature_109,True,-0.2769851515757759,0.2769851515757759,False
4,feature_110,True,0.023113395855693462,0.023113395855693462,False
4,feature_111,True,-0.8037096246929426,0.8037096246929426,True
4,feature_112,True,-0.05439987146824487,0.05439987146824487,False
4,feature_113,True,0.5135660975894552,0.5135660975894552,False
4,feature_114,True,-0.2445692832249048,0.2445692832249048,False
4,feature_115,True,-0.4398302177815283,0.4398302177815283,False
4,feature_116,True,0.2909536583289718,0.2909536583289718,False
4,feature_117,True,-0.33807003381665207,0.33807003381665207,False
4,feature_118,True,-0.06646605221572059,0.06646605221572059,False
4,feature_119,True,-0.3622013107551042,0.3622013107551042,False
4,feature_120,True,-0.06734507243787691,0.06734507243787691,False
4,feature_121,True,0.20021950231682395,0.20021950231682395,False
4,feature_122,True,-0.2720172615234959,0.2720172615234959,False
4,feature_123,True,0.10992751501996552,0.10992751501996552,False
4,feature_124,True,-0.6119236683066989,0.6119236683066989,False
4,feature_125,True,0.3420398104698424,0.3420398104698424,False
4,feature_126,True,0.2190093850369868,0.2190093850369868,False
4,feature_127,True,-0.21831672560004559,0.21831672560004559,False
4,feature_128,True,0.04963428553239491,0.04963428553239491,False
4,feature_129,True,0.8872665544294265,0.8872665544294265,True
4,feature_130,True,0.3119273984528557,0.3119273984528557,False
4,feature_131,True,0.34024710236305095,0.34024710236305095,False
4,feature_132,True,-1.0354956093677932,1.0354956093677932,True
4,feature_133,True,0.2979500189630904,0.2979500189630904,False
4,feature_134,True,-0.13531596844049373,0.13531596844049373,False
4,feature_135,True,-0.06101136593017921,0.06101136593017921,False
4,feature_136,True,-0.011261614418625266,0.011261614418625266,False
4,feature_137,True,0.11627415473612203,0.11627415473612203,False
4,feature_138,True,0.4426314076506414,0.4426314076506414,False
4,feature_139,True,0.017398232851012285,0.017398232851012285,False
4,feature_140,True,-0.21893695050506284,0.21893695050506284,False
4,feature_141,False,,,False
4,feature_142,True,-0.15753213123021512,0.15753213123021512,False
4,feature_143,True,-0.2986426592721696,0.2986426592721696,False
4,feature_144,True,-0.17320253682698616,0.17320253682698616,False
4,feature_145,True,-0.33111409521742213,0.33111409521742213,False
4,feature_146,True,-0.2536534211299116,0.2536534211299116,False
4,feature_147,True,0.09737737010246371,0.09737737010246371,False
4,feature_148,True,-0.27745539666809776,0.27745539666809776,False
4,feature_149,False,,,False
4,feature_150,True,0.056997549707665976,0.056997549707665976,False
4,feature_151,True,-0.30605732311187483,0.30605732311187483,False
4,feature_152,True,-0.1738735488439553,0.1738735488439553,False
4,feature_153,True,-0.13314917756041406,0.13314917756041406,False
4,feature_154,True,0.2582424191452321,0.2582424191452321,False
4,feature_155,True,-0.35317792425959776,0.35317792425959776,False
4,feature_156,True,-0.05624619437112353,0.05624619437112353,False
4,feature_157,True,-0.19865528364477245,0.19865528364477245,False
4,feature_158,True,0.13415246288941848,0.13415246288941848,False
4,feature_159,True,0.39741947130933664,0.39741947130933664,False
4,feature_160,True,0.20768660200058087,0.20768660200058087,False
4,feature_161,True,-0.0886003845233915,0.0886003845233915,False
4,feature_162,True,0.13917147404144206,0.13917147404144206,False
4,feature_163,True,0.1342541091825263,0.1342541091825263,False
4,feature_164,True,-0.5627441747836379,0.5627441747836379,False
4,feature_165,True,-0.549860765580254,0.549860765580254,False
4,feature_166,True,0.05724051797547584,0.05724051797547584,False
4,feature_167,True,-0.17391846673117253,0.17391846673117253,False
4,feature_168,True,0.44836319913911765,0.44836319913911765,False
4,feature_169,True,-0.13009894283372916,0.13009894283372916,False
4,feature_170,True,0.12515363370347785,0.12515363370347785,False
4,feature_171,True,0.024923810707782934,0.024923810707782934,False
4,feature_172,True,0.2840570739946492,0.2840570739946492,False
4,feature_173,True,0.007406775900592428,0.007406775900592428,False
4,feature_174,True,0.28504504036802447,0.28504504036802447,False
4,feature_175,True,-0.2187352498060917,0.2187352498060917,False
4,feature_176,True,0.027764237583440748,0.027764237583440748,False
4,feature_177,True,-0.3087972121379103,0.3087972121379103,False
4,feature_178,False,,,False
4,feature_179,False,,,False
4,feature_180,True,-0.07258390389449693,0.07258390389449693,False
4,feature_181,True,0.31344459504498523,0.31344459504498523,False
4,feature_182,True,-0.16767439533061793,0.16767439533061793,False
4,feature_183,True,0.016146620763713853,0.016146620763713853,False
4,feature_184,True,0.24189041807313685,0.24189041807313685,False
4,feature_185,True,0.06055312142493399,0.06055312142493399,False
4,feature_186,False,,,False
4,feature_187,True,0.17209918244905215,0.17209918244905215,False
4,feature_188,True,0.7358017831970698,0.7358017831970698,True
4,feature_189,False,,,False
4,feature_190,False,,,False
4,feature_191,False,,,False
4,feature_192,False,,,False
4,feature_193,False,,,False
4,feature_194,False,,,False
4,feature_195,True,-0.056780115844639406,0.056780115844639406,False
4,feature_196,True,-0.19774764169283177,0.19774764169283177,False
4,feature_197,True,0.10149529705522162,0.10149529705522162,False
4,feature_198,True,0.061231924794237974,0.061231924794237974,False
4,feature_199,True,0.4053621945077973,0.4053621945077973,False
4,feature_200,True,0.4856035049584432,0.4856035049584432,False
4,feature_201,True,0.4044617537352581,0.4044617537352581,False
4,feature_202,True,0.032707452867920275,0.032707452867920275,False
4,feature_203,True,0.02548747936337937,0.02548747936337937,False
4,feature_204,True,-0.3906218721575741,0.3906218721575741,False
4,feature_205,True,0.5835098648868656,0.5835098648868656,False
4,feature_206,True,-0.14111378099186964,0.14111378099186964,False
4,feature_207,True,0.14421510229823722,0.14421510229823722,False
4,feature_208,True,-0.09740717268196396,0.09740717268196396,False
4,feature_209,True,-0.14111378099186964,0.14111378099186964,False
4,feature_210,True,-0.31252384640712005,0.31252384640712005,False
4,feature_211,True,0.2937328936405354,0.2937328936405354,False
4,feature_212,True,-0.42253233117687733,0.42253233117687733,False
4,feature_213,True,0.34204204273919037,0.34204204273919037,False
4,feature_214,True,-0.431427208771571,0.431427208771571,False
4,feature_215,True,-0.33175642793262317,0.33175642793262317,False
4,feature_216,True,0.7132367269368179,0.7132367269368179,True
4,feature_217,True,0.13074817367252506,0.13074817367252506,False
4,feature_218,True,-0.1608583974069318,0.1608583974069318,False
4,feature_219,True,-0.0028814754664248125,0.0028814754664248125,False
4,feature_220,True,-0.08025404728486689,0.08025404728486689,False
4,feature_221,True,-0.642943721614235,0.642943721614235,False
4,feature_222,True,-0.18034477349661146,0.18034477349661146,False
4,feature_223,True,-0.2707200464103665,0.2707200464103665,False
4,feature_224,True,-0.29395077897858,0.29395077897858,False
4,feature_225,True,0.10448777820819603,0.10448777820819603,False
4,feature_226,False,,,False
4,feature_227,True,-0.23736222835766677,0.23736222835766677,False
4,feature_228,True,0.17198207575575247,0.17198207575575247,False
4,feature_229,False,,,False
4,feature_230,False,,,False
4,feature_231,False,,,False
4,feature_232,False,,,False
4,feature_233,False,,,False
4,feature_234,False,,,False
4,feature_235,False,,,False
4,feature_236,False,,,False
4,feature_237,False,,,False
4,feature_238,True,-0.09277234641228478,0.09277234641228478,False
4,feature_239,True,-0.20366479358659095,0.20366479358659095,False
4,feature_240,False,,,False
4,feature_241,False,,,False
4,feature_242,False,,,False
4,feature_243,False,,,False
4,feature_244,True,-0.200693359692014,0.200693359692014,False
4,feature_245,True,0.09135661326477762,0.09135661326477762,False
4,feature_246,True,0.1082317068082017,0.1082317068082017,False
4,feature_247,True,-0.18860975197011823,0.18860975197011823,False
4,feature_248,True,-0.08245316874380859,0.08245316874380859,False
4,feature_249,True,0.2862852315328044,0.2862852315328044,False
4,feature_250,True,-0.08838327034152196,0.08838327034152196,False
4,feature_251,True,-0.29707216672358205,0.29707216672358205,False
4,feature_252,True,0.26541978706716324,0.26541978706716324,False
4,feature_253,True,-0.31545590107482446,0.31545590107482446,False
4,feature_254,True,-0.04612492785314246,0.04612492785314246,False
4,feature_255,True,0.13190855749969804,0.13190855749969804,False
4,feature_256,False,,,False
4,feature_257,False,,,False
4,feature_258,False,,,False
4,feature_259,False,,,False
4,feature_260,False,,,False
4,feature_261,False,,,False
4,feature_262,False,,,False
4,feature_263,False,,,False
4,feature_264,False,,,False
4,feature_265,False,,,False
4,feature_266,False,,,False
4,feature_267,True,-0.06302606451099459,0.06302606451099459,False
4,feature_268,True,-0.24626509649236006,0.24626509649236006,False
4,feature_269,True,0.11280189392924565,0.11280189392924565,False
4,feature_270,True,-0.7900005165426596,0.7900005165426596,True
4,feature_271,True,0.023036239300282868,0.023036239300282868,False
4,feature_272,True,-0.35151893885519486,0.35151893885519486,False
4,feature_273,True,-0.06658072796209215,0.06658072796209215,False
4,feature_274,True,0.06974552286780512,0.06974552286780512,False
4,feature_275,True,-0.21883580240785117,0.21883580240785117,False
4,feature_276,False,,,False
4,feature_277,True,0.5999944293989848,0.5999944293989848,False
4,feature_278,True,0.4351699774858305,0.4351699774858305,False
4,feature_279,True,0.29068282641360055,0.29068282641360055,False
4,feature_280,True,-0.3319906141527544,0.3319906141527544,False
4,feature_281,True,0.03467316948590509,0.03467316948590509,False
4,feature_282,True,0.18907879505722983,0.18907879505722983,False
4,feature_283,True,-0.3593978810956993,0.3593978810956993,False
4,feature_284,False,,,False
4,feature_285,True,0.02478127751879656,0.02478127751879656,False
4,feature_286,True,-0.23726455124407178,0.23726455124407178,False
4,feature_287,True,-0.19357112521630954,0.19357112521630954,False
4,feature_288,True,-0.1105178703090976,0.1105178703090976,False
4,feature_289,True,-0.07255767323643525,0.07255767323643525,False
4,feature_290,True,-0.1422876266524456,0.1422876266524456,False
4,feature_291,True,0.07168493046035022,0.07168493046035022,False
4,feature_292,True,0.21500884720976543,0.21500884720976543,False
4,feature_293,True,-0.3078978203683219,0.3078978203683219,False
4,feature_294,True,0.2153501836280348,0.2153501836280348,False
4,feature_295,True,0.2846521336056883,0.2846521336056883,False
4,feature_296,True,0.09292019460139476,0.09292019460139476,False
4,feature_297,True,-0.008997430495376038,0.008997430495376038,False
4,feature_298,True,0.21356491820575596,0.21356491820575596,False
4,feature_299,True,-0.4485943086995444,0.4485943086995444,False
4,feature_300,True,-0.439352859472977,0.439352859472977,False
4,feature_301,True,0.3232657221121158,0.3232657221121158,False
4,feature_302,True,0.48195197634564024,0.48195197634564024,False
4,feature_303,True,0.011689363234481599,0.011689363234481599,False
4,feature_304,True,-0.21581089972404016,0.21581089972404016,False
4,feature_305,True,-0.3994598629496206,0.3994598629496206,False
4,feature_306,True,-0.06237739282215258,0.06237739282215258,False
4,feature_307,True,-0.2168056723336217,0.2168056723336217,False
4,feature_308,True,0.08311741443093158,0.08311741443093158,False
4,feature_309,True,-0.21817119918039177,0.21817119918039177,False
4,feature_310,True,0.4462081885181275,0.4462081885181275,False
4,feature_311,True,-0.32080110528485384,0.32080110528485384,False
4,feature_312,True,-0.1746208096276989,0.1746208096276989,False
4,feature_313,False,,,False
4,feature_314,False,,,False
4,feature_315,False,,,False
4,feature_316,True,-0.12111061994182558,0.12111061994182558,False
4,feature_317,True,-0.49575285707678335,0.49575285707678335,False
4,feature_318,True,0.0629062012403018,0.0629062012403018,False
4,feature_319,True,0.3052360746771983,0.3052360746771983,False
4,feature_320,True,-0.2082148271995234,0.2082148271995234,False
4,feature_321,True,-0.4698101621285491,0.4698101621285491,False
4,feature_322,False,,,False
4,feature_323,True,0.08378999046817925,0.08378999046817925,False
4,feature_324,True,-0.6237028570274615,0.6237028570274615,False
4,feature_325,False,,,False
4,feature_326,False,,,False
4,feature_327,False,,,False
4,feature_328,False,,,False
4,feature_329,False,,,False
4,feature_330,False,,,False
4,feature_331,True,0.17408836807057848,0.17408836807057848,False
4,feature_332,True,-0.46761753169395154,0.46761753169395154,False
4,feature_333,True,0.3538259234817421,0.3538259234817421,False
4,feature_334,True,-0.39092352082867826,0.39092352082867826,False
4,feature_335,True,0.14948006267255118,0.14948006267255118,False
4,feature_336,True,-0.05723990430032948,0.05723990430032948,False
4,feature_337,True,0.08087546874635014,0.08087546874635014,False
4,feature_338,True,-0.11675924308117618,0.11675924308117618,False
4,feature_339,True,0.04559386730042744,0.04559386730042744,False
4,feature_340,True,-0.3805554510808197,0.3805554510808197,False
4,feature_341,True,0.018082937811249047,0.018082937811249047,False
4,feature_342,True,-0.14111378099186955,0.14111378099186955,False
4,feature_343,True,-0.24363387691764105,0.24363387691764105,False
4,feature_344,True,-0.015497026179052015,0.015497026179052015,False
4,feature_345,True,0.21702045363679956,0.21702045363679956,False
4,feature_346,True,0.4104216449947572,0.4104216449947572,False
4,feature_347,True,-0.14111378099186958,0.14111378099186958,False
4,feature_348,True,0.26712705331833575,0.26712705331833575,False
4,feature_349,True,0.33477097745772677,0.33477097745772677,False
4,feature_350,True,-0.38268240425294225,0.38268240425294225,False
4,feature_351,True,0.15987013653274812,0.15987013653274812,False
4,feature_352,True,-0.43151238632042266,0.43151238632042266,False
4,feature_353,True,0.0923257603098912,0.0923257603098912,False
4,feature_354,True,-0.5099450660764614,0.5099450660764614,False
4,feature_355,True,0.3021303606337051,0.3021303606337051,False
4,feature_356,True,0.2021291444661407,0.2021291444661407,False
4,feature_357,True,0.4436660702430647,0.4436660702430647,False
4,feature_358,True,0.5377519486398455,0.5377519486398455,False
4,feature_359,True,0.18221034414348308,0.18221034414348308,False
4,feature_360,True,0.16850942716739187,0.16850942716739187,False
4,feature_361,True,0.6916637012032559,0.6916637012032559,False
4,feature_362,True,-0.06030317584419492,0.06030317584419492,False
4,feature_363,True,0.009220833734260378,0.009220833734260378,False
4,feature_364,False,,,False
4,feature_365,True,0.40772230379761426,0.40772230379761426,False
4,feature_366,True,-0.3958525730577922,0.3958525730577922,False
4,feature_367,True,-0.3074946713130407,0.3074946713130407,False
4,feature_368,True,-0.0393961083602016,0.0393961083602016,False
4,feature_369,False,,,False
4,feature_370,False,,,False
4,feature_371,False,,,False
4,feature_372,False,,,False
4,feature_373,False,,,False
4,feature_374,False,,,False
4,feature_375,False,,,False
4,feature_376,True,0.30679431226644693,0.30679431226644693,False
4,feature_377,True,-0.34634819295445235,0.34634819295445235,False
4,feature_378,False,,,False
4,feature_379,False,,,False
4,feature_380,False,,,False
4,feature_381,False,,,False
4,feature_382,True,-0.20355020755144215,0.20355020755144215,False
4,feature_383,True,0.012454784597595305,0.012454784597595305,False
4,feature_384,True,-0.11570678320604577,0.11570678320604577,False
4,feature_385,True,0.3984034093461347,0.3984034093461347,False
4,feature_386,True,0.0032822772203144153,0.0032822772203144153,False
4,feature_387,True,0.25616943804636216,0.25616943804636216,False
4,feature_388,True,0.40231497915525694,0.40231497915525694,False
4,feature_389,True,-0.29699574664152895,0.29699574664152895,False
4,feature_390,True,-0.7042785872658579,0.7042785872658579,False
4,feature_391,True,0.6446634114047503,0.6446634114047503,False
4,feature_392,True,0.03941473543406362,0.03941473543406362,False
4,feature_393,True,-0.10016440366750344,0.10016440366750344,False
4,feature_394,False,,,False
4,feature_395,False,,,False
4,feature_396,False,,,False
4,feature_397,False,,,False
4,feature_398,False,,,False
4,feature_399,False,,,False
4,feature_400,False,,,False
4,feature_401,False,,,False
4,feature_402,False,,,False
4,feature_403,False,,,False
4,feature_404,False,,,False
4,feature_405,True,0.03692219822653977,0.03692219822653977,False
4,feature_406,True,0.7055401053529747,0.7055401053529747,True
4,feature_407,True,0.15829567917005927,0.15829567917005927,False
4,feature_408,True,0.096411369946496,0.096411369946496,False
4,feature_409,True,-0.05952953068246724,0.05952953068246724,False
4,feature_410,True,0.176303788769315,0.176303788769315,False
4,feature_411,True,0.2620050053393034,0.2620050053393034,False
4,feature_412,True,-0.3290832474775205,0.3290832474775205,False
4,feature_413,True,0.29294579102680757,0.29294579102680757,False
4,feature_414,False,,,False
4,feature_415,True,-0.3164105445340137,0.3164105445340137,False
4,feature_416,True,-0.1682977830657155,0.1682977830657155,False
4,feature_417,True,-0.31067934246854056,0.31067934246854056,False
4,feature_418,True,-0.2278447846041424,0.2278447846041424,False
4,feature_419,True,0.24732874737973382,0.24732874737973382,False
4,feature_420,True,0.061672010929882864,0.061672010929882864,False
4,feature_421,True,-0.2698636155030181,0.2698636155030181,False
4,feature_422,False,,,False
4,feature_423,True,0.4179302797608558,0.4179302797608558,False
4,feature_424,True,-0.2695014527041116,0.2695014527041116,False
4,feature_425,True,1.006699703424754,1.006699703424754,True
4,feature_426,True,-0.13273165413017624,0.13273165413017624,False
4,feature_427,True,0.19696796866511435,0.19696796866511435,False
4,feature_428,True,-0.2762677870125717,0.2762677870125717,False
4,feature_429,True,-0.07561195264248881,0.07561195264248881,False
4,feature_430,True,0.2964452234524856,0.2964452234524856,False
4,feature_431,True,0.21898157237782334,0.21898157237782334,False
4,feature_432,True,-0.39810921002420274,0.39810921002420274,False
4,feature_433,True,0.42220020138433145,0.42220020138433145,False
4,feature_434,True,0.059758099967078336,0.059758099967078336,False
4,feature_435,True,-0.04770736364737074,0.04770736364737074,False
4,feature_436,True,-0.2014288129605724,0.2014288129605724,False
4,feature_437,True,0.23985231623096026,0.23985231623096026,False
4,feature_438,True,-0.46608471004551355,0.46608471004551355,False
4,feature_439,True,0.09634790827487877,0.09634790827487877,False
4,feature_440,True,-0.28972149881667025,0.28972149881667025,False
4,feature_441,True,0.12643835733683645,0.12643835733683645,False
4,feature_442,True,0.056368747613474164,0.056368747613474164,False
4,feature_443,True,0.2554548583125397,0.2554548583125397,False
4,feature_444,True,0.014021965203500655,0.014021965203500655,False
4,feature_445,True,0.30623909127719595,0.30623909127719595,False
4,feature_446,True,-0.20404728106019762,0.20404728106019762,False
4,feature_447,True,0.051194500222708314,0.051194500222708314,False
4,feature_448,True,-0.3234290225716517,0.3234290225716517,False
4,feature_449,False,,,False
4,feature_450,False,,,False
4,feature_451,False,,,False
4,feature_452,True,-0.10064440831534825,0.10064440831534825,False
4,feature_453,True,0.28450573408496665,0.28450573408496665,False
4,feature_454,True,-0.18764148571212935,0.18764148571212935,False
4,feature_455,True,0.06134414455650757,0.06134414455650757,False
4,feature_456,True,-0.22908150700194227,0.22908150700194227,False
4,feature_457,True,0.28098992905129516,0.28098992905129516,False
4,feature_458,False,,,False
4,feature_459,True,0.2108874368532442,0.2108874368532442,False
4,feature_460,True,0.30196548901894693,0.30196548901894693,False
4,feature_461,False,,,False
4,feature_462,False,,,False
4,feature_463,False,,,False
4,feature_464,False,,,False
4,feature_465,False,,,False
4,feature_466,False,,,False
4,feature_467,True,0.03498811597868337,0.03498811597868337,False
4,feature_468,True,-0.24806627434017672,0.24806627434017672,False
4,feature_469,True,0.030458415863910113,0.030458415863910113,False
4,feature_470,True,-0.06636553435741097,0.06636553435741097,False
4,feature_471,True,0.8939420088165219,0.8939420088165219,True
4,feature_472,True,-0.4049959814597814,0.4049959814597814,False
4,feature_473,True,0.20576281355174486,0.20576281355174486,False
4,feature_474,True,-0.17012024411551335,0.17012024411551335,False
4,feature_475,True,0.06293298025134693,0.06293298025134693,False
4,feature_476,True,-0.19993817492354599,0.19993817492354599,False
4,feature_477,True,0.3289976899494186,0.3289976899494186,False
4,feature_478,True,-0.14111378099186958,0.14111378099186958,False
4,feature_479,True,0.25425153463801137,0.25425153463801137,False
4,feature_480,True,-0.09630060482392377,0.09630060482392377,False
4,feature_481,False,,,False
4,feature_482,True,0.44154468208643255,0.44154468208643255,False
4,feature_483,True,0.006382605916431847,0.006382605916431847,False
4,feature_484,True,-0.17871571733872457,0.17871571733872457,False
4,feature_485,True,-0.2110500130117309,0.2110500130117309,False
4,feature_486,True,0.4990884049869324,0.4990884049869324,False
4,feature_487,True,0.2852011924452774,0.2852011924452774,False
4,feature_488,True,-0.336200182732789,0.336200182732789,False
4,feature_489,True,-0.015665034961996314,0.015665034961996314,False
4,feature_490,True,-0.07639067285044787,0.07639067285044787,False
4,feature_491,True,0.3161553334214513,0.3161553334214513,False
4,feature_492,True,-0.04720663086113429,0.04720663086113429,False
4,feature_493,True,-0.6556610322781613,0.6556610322781613,False
4,feature_494,True,-0.04027428082436116,0.04027428082436116,False
4,feature_495,True,-0.3489803041542114,0.3489803041542114,False
4,feature_496,True,0.20797699382831508,0.20797699382831508,False
4,feature_497,True,0.04634421466316219,0.04634421466316219,False
4,feature_498,False,,,False
4,feature_499,True,-0.7451045892670777,0.7451045892670777,True
4,feature_500,True,0.5725166206612573,0.5725166206612573,False
4,feature_501,False,,,False
4,feature_502,False,,,False
4,feature_503,False,,,False
4,feature_504,False,,,False
4,feature_505,False,,,False
4,feature_506,False,,,False
4,feature_507,False,,,False
4,feature_508,False,,,False
4,feature_509,False,,,False
4,feature_510,True,0.3819132079109033,0.3819132079109033,False
4,feature_511,True,0.47689486183268387,0.47689486183268387,False
4,feature_512,False,,,False
4,feature_513,False,,,False
4,feature_514,False,,,False
4,feature_515,False,,,False
4,feature_516,True,-0.2068595523615228,0.2068595523615228,False
4,feature_517,True,0.05447180103542693,0.05447180103542693,False
4,feature_518,True,0.08600543373985542,0.08600543373985542,False
4,feature_519,True,-0.14964159293902735,0.14964159293902735,False
4,feature_520,True,-0.1302787673193176,0.1302787673193176,False
4,feature_521,True,0.20745277432752046,0.20745277432752046,False
4,feature_522,True,0.18543233483087845,0.18543233483087845,False
4,feature_523,True,-0.3115192042203489,0.3115192042203489,False
4,feature_524,True,0.25436088113380806,0.25436088113380806,False
4,feature_525,True,-0.24614742567557954,0.24614742567557954,False
4,feature_526,True,-0.03628217784800476,0.03628217784800476,False
4,feature_527,True,0.17585663267374055,0.17585663267374055,False
4,feature_528,False,,,False
4,feature_529,False,,,False
4,feature_530,False,,,False
4,feature_531,False,,,False
4,feature_532,False,,,False
4,feature_533,False,,,False
4,feature_534,False,,,False
4,feature_535,False,,,False
4,feature_536,False,,,False
4,feature_537,False,,,False
4,feature_538,False,,,False
4,feature_539,True,-0.0961628407720476,0.0961628407720476,False
4,feature_540,True,-0.24841635676709897,0.24841635676709897,False
4,feature_541,True,0.18209815569077167,0.18209815569077167,False
4,feature_542,True,0.20510085985432713,0.20510085985432713,False
4,feature_543,True,-0.05451491090128653,0.05451491090128653,False
4,feature_544,True,-0.2755714871349874,0.2755714871349874,False
4,feature_545,True,0.017661311184259502,0.017661311184259502,False
4,feature_546,True,0.25598046076898484,0.25598046076898484,False
4,feature_547,True,0.6416318498107021,0.6416318498107021,False
4,feature_548,True,0.19723535522386265,0.19723535522386265,False
4,feature_549,True,-0.5943647645760779,0.5943647645760779,False
4,feature_550,True,0.038099308482303904,0.038099308482303904,False
4,feature_551,True,0.11570647076450112,0.11570647076450112,False
4,feature_552,True,-0.22648611224744888,0.22648611224744888,False
4,feature_553,True,-0.2705154819810026,0.2705154819810026,False
4,feature_554,True,0.24925358360941452,0.24925358360941452,False
4,feature_555,True,-0.30358571908572657,0.30358571908572657,False
4,feature_556,True,0.020707967939346712,0.020707967939346712,False
4,feature_557,True,0.18858370354623707,0.18858370354623707,False
4,feature_558,True,-0.12983151495953454,0.12983151495953454,False
4,feature_559,True,0.06083217685891097,0.06083217685891097,False
4,feature_560,True,0.028484694105963437,0.028484694105963437,False
4,feature_561,True,0.11386576209017917,0.11386576209017917,False
4,feature_562,True,-0.39825803892569794,0.39825803892569794,False
4,feature_563,True,-0.9452103865081359,0.9452103865081359,True
4,feature_564,True,0.3123176712913608,0.3123176712913608,False
4,feature_565,True,0.2633668341870567,0.2633668341870567,False
4,feature_566,True,-0.5162579667454208,0.5162579667454208,False
4,feature_567,True,0.7579848368676805,0.7579848368676805,True
4,feature_568,True,0.3042623948368393,0.3042623948368393,False
4,feature_569,True,-0.20303252432116387,0.20303252432116387,False
4,feature_570,True,0.499142948954463,0.499142948954463,False
4,feature_571,True,-0.21103314249591706,0.21103314249591706,False
4,feature_572,True,0.11780475094417019,0.11780475094417019,False
4,feature_573,True,-0.42369195590645137,0.42369195590645137,False
4,feature_574,True,-0.007137136450786978,0.007137136450786978,False
4,feature_575,True,0.2572042669340552,0.2572042669340552,False
4,feature_576,True,0.06976330860854738,0.06976330860854738,False
4,feature_577,True,-0.5822732390244058,0.5822732390244058,False
4,feature_578,True,-0.7115444285639019,0.7115444285639019,True
4,feature_579,True,0.1974910843729842,0.1974910843729842,False
4,feature_580,True,-0.009124964974942532,0.009124964974942532,False
4,feature_581,True,-0.8622817979727704,0.8622817979727704,True
4,feature_582,True,0.2918865325752614,0.2918865325752614,False
4,feature_583,True,0.08439026011473133,0.08439026011473133,False
4,feature_584,True,0.13690922036893488,0.13690922036893488,False
4,feature_585,True,0.05319694098977123,0.05319694098977123,False
4,feature_586,True,-0.08542188095637818,0.08542188095637818,False
4,feature_587,True,0.5021947198909168,0.5021947198909168,False
4,feature_588,True,0.21704311538254215,0.21704311538254215,False
4,feature_589,True,-0.251002382524114,0.251002382524114,False
5,feature_000,True,-0.08434307580048403,0.08434307580048403,False
5,feature_001,True,-0.07523303999449472,0.07523303999449472,False
5,feature_002,True,0.05085576271235744,0.05085576271235744,False
5,feature_003,True,0.02790312152629579,0.02790312152629579,False
5,feature_004,True,-0.4248248949202338,0.4248248949202338,False
5,feature_005,False,,,False
5,feature_006,True,-0.20055962670692984,0.20055962670692984,False
5,feature_007,True,-0.06110760672243081,0.06110760672243081,False
5,feature_008,True,-0.06508791005741636,0.06508791005741636,False
5,feature_009,True,-0.2633965569438753,0.2633965569438753,False
5,feature_010,True,-0.1353621292017084,0.1353621292017084,False
5,feature_011,True,0.3187360003014738,0.3187360003014738,False
5,feature_012,True,0.21757349266960474,0.21757349266960474,False
5,feature_013,False,,,False
5,feature_014,True,-0.5881746460375726,0.5881746460375726,False
5,feature_015,True,0.11911470698289746,0.11911470698289746,False
5,feature_016,True,0.8440490933305869,0.8440490933305869,True
5,feature_017,True,0.28669626451713176,0.28669626451713176,False
5,feature_018,True,-0.6144464703154413,0.6144464703154413,False
5,feature_019,True,0.17850241305543726,0.17850241305543726,False
5,feature_020,True,0.5517357775309873,0.5517357775309873,False
5,feature_021,True,0.582309324211985,0.582309324211985,False
5,feature_022,True,-0.7179370493666286,0.7179370493666286,False
5,feature_023,True,0.17124639893731233,0.17124639893731233,False
5,feature_024,True,-0.15972201319431795,0.15972201319431795,False
5,feature_025,True,0.8599673853611074,0.8599673853611074,True
5,feature_026,True,0.08420963352602794,0.08420963352602794,False
5,feature_027,True,0.2709938235985104,0.2709938235985104,False
5,feature_028,True,-0.3661048978807918,0.3661048978807918,False
5,feature_029,True,0.34054330899982577,0.34054330899982577,False
5,feature_030,True,-0.9022720034685505,0.9022720034685505,True
5,feature_031,True,0.6181891091296736,0.6181891091296736,False
5,feature_032,True,0.7678655650552016,0.7678655650552016,False
5,feature_033,True,-0.022264925925167316,0.022264925925167316,False
5,feature_034,True,-0.43138578893829177,0.43138578893829177,False
5,feature_035,True,-0.43848154365150116,0.43848154365150116,False
5,feature_036,True,0.43150470792298207,0.43150470792298207,False
5,feature_037,True,-0.17710704951069928,0.17710704951069928,False
5,feature_038,True,0.05534716151556181,0.05534716151556181,False
5,feature_039,True,0.304939353231838,0.304939353231838,False
5,feature_040,True,-0.8715668676327494,0.8715668676327494,True
5,feature_041,True,-0.7344651183231022,0.7344651183231022,False
5,feature_042,False,,,False
5,feature_043,True,-0.4698084042862417,0.4698084042862417,False
5,feature_044,True,0.17297828312567204,0.17297828312567204,False
5,feature_045,True,0.5187152410951917,0.5187152410951917,False
5,feature_046,True,0.4140304772224476,0.4140304772224476,False
5,feature_047,True,0.22909679443460282,0.22909679443460282,False
5,feature_048,True,-0.2555477017939377,0.2555477017939377,False
5,feature_049,False,,,False
5,feature_050,True,-0.006392824943041315,0.006392824943041315,False
5,feature_051,True,-0.11748492171220495,0.11748492171220495,False
5,feature_052,False,,,False
5,feature_053,True,-0.37756131325852066,0.37756131325852066,False
5,feature_054,True,-0.3245929501664561,0.3245929501664561,False
5,feature_055,True,0.22316380707892894,0.22316380707892894,False
5,feature_056,True,0.2220627273342179,0.2220627273342179,False
5,feature_057,True,-0.041337588099703615,0.041337588099703615,False
5,feature_058,True,0.4723705229114158,0.4723705229114158,False
5,feature_059,True,1.652472877274809,1.652472877274809,True
5,feature_060,True,0.04354454547048614,0.04354454547048614,False
5,feature_061,True,0.8140136719980373,0.8140136719980373,True
5,feature_062,True,-0.45983649809945065,0.45983649809945065,False
5,feature_063,True,-0.3163363091673386,0.3163363091673386,False
5,feature_064,True,0.6691416976961699,0.6691416976961699,False
5,feature_065,True,-0.168648869787786,0.168648869787786,False
5,feature_066,True,0.3478929003114016,0.3478929003114016,False
5,feature_067,True,-0.715428951348031,0.715428951348031,False
5,feature_068,True,0.07489378973055703,0.07489378973055703,False
5,feature_069,False,,,False
5,feature_070,True,-0.3955521918927551,0.3955521918927551,False
5,feature_071,True,0.19892430876775705,0.19892430876775705,False
5,feature_072,True,0.7942717318183757,0.7942717318183757,True
5,feature_073,True,0.3237682280209155,0.3237682280209155,False
5,feature_074,True,0.06741944161618012,0.06741944161618012,False
5,feature_075,True,0.7890699649451371,0.7890699649451371,True
5,feature_076,True,-0.16022715314096028,0.16022715314096028,False
5,feature_077,True,-0.16346844237996025,0.16346844237996025,False
5,feature_078,True,-0.8302181486906166,0.8302181486906166,True
5,feature_079,True,-0.05719879371327221,0.05719879371327221,False
5,feature_080,True,-0.26160416689176164,0.26160416689176164,False
5,feature_081,True,0.2571553571497381,0.2571553571497381,False
5,feature_082,True,-0.12531616711892193,0.12531616711892193,False
5,feature_083,True,-0.18514799552472702,0.18514799552472702,False
5,feature_084,True,-0.27776620005361613,0.27776620005361613,False
5,feature_085,True,-0.14652598585732657,0.14652598585732657,False
5,feature_086,True,0.2396508718698899,0.2396508718698899,False
5,feature_087,True,-0.05648753793850349,0.05648753793850349,False
5,feature_088,True,-0.47802929246504894,0.47802929246504894,False
5,feature_089,True,-0.3504318017437542,0.3504318017437542,False
5,feature_090,True,0.15803803035643468,0.15803803035643468,False
5,feature_091,True,-0.15516255591982242,0.15516255591982242,False
5,feature_092,True,0.1376787833372467,0.1376787833372467,False
5,feature_093,True,-0.3545302384877919,0.3545302384877919,False
5,feature_094,True,-0.6346475806000694,0.6346475806000694,False
5,feature_095,True,0.4319068246537632,0.4319068246537632,False
5,feature_096,True,-0.16723552608258568,0.16723552608258568,False
5,feature_097,False,,,False
5,feature_098,True,-0.0015803208127507244,0.0015803208127507244,False
5,feature_099,True,0.026888701139569753,0.026888701139569753,False
5,feature_100,True,0.365817196819163,0.365817196819163,False
5,feature_101,True,-0.29609933097641317,0.29609933097641317,False
5,feature_102,True,-0.23916609079691714,0.23916609079691714,False
5,feature_103,True,0.2632608306141479,0.2632608306141479,False
5,feature_104,True,-0.23335300309073528,0.23335300309073528,False
5,feature_105,True,0.21424390424723572,0.21424390424723572,False
5,feature_106,True,-0.07129777061175255,0.07129777061175255,False
5,feature_107,True,0.5734908083130407,0.5734908083130407,False
5,feature_108,True,-0.17681954696862756,0.17681954696862756,False
5,feature_109,True,-0.4946727587304562,0.4946727587304562,False
5,feature_110,True,0.21723037578403648,0.21723037578403648,False
5,feature_111,True,-0.2498837561002698,0.2498837561002698,False
5,feature_112,True,-0.17296348708423603,0.17296348708423603,False
5,feature_113,True,0.7313601604417066,0.7313601604417066,False
5,feature_114,True,-0.2114054629494562,0.2114054629494562,False
5,feature_115,True,-0.5229920727903886,0.5229920727903886,False
5,feature_116,True,-0.40612337478805693,0.40612337478805693,False
5,feature_117,True,-0.4080075033997614,0.4080075033997614,False
5,feature_118,True,-0.06000487780601968,0.06000487780601968,False
5,feature_119,True,-0.5620092094518773,0.5620092094518773,False
5,feature_120,True,-0.2214562458097914,0.2214562458097914,False
5,feature_121,True,0.34111933241158326,0.34111933241158326,False
5,feature_122,True,-0.5293855093323662,0.5293855093323662,False
5,feature_123,True,0.07059742896630497,0.07059742896630497,False
5,feature_124,True,-0.9704897836112824,0.9704897836112824,True
5,feature_125,True,0.0846420617487365,0.0846420617487365,False
5,feature_126,True,0.38953989097239305,0.38953989097239305,False
5,feature_127,True,-0.23099078026630127,0.23099078026630127,False
5,feature_128,True,-0.12801468975028835,0.12801468975028835,False
5,feature_129,True,0.7629376224038006,0.7629376224038006,False
5,feature_130,True,0.05690210067788671,0.05690210067788671,False
5,feature_131,True,0.35490364919900247,0.35490364919900247,False
5,feature_132,True,-0.7083276583664667,0.7083276583664667,False
5,feature_133,True,0.2641225979703025,0.2641225979703025,False
5,feature_134,True,-0.1829491870368559,0.1829491870368559,False
5,feature_135,True,0.18237005953326715,0.18237005953326715,False
5,feature_136,True,-0.4531732441237204,0.4531732441237204,False
5,feature_137,True,0.2211257120378915,0.2211257120378915,False
5,feature_138,True,0.3095877751893594,0.3095877751893594,False
5,feature_139,True,-0.06137198093281207,0.06137198093281207,False
5,feature_140,True,-0.39726353584787044,0.39726353584787044,False
5,feature_141,False,,,False
5,feature_142,True,-0.7858693974595553,0.7858693974595553,True
5,feature_143,True,-0.36555463836406316,0.36555463836406316,False
5,feature_144,True,0.07183050872025741,0.07183050872025741,False
5,feature_145,True,-0.13771984075782676,0.13771984075782676,False
5,feature_146,True,-0.6677187274306041,0.6677187274306041,False
5,feature_147,True,0.022614000983625246,0.022614000983625246,False
5,feature_148,True,-0.2956295065269782,0.2956295065269782,False
5,feature_149,False,,,False
5,feature_150,True,0.3136652989294982,0.3136652989294982,False
5,feature_151,True,-0.2959053892603591,0.2959053892603591,False
5,feature_152,True,-0.1368723319148788,0.1368723319148788,False
5,feature_153,True,-0.15650183047902952,0.15650183047902952,False
5,feature_154,True,-0.1582900438264096,0.1582900438264096,False
5,feature_155,True,-0.19478374481949395,0.19478374481949395,False
5,feature_156,True,-0.09234003781220726,0.09234003781220726,False
5,feature_157,True,-0.7556372482548351,0.7556372482548351,False
5,feature_158,True,0.28149282807963544,0.28149282807963544,False
5,feature_159,True,0.22678978593091034,0.22678978593091034,False
5,feature_160,True,0.26149488514095437,0.26149488514095437,False
5,feature_161,True,-0.35500712038071824,0.35500712038071824,False
5,feature_162,True,-0.7337629975742312,0.7337629975742312,False
5,feature_163,True,-0.12890713504725768,0.12890713504725768,False
5,feature_164,True,-0.7322795186950214,0.7322795186950214,False
5,feature_165,True,-0.1905252911164538,0.1905252911164538,False
5,feature_166,True,-0.30161821078143136,0.30161821078143136,False
5,feature_167,True,0.4039112278838512,0.4039112278838512,False
5,feature_168,True,0.6703691122145372,0.6703691122145372,False
5,feature_169,True,-0.23196020965233416,0.23196020965233416,False
5,feature_170,True,0.33034398734152265,0.33034398734152265,False
5,feature_171,True,-0.16418799248078567,0.16418799248078567,False
5,feature_172,True,0.20529204377845178,0.20529204377845178,False
5,feature_173,True,-0.287314952635518,0.287314952635518,False
5,feature_174,True,0.207194285904002,0.207194285904002,False
5,feature_175,True,-0.2580091453810381,0.2580091453810381,False
5,feature_176,True,0.1478531985238966,0.1478531985238966,False
5,feature_177,True,-0.20954246756741057,0.20954246756741057,False
5,feature_178,False,,,False
5,feature_179,False,,,False
5,feature_180,True,0.06609317459412269,0.06609317459412269,False
5,feature_181,True,-0.08092993500571465,0.08092993500571465,False
5,feature_182,True,-0.18959715884888198,0.18959715884888198,False
5,feature_183,True,0.3457837245127797,0.3457837245127797,False
5,feature_184,True,0.115804933345555,0.115804933345555,False
5,feature_185,True,0.046828431960522575,0.046828431960522575,False
5,feature_186,False,,,False
5,feature_187,True,0.11553558347844059,0.11553558347844059,False
5,feature_188,True,0.5307112482502822,0.5307112482502822,False
5,feature_189,False,,,False
5,feature_190,False,,,False
5,feature_191,False,,,False
5,feature_192,False,,,False
5,feature_193,False,,,False
5,feature_194,False,,,False
5,feature_195,True,0.14976388969864318,0.14976388969864318,False
5,feature_196,True,-0.18458628344850952,0.18458628344850952,False
5,feature_197,True,0.5637312241883381,0.5637312241883381,False
5,feature_198,True,0.162458791541699,0.162458791541699,False
5,feature_199,True,-0.029237490250775593,0.029237490250775593,False
5,feature_200,True,0.08668580354623376,0.08668580354623376,False
5,feature_201,True,0.2004449522459045,0.2004449522459045,False
5,feature_202,True,-0.0733248437526858,0.0733248437526858,False
5,feature_203,True,0.09280446250089582,0.09280446250089582,False
5,feature_204,True,-0.5479860357965721,0.5479860357965721,False
5,feature_205,True,0.8645494985651959,0.8645494985651959,True
5,feature_206,True,0.06741944161617969,0.06741944161617969,False
5,feature_207,True,-0.18768955535462856,0.18768955535462856,False
5,feature_208,True,-0.20697101946263158,0.20697101946263158,False
5,feature_209,True,0.06741944161617969,0.06741944161617969,False
5,feature_210,True,-0.0924864806028158,0.0924864806028158,False
5,feature_211,True,-0.01807915013404899,0.01807915013404899,False
5,feature_212,True,-0.16169859700348646,0.16169859700348646,False
5,feature_213,True,0.4259126729963036,0.4259126729963036,False
5,feature_214,True,-0.694663773025675,0.694663773025675,False
5,feature_215,True,-0.4389368573490207,0.4389368573490207,False
5,feature_216,True,1.2159704075943092,1.2159704075943092,True
5,feature_217,True,-0.1878398355719862,0.1878398355719862,False
5,feature_218,True,-0.2998691624404841,0.2998691624404841,False
5,feature_219,True,-0.12434836437670081,0.12434836437670081,False
5,feature_220,True,0.02361605764455649,0.02361605764455649,False
5,feature_221,True,-0.5267447171509742,0.5267447171509742,False
5,feature_222,True,-0.05798791340881579,0.05798791340881579,False
5,feature_223,True,-0.1903292437228044,0.1903292437228044,False
5,feature_224,True,-0.049598024688434966,0.049598024688434966,False
5,feature_225,True,0.2359749449660725,0.2359749449660725,False
5,feature_226,False,,,False
5,feature_227,True,-0.07641910781020927,0.07641910781020927,False
5,feature_228,True,-0.1557367610411396,0.1557367610411396,False
5,feature_229,False,,,False
5,feature_230,False,,,False
5,feature_231,False,,,False
5,feature_232,False,,,False
5,feature_233,False,,,False
5,feature_234,False,,,False
5,feature_235,False,,,False
5,feature_236,False,,,False
5,feature_237,False,,,False
5,feature_238,True,0.17491581498344128,0.17491581498344128,False
5,feature_239,True,0.11180533606511482,0.11180533606511482,False
5,feature_240,False,,,False
5,feature_241,False,,,False
5,feature_242,False,,,False
5,feature_243,False,,,False
5,feature_244,True,-0.087542096371383,0.087542096371383,False
5,feature_245,True,0.03532783871765397,0.03532783871765397,False
5,feature_246,True,0.39603177365706915,0.39603177365706915,False
5,feature_247,True,0.016203113175108017,0.016203113175108017,False
5,feature_248,True,-0.47596416396588487,0.47596416396588487,False
5,feature_249,True,0.6111036266052993,0.6111036266052993,False
5,feature_250,True,0.25554908812785915,0.25554908812785915,False
5,feature_251,True,-0.46313143781656163,0.46313143781656163,False
5,feature_252,True,0.14076621074960582,0.14076621074960582,False
5,feature_253,True,0.01922536829360984,0.01922536829360984,False
5,feature_254,True,0.043087785998396355,0.043087785998396355,False
5,feature_255,True,-0.02597124688104309,0.02597124688104309,False
5,feature_256,False,,,False
5,feature_257,False,,,False
5,feature_258,False,,,False
5,feature_259,False,,,False
5,feature_260,False,,,False
5,feature_261,False,,,False
5,feature_262,False,,,False
5,feature_263,False,,,False
5,feature_264,False,,,False
5,feature_265,False,,,False
5,feature_266,False,,,False
5,feature_267,True,-0.15153681684077408,0.15153681684077408,False
5,feature_268,True,-0.050188758613185336,0.050188758613185336,False
5,feature_269,True,0.055158564612200665,0.055158564612200665,False
5,feature_270,True,-0.5201822048492502,0.5201822048492502,False
5,feature_271,True,0.4266153704248228,0.4266153704248228,False
5,feature_272,True,-0.09407381136321555,0.09407381136321555,False
5,feature_273,True,0.019052739297000604,0.019052739297000604,False
5,feature_274,True,0.17982226148277602,0.17982226148277602,False
5,feature_275,True,-0.10430830282367215,0.10430830282367215,False
5,feature_276,False,,,False
5,feature_277,True,1.0199263274861783,1.0199263274861783,True
5,feature_278,True,0.20582615918104985,0.20582615918104985,False
5,feature_279,True,0.1796576798621214,0.1796576798621214,False
5,feature_280,True,-0.5649818247662775,0.5649818247662775,False
5,feature_281,True,0.1337274059453121,0.1337274059453121,False
5,feature_282,True,0.1711754793317453,0.1711754793317453,False
5,feature_283,True,-0.302558806945605,0.302558806945605,False
5,feature_284,False,,,False
5,feature_285,True,0.09193327294548378,0.09193327294548378,False
5,feature_286,True,-0.30838643183754894,0.30838643183754894,False
5,feature_287,True,-0.15071910478741782,0.15071910478741782,False
5,feature_288,True,0.21194343462599347,0.21194343462599347,False
5,feature_289,True,-0.189633705883239,0.189633705883239,False
5,feature_290,True,0.07917808505114901,0.07917808505114901,False
5,feature_291,True,0.09058194129062778,0.09058194129062778,False
5,feature_292,True,0.5150281660562522,0.5150281660562522,False
5,feature_293,True,-0.050164576331908586,0.050164576331908586,False
5,feature_294,True,0.3483630886550571,0.3483630886550571,False
5,feature_295,True,0.3100280798135383,0.3100280798135383,False
5,feature_296,True,0.01845894121912704,0.01845894121912704,False
5,feature_297,True,0.2674927403131959,0.2674927403131959,False
5,feature_298,True,-0.030663793813831417,0.030663793813831417,False
5,feature_299,True,-0.5076174214422584,0.5076174214422584,False
5,feature_300,True,-0.01588184468985528,0.01588184468985528,False
5,feature_301,True,0.45499983951801587,0.45499983951801587,False
5,feature_302,True,0.20068121266016653,0.20068121266016653,False
5,feature_303,True,-0.17796678917184183,0.17796678917184183,False
5,feature_304,True,-0.23131103358961497,0.23131103358961497,False
5,feature_305,True,-0.6785459440926267,0.6785459440926267,False
5,feature_306,True,0.27162673093986156,0.27162673093986156,False
5,feature_307,True,0.14589688921115515,0.14589688921115515,False
5,feature_308,True,0.06485620033655416,0.06485620033655416,False
5,feature_309,True,0.1431666160316677,0.1431666160316677,False
5,feature_310,True,0.4946270003439123,0.4946270003439123,False
5,feature_311,True,-0.18449370799472245,0.18449370799472245,False
5,feature_312,True,-0.16444756282711948,0.16444756282711948,False
5,feature_313,False,,,False
5,feature_314,False,,,False
5,feature_315,False,,,False
5,feature_316,True,-0.21371442716429348,0.21371442716429348,False
5,feature_317,True,-0.23463244603025155,0.23463244603025155,False
5,feature_318,True,-0.282538815878467,0.282538815878467,False
5,feature_319,True,0.17625918567465412,0.17625918567465412,False
5,feature_320,True,-0.052268109270554856,0.052268109270554856,False
5,feature_321,True,-0.15137179290145325,0.15137179290145325,False
5,feature_322,False,,,False
5,feature_323,True,0.2890086050924427,0.2890086050924427,False
5,feature_324,True,-0.382073517365665,0.382073517365665,False
5,feature_325,False,,,False
5,feature_326,False,,,False
5,feature_327,False,,,False
5,feature_328,False,,,False
5,feature_329,False,,,False
5,feature_330,False,,,False
5,feature_331,True,0.2979593213649746,0.2979593213649746,False
5,feature_332,True,-0.6780501912054444,0.6780501912054444,False
5,feature_333,True,0.49285600097086246,0.49285600097086246,False
5,feature_334,True,-0.10250408645743507,0.10250408645743507,False
5,feature_335,True,-0.39898284466502054,0.39898284466502054,False
5,feature_336,True,-0.06135685045073735,0.06135685045073735,False
5,feature_337,True,0.09206869736810074,0.09206869736810074,False
5,feature_338,True,-0.24192613117809378,0.24192613117809378,False
5,feature_339,True,-0.29880093955519593,0.29880093955519593,False
5,feature_340,True,-0.5735312765580713,0.5735312765580713,False
5,feature_341,True,0.4315030145103641,0.4315030145103641,False
5,feature_342,True,0.06741944161618012,0.06741944161618012,False
5,feature_343,True,-0.1250671563674814,0.1250671563674814,False
5,feature_344,True,-0.03825075229539856,0.03825075229539856,False
5,feature_345,True,-0.07795594844508524,0.07795594844508524,False
5,feature_346,True,0.17907908237725226,0.17907908237725226,False
5,feature_347,True,0.06741944161617969,0.06741944161617969,False
5,feature_348,True,0.44695963408263306,0.44695963408263306,False
5,feature_349,True,0.5758901668897775,0.5758901668897775,False
5,feature_350,True,0.13842829412800406,0.13842829412800406,False
5,feature_351,True,0.06437091449598682,0.06437091449598682,False
5,feature_352,True,-0.0027205625514849117,0.0027205625514849117,False
5,feature_353,True,0.05147934785483402,0.05147934785483402,False
5,feature_354,True,-0.9531287755607937,0.9531287755607937,True
5,feature_355,True,0.2807333988837531,0.2807333988837531,False
5,feature_356,True,-0.4241457263008455,0.4241457263008455,False
5,feature_357,True,0.07417023355031391,0.07417023355031391,False
5,feature_358,True,0.19443672546639723,0.19443672546639723,False
5,feature_359,True,0.5365198619549304,0.5365198619549304,False
5,feature_360,True,0.05234470690711232,0.05234470690711232,False
5,feature_361,True,0.3285584491597189,0.3285584491597189,False
5,feature_362,True,-0.4594475069579556,0.4594475069579556,False
5,feature_363,True,-0.836809138162632,0.836809138162632,True
5,feature_364,False,,,False
5,feature_365,True,0.5427207272011919,0.5427207272011919,False
5,feature_366,True,-0.5311714212659782,0.5311714212659782,False
5,feature_367,True,-0.00159254923329943,0.00159254923329943,False
5,feature_368,True,-0.23924554559743844,0.23924554559743844,False
5,feature_369,False,,,False
5,feature_370,False,,,False
5,feature_371,False,,,False
5,feature_372,False,,,False
5,feature_373,False,,,False
5,feature_374,False,,,False
5,feature_375,False,,,False
5,feature_376,True,0.08066134169153,0.08066134169153,False
5,feature_377,True,0.00200666660964451,0.00200666660964451,False
5,feature_378,False,,,False
5,feature_379,False,,,False
5,feature_380,False,,,False
5,feature_381,False,,,False
5,feature_382,True,-0.12600429580723865,0.12600429580723865,False
5,feature_383,True,0.09348552893812778,0.09348552893812778,False
5,feature_384,True,-0.8167830005151775,0.8167830005151775,True
5,feature_385,True,-0.0781945195018722,0.0781945195018722,False
5,feature_386,True,-0.5688394333640804,0.5688394333640804,False
5,feature_387,True,0.5487148404773181,0.5487148404773181,False
5,feature_388,True,0.09864126800353099,0.09864126800353099,False
5,feature_389,True,-0.4493051625004407,0.4493051625004407,False
5,feature_390,True,0.11153699154752943,0.11153699154752943,False
5,feature_391,True,0.14543833901513722,0.14543833901513722,False
5,feature_392,True,-0.14969911716539466,0.14969911716539466,False
5,feature_393,True,0.02903685194937331,0.02903685194937331,False
5,feature_394,False,,,False
5,feature_395,False,,,False
5,feature_396,False,,,False
5,feature_397,False,,,False
5,feature_398,False,,,False
5,feature_399,False,,,False
5,feature_400,False,,,False
5,feature_401,False,,,False
5,feature_402,False,,,False
5,feature_403,False,,,False
5,feature_404,False,,,False
5,feature_405,True,-0.1654020239961232,0.1654020239961232,False
5,feature_406,True,0.2607171080849188,0.2607171080849188,False
5,feature_407,True,-0.2651722547521872,0.2651722547521872,False
5,feature_408,True,0.26395215939796696,0.26395215939796696,False
5,feature_409,True,-0.5618968435260084,0.5618968435260084,False
5,feature_410,True,0.23231701715845543,0.23231701715845543,False
5,feature_411,True,0.09479709961266276,0.09479709961266276,False
5,feature_412,True,0.21955293943764453,0.21955293943764453,False
5,feature_413,True,-0.1361553375190577,0.1361553375190577,False
5,feature_414,False,,,False
5,feature_415,True,-0.8989105835800278,0.8989105835800278,True
5,feature_416,True,-0.2523311571280566,0.2523311571280566,False
5,feature_417,True,-0.023415050750347187,0.023415050750347187,False
5,feature_418,True,-0.08671910522636381,0.08671910522636381,False
5,feature_419,True,0.11098005658052706,0.11098005658052706,False
5,feature_420,True,-0.016017889185347075,0.016017889185347075,False
5,feature_421,True,-0.3094059715229008,0.3094059715229008,False
5,feature_422,False,,,False
5,feature_423,True,-0.05910817855733324,0.05910817855733324,False
5,feature_424,True,-0.04733819731385526,0.04733819731385526,False
5,feature_425,True,0.7798754777287177,0.7798754777287177,True
5,feature_426,True,-0.16263300214375973,0.16263300214375973,False
5,feature_427,True,-0.15270422929997954,0.15270422929997954,False
5,feature_428,True,-0.17445022759270895,0.17445022759270895,False
5,feature_429,True,-0.06642892505373858,0.06642892505373858,False
5,feature_430,True,0.2270966793245027,0.2270966793245027,False
5,feature_431,True,0.3406118128247576,0.3406118128247576,False
5,feature_432,True,-0.08531798553798568,0.08531798553798568,False
5,feature_433,True,0.26060755037764965,0.26060755037764965,False
5,feature_434,True,-0.0585417201769153,0.0585417201769153,False
5,feature_435,True,-0.20169272650994435,0.20169272650994435,False
5,feature_436,True,-0.05970287064983233,0.05970287064983233,False
5,feature_437,True,-0.024702299962855303,0.024702299962855303,False
5,feature_438,True,-0.5382334891179292,0.5382334891179292,False
5,feature_439,True,-0.3761173002247433,0.3761173002247433,False
5,feature_440,True,-0.29137461379894253,0.29137461379894253,False
5,feature_441,True,0.30211975291979043,0.30211975291979043,False
5,feature_442,True,-0.08249655871180363,0.08249655871180363,False
5,feature_443,True,0.18280459451962983,0.18280459451962983,False
5,feature_444,True,-0.23540212635324637,0.23540212635324637,False
5,feature_445,True,0.2089227237387327,0.2089227237387327,False
5,feature_446,True,-0.254648293439644,0.254648293439644,False
5,feature_447,True,0.15916467201316203,0.15916467201316203,False
5,feature_448,True,-0.23052997593227897,0.23052997593227897,False
5,feature_449,False,,,False
5,feature_450,False,,,False
5,feature_451,False,,,False
5,feature_452,True,0.10465233552554051,0.10465233552554051,False
5,feature_453,True,-0.01860906223466182,0.01860906223466182,False
5,feature_454,True,-0.34904307557731534,0.34904307557731534,False
5,feature_455,True,0.39034009821603,0.39034009821603,False
5,feature_456,True,-0.3487053485969827,0.3487053485969827,False
5,feature_457,True,0.09672534389566395,0.09672534389566395,False
5,feature_458,False,,,False
5,feature_459,True,0.15820075239344525,0.15820075239344525,False
5,feature_460,True,0.3663837278537734,0.3663837278537734,False
5,feature_461,False,,,False
5,feature_462,False,,,False
5,feature_463,False,,,False
5,feature_464,False,,,False
5,feature_465,False,,,False
5,feature_466,False,,,False
5,feature_467,True,0.1620509745958135,0.1620509745958135,False
5,feature_468,True,-0.17094561002374573,0.17094561002374573,False
5,feature_469,True,0.43059261778996655,0.43059261778996655,False
5,feature_470,True,0.11078745310932375,0.11078745310932375,False
5,feature_471,True,0.4050394186782286,0.4050394186782286,False
5,feature_472,True,-0.5215293308460959,0.5215293308460959,False
5,feature_473,True,0.17335208434560906,0.17335208434560906,False
5,feature_474,True,0.16638330705650414,0.16638330705650414,False
5,feature_475,True,0.15065497827690377,0.15065497827690377,False
5,feature_476,True,-0.026452857693725445,0.026452857693725445,False
5,feature_477,True,0.5595289755071948,0.5595289755071948,False
5,feature_478,True,0.06741944161617969,0.06741944161617969,False
5,feature_479,True,-0.06690868659145113,0.06690868659145113,False
5,feature_480,True,-0.2757254743508739,0.2757254743508739,False
5,feature_481,False,,,False
5,feature_482,True,0.23383400883813366,0.23383400883813366,False
5,feature_483,True,0.2910442573958327,0.2910442573958327,False
5,feature_484,True,-0.160077964436502,0.160077964436502,False
5,feature_485,True,0.09234659205837553,0.09234659205837553,False
5,feature_486,True,0.19816109322280445,0.19816109322280445,False
5,feature_487,True,0.1792466758626009,0.1792466758626009,False
5,feature_488,True,-0.417280675823011,0.417280675823011,False
5,feature_489,True,0.21041705014349277,0.21041705014349277,False
5,feature_490,True,0.0021913544781395986,0.0021913544781395986,False
5,feature_491,True,0.2304337210932232,0.2304337210932232,False
5,feature_492,True,-0.032731370174949155,0.032731370174949155,False
5,feature_493,True,-0.5509102235695649,0.5509102235695649,False
5,feature_494,True,-0.06023084688406843,0.06023084688406843,False
5,feature_495,True,-0.26904556452321693,0.26904556452321693,False
5,feature_496,True,0.5510916059258701,0.5510916059258701,False
5,feature_497,True,0.0921858161529195,0.0921858161529195,False
5,feature_498,False,,,False
5,feature_499,True,-0.6618522993973803,0.6618522993973803,False
5,feature_500,True,0.4456738521415756,0.4456738521415756,False
5,feature_501,False,,,False
5,feature_502,False,,,False
5,feature_503,False,,,False
5,feature_504,False,,,False
5,feature_505,False,,,False
5,feature_506,False,,,False
5,feature_507,False,,,False
5,feature_508,False,,,False
5,feature_509,False,,,False
5,feature_510,True,-0.1848682194765962,0.1848682194765962,False
5,feature_511,True,0.4430739041539164,0.4430739041539164,False
5,feature_512,False,,,False
5,feature_513,False,,,False
5,feature_514,False,,,False
5,feature_515,False,,,False
5,feature_516,True,-0.17555392972446413,0.17555392972446413,False
5,feature_517,True,0.01236153228126927,0.01236153228126927,False
5,feature_518,True,0.40364916659359246,0.40364916659359246,False
5,feature_519,True,0.018389761640359107,0.018389761640359107,False
5,feature_520,True,-0.43365205494997316,0.43365205494997316,False
5,feature_521,True,-0.16339336200429777,0.16339336200429777,False
5,feature_522,True,0.3989546054153414,0.3989546054153414,False
5,feature_523,True,-0.44917497217945207,0.44917497217945207,False
5,feature_524,True,0.271211982087307,0.271211982087307,False
5,feature_525,True,-0.1022077494388974,0.1022077494388974,False
5,feature_526,True,0.03958807436872469,0.03958807436872469,False
5,feature_527,True,-0.07349657858741682,0.07349657858741682,False
5,feature_528,False,,,False
5,feature_529,False,,,False
5,feature_530,False,,,False
5,feature_531,False,,,False
5,feature_532,False,,,False
5,feature_533,False,,,False
5,feature_534,False,,,False
5,feature_535,False,,,False
5,feature_536,False,,,False
5,feature_537,False,,,False
5,feature_538,False,,,False
5,feature_539,True,-0.21902314072767412,0.21902314072767412,False
5,feature_540,True,-0.04089727715157071,0.04089727715157071,False
5,feature_541,True,0.3036178107893383,0.3036178107893383,False
5,feature_542,True,0.31047661649539915,0.31047661649539915,False
5,feature_543,True,-0.16926951490869133,0.16926951490869133,False
5,feature_544,True,-0.17669454374737123,0.17669454374737123,False
5,feature_545,True,-0.15568412428973633,0.15568412428973633,False
5,feature_546,True,-0.037882943167669235,0.037882943167669235,False
5,feature_547,True,0.2515006083957719,0.2515006083957719,False
5,feature_548,True,-0.3491287247092376,0.3491287247092376,False
5,feature_549,True,0.007248919516642336,0.007248919516642336,False
5,feature_550,True,-0.2062617205610214,0.2062617205610214,False
5,feature_551,True,0.32507834628791404,0.32507834628791404,False
5,feature_552,True,-0.029016685141372456,0.029016685141372456,False
5,feature_553,True,-0.0850426086619686,0.0850426086619686,False
5,feature_554,True,0.07019340800158157,0.07019340800158157,False
5,feature_555,True,-0.3388860517492385,0.3388860517492385,False
5,feature_556,True,-0.21646740803518877,0.21646740803518877,False
5,feature_557,True,0.4035457820708073,0.4035457820708073,False
5,feature_558,True,0.285745099737906,0.285745099737906,False
5,feature_559,True,0.2666704508462486,0.2666704508462486,False
5,feature_560,True,-0.2917397543962081,0.2917397543962081,False
5,feature_561,True,0.4232001619811538,0.4232001619811538,False
5,feature_562,True,-0.22031320155447612,0.22031320155447612,False
5,feature_563,True,-0.5843575944249343,0.5843575944249343,False
5,feature_564,True,0.3888901941456828,0.3888901941456828,False
5,feature_565,True,0.22675443113693586,0.22675443113693586,False
5,feature_566,True,-0.6805637131401442,0.6805637131401442,False
5,feature_567,True,0.25473809819113385,0.25473809819113385,False
5,feature_568,True,0.41470313106175344,0.41470313106175344,False
5,feature_569,True,-0.2108287091889089,0.2108287091889089,False
5,feature_570,True,-0.08499823448935591,0.08499823448935591,False
5,feature_571,True,-0.17783576807033785,0.17783576807033785,False
5,feature_572,True,0.28367028848116693,0.28367028848116693,False
5,feature_573,True,-0.5481206751178783,0.5481206751178783,False
5,feature_574,True,-0.32020986338715096,0.32020986338715096,False
5,feature_575,True,0.18249029414314583,0.18249029414314583,False
5,feature_576,True,0.5436227160107289,0.5436227160107289,False
5,feature_577,True,-0.6188781178886205,0.6188781178886205,False
5,feature_578,True,-0.48647242886524694,0.48647242886524694,False
5,feature_579,True,0.05202524144009957,0.05202524144009957,False
5,feature_580,True,-0.042562449921907414,0.042562449921907414,False
5,feature_581,True,-0.8308514567673976,0.8308514567673976,True
5,feature_582,True,0.12564497927922527,0.12564497927922527,False
5,feature_583,True,0.11859138205133919,0.11859138205133919,False
5,feature_584,True,0.11572960915633125,0.11572960915633125,False
5,feature_585,True,0.08214568944347374,0.08214568944347374,False
5,feature_586,True,0.3177038695717399,0.3177038695717399,False
5,feature_587,True,0.2535097296579444,0.2535097296579444,False
5,feature_588,True,0.20598271469078763,0.20598271469078763,False
5,feature_589,True,0.395176519010397,0.395176519010397,False
6,feature_000,True,-0.2734165451401967,0.2734165451401967,False
6,feature_001,True,-0.0029868507524354344,0.0029868507524354344,False
6,feature_002,True,0.20588291335022219,0.20588291335022219,False
6,feature_003,True,-0.22438750977684122,0.22438750977684122,False
6,feature_004,True,0.22003807077553858,0.22003807077553858,False
6,feature_005,False,,,False
6,feature_006,True,0.10197749132754141,0.10197749132754141,False
6,feature_007,True,-0.1921202062600307,0.1921202062600307,False
6,feature_008,True,-0.41318168464086963,0.41318168464086963,False
6,feature_009,True,-0.33037205460472663,0.33037205460472663,False
6,feature_010,True,-0.5243380543944085,0.5243380543944085,False
6,feature_011,True,-0.41423411550776634,0.41423411550776634,False
6,feature_012,True,0.06492528018589025,0.06492528018589025,False
6,feature_013,False,,,False
6,feature_014,True,-0.5873463279176707,0.5873463279176707,False
6,feature_015,True,0.3333045053894615,0.3333045053894615,False
6,feature_016,True,0.5747783900945814,0.5747783900945814,False
6,feature_017,True,0.16774358744505902,0.16774358744505902,False
6,feature_018,True,-0.5270927435510604,0.5270927435510604,False
6,feature_019,True,-0.4797445542128128,0.4797445542128128,False
6,feature_020,True,0.05725952627043498,0.05725952627043498,False
6,feature_021,True,0.25125460011430273,0.25125460011430273,False
6,feature_022,True,-0.8272793460306134,0.8272793460306134,True
6,feature_023,True,0.07748645987778936,0.07748645987778936,False
6,feature_024,True,-0.08732600439896698,0.08732600439896698,False
6,feature_025,True,0.36131855866507345,0.36131855866507345,False
6,feature_026,True,-0.38199856881066924,0.38199856881066924,False
6,feature_027,True,0.3872737377030622,0.3872737377030622,False
6,feature_028,True,-0.36478658194885993,0.36478658194885993,False
6,feature_029,True,0.2743970501129218,0.2743970501129218,False
6,feature_030,True,-0.47139510306979276,0.47139510306979276,False
6,feature_031,True,0.08052517078823343,0.08052517078823343,False
6,feature_032,True,-0.028204257438415495,0.028204257438415495,False
6,feature_033,True,0.29567931972290257,0.29567931972290257,False
6,feature_034,True,-0.15782605691233767,0.15782605691233767,False
6,feature_035,True,-0.190316270874764,0.190316270874764,False
6,feature_036,True,0.15795943104387164,0.15795943104387164,False
6,feature_037,True,-0.3538604384035128,0.3538604384035128,False
6,feature_038,True,0.13826480905982586,0.13826480905982586,False
6,feature_039,True,0.1893760004820765,0.1893760004820765,False
6,feature_040,True,-0.7121142264209257,0.7121142264209257,True
6,feature_041,True,-0.4120743030591348,0.4120743030591348,False
6,feature_042,False,,,False
6,feature_043,True,-0.24624616275192174,0.24624616275192174,False
6,feature_044,True,-0.11176306089585072,0.11176306089585072,False
6,feature_045,True,0.44232952244241724,0.44232952244241724,False
6,feature_046,True,0.31298863699344376,0.31298863699344376,False
6,feature_047,True,-0.06345580166036793,0.06345580166036793,False
6,feature_048,True,0.022321581610865553,0.022321581610865553,False
6,feature_049,False,,,False
6,feature_050,True,0.24139885389658963,0.24139885389658963,False
6,feature_051,True,-0.11127318697914047,0.11127318697914047,False
6,feature_052,False,,,False
6,feature_053,True,-0.2201179211507863,0.2201179211507863,False
6,feature_054,True,-0.10346949208066604,0.10346949208066604,False
6,feature_055,True,-0.1306405262547091,0.1306405262547091,False
6,feature_056,True,0.712851160485829,0.712851160485829,True
6,feature_057,True,-0.2542331164966495,0.2542331164966495,False
6,feature_058,True,0.31752027647829617,0.31752027647829617,False
6,feature_059,True,1.3925057389566204,1.3925057389566204,True
6,feature_060,True,0.24342596185379778,0.24342596185379778,False
6,feature_061,True,0.5307253944330909,0.5307253944330909,False
6,feature_062,True,-0.3774818851039515,0.3774818851039515,False
6,feature_063,True,-0.02906898635313094,0.02906898635313094,False
6,feature_064,True,0.46314736059746725,0.46314736059746725,False
6,feature_065,True,-0.22267708624546045,0.22267708624546045,False
6,feature_066,True,0.2958118756054251,0.2958118756054251,False
6,feature_067,True,-0.7485158041452703,0.7485158041452703,True
6,feature_068,True,-0.4494198280661601,0.4494198280661601,False
6,feature_069,False,,,False
6,feature_070,True,-0.41894924206221684,0.41894924206221684,False
6,feature_071,True,0.5339780118485287,0.5339780118485287,False
6,feature_072,True,0.6676982424498554,0.6676982424498554,False
6,feature_073,True,0.10362865040510322,0.10362865040510322,False
6,feature_074,True,-0.043568697771482416,0.043568697771482416,False
6,feature_075,True,0.760261627785229,0.760261627785229,True
6,feature_076,True,0.3598807059108452,0.3598807059108452,False
6,feature_077,True,0.1716632869747396,0.1716632869747396,False
6,feature_078,True,-0.9610789124351465,0.9610789124351465,True
6,feature_079,True,-0.14454615092534387,0.14454615092534387,False
6,feature_080,True,-0.12425242123786194,0.12425242123786194,False
6,feature_081,True,0.010305414581492258,0.010305414581492258,False
6,feature_082,True,0.3742176142677891,0.3742176142677891,False
6,feature_083,True,0.1096646421248847,0.1096646421248847,False
6,feature_084,True,-0.058401651883474646,0.058401651883474646,False
6,feature_085,True,-0.503111269225188,0.503111269225188,False
6,feature_086,True,0.4061080528401661,0.4061080528401661,False
6,feature_087,True,-0.12234611426399397,0.12234611426399397,False
6,feature_088,True,-0.01125432858348423,0.01125432858348423,False
6,feature_089,True,0.43417491702527095,0.43417491702527095,False
6,feature_090,True,-0.11595661593766517,0.11595661593766517,False
6,feature_091,True,-0.07163268269419215,0.07163268269419215,False
6,feature_092,True,-0.000511552559744568,0.000511552559744568,False
6,feature_093,True,-0.5910646934428682,0.5910646934428682,False
6,feature_094,True,-0.7118844372629723,0.7118844372629723,True
6,feature_095,True,0.33778994330369466,0.33778994330369466,False
6,feature_096,True,-0.37025092501000745,0.37025092501000745,False
6,feature_097,False,,,False
6,feature_098,True,0.0521803732412747,0.0521803732412747,False
6,feature_099,True,0.057788474670944306,0.057788474670944306,False
6,feature_100,True,0.056871930048831405,0.056871930048831405,False
6,feature_101,True,-0.24559252047649963,0.24559252047649963,False
6,feature_102,True,-0.2500026982825497,0.2500026982825497,False
6,feature_103,True,0.020068379483798967,0.020068379483798967,False
6,feature_104,True,-0.4557637599553178,0.4557637599553178,False
6,feature_105,True,0.1767442855073686,0.1767442855073686,False
6,feature_106,True,0.0926860993797956,0.0926860993797956,False
6,feature_107,True,0.30578551237020213,0.30578551237020213,False
6,feature_108,True,-0.17697216690780668,0.17697216690780668,False
6,feature_109,True,0.0412892170531337,0.0412892170531337,False
6,feature_110,True,0.015320907189910025,0.015320907189910025,False
6,feature_111,True,-0.22105185527468435,0.22105185527468435,False
6,feature_112,True,0.23183737901571308,0.23183737901571308,False
6,feature_113,True,0.47601507362785284,0.47601507362785284,False
6,feature_114,True,0.20251337575836045,0.20251337575836045,False
6,feature_115,True,-0.5021594624075262,0.5021594624075262,False
6,feature_116,True,0.4619539561343908,0.4619539561343908,False
6,feature_117,True,-0.6717796363973753,0.6717796363973753,False
6,feature_118,True,0.19612966629127998,0.19612966629127998,False
6,feature_119,True,-0.41733431813217536,0.41733431813217536,False
6,feature_120,True,-0.14140285435992864,0.14140285435992864,False
6,feature_121,True,0.21676340197578992,0.21676340197578992,False
6,feature_122,True,-0.3386976843166962,0.3386976843166962,False
6,feature_123,True,0.10703300443339635,0.10703300443339635,False
6,feature_124,True,-0.35613859038772305,0.35613859038772305,False
6,feature_125,True,0.09775520363971413,0.09775520363971413,False
6,feature_126,True,0.35043251854821383,0.35043251854821383,False
6,feature_127,True,-0.5741223827705709,0.5741223827705709,False
6,feature_128,True,-0.0921632773667448,0.0921632773667448,False
6,feature_129,True,1.0577749678423016,1.0577749678423016,True
6,feature_130,True,-0.31522343525774016,0.31522343525774016,False
6,feature_131,True,0.43713338380933003,0.43713338380933003,False
6,feature_132,True,-1.3608526527197262,1.3608526527197262,True
6,feature_133,True,0.12687922975854213,0.12687922975854213,False
6,feature_134,True,-0.0019376503108502743,0.0019376503108502743,False
6,feature_135,True,0.021264368653949144,0.021264368653949144,False
6,feature_136,True,-0.2769473142733534,0.2769473142733534,False
6,feature_137,True,0.2839082780863857,0.2839082780863857,False
6,feature_138,True,0.24519563952042026,0.24519563952042026,False
6,feature_139,True,0.17407005220918667,0.17407005220918667,False
6,feature_140,True,0.21631906002222775,0.21631906002222775,False
6,feature_141,False,,,False
6,feature_142,True,-0.6907573663596412,0.6907573663596412,True
6,feature_143,True,-0.3810231183461809,0.3810231183461809,False
6,feature_144,True,0.17876848410845747,0.17876848410845747,False
6,feature_145,True,-0.11968393075502931,0.11968393075502931,False
6,feature_146,True,-0.2659223839020084,0.2659223839020084,False
6,feature_147,True,0.15511458020881486,0.15511458020881486,False
6,feature_148,True,-0.10159895073078395,0.10159895073078395,False
6,feature_149,False,,,False
6,feature_150,True,0.31732993909411794,0.31732993909411794,False
6,feature_151,True,0.014542182724734279,0.014542182724734279,False
6,feature_152,True,-0.05972448936237556,0.05972448936237556,False
6,feature_153,True,-0.11644646902517614,0.11644646902517614,False
6,feature_154,True,-0.22201549963666464,0.22201549963666464,False
6,feature_155,True,-0.6402088458359434,0.6402088458359434,False
6,feature_156,True,-0.5223704581037673,0.5223704581037673,False
6,feature_157,True,-0.4151926288038011,0.4151926288038011,False
6,feature_158,True,-0.005640252298830144,0.005640252298830144,False
6,feature_159,True,0.025214542660409945,0.025214542660409945,False
6,feature_160,True,0.28531385731131764,0.28531385731131764,False
6,feature_161,True,-0.34806864782198255,0.34806864782198255,False
6,feature_162,True,-0.4608043463509996,0.4608043463509996,False
6,feature_163,True,0.20222190133275866,0.20222190133275866,False
6,feature_164,True,-0.4406274538220381,0.4406274538220381,False
6,feature_165,True,-0.11048614692951976,0.11048614692951976,False
6,feature_166,True,-0.2526997508687185,0.2526997508687185,False
6,feature_167,True,-0.19954469916019338,0.19954469916019338,False
6,feature_168,True,0.3751227120351675,0.3751227120351675,False
6,feature_169,True,-0.14069288150976345,0.14069288150976345,False
6,feature_170,True,0.27015990881772,0.27015990881772,False
6,feature_171,True,-0.0063926379877023865,0.0063926379877023865,False
6,feature_172,True,0.17213735971866395,0.17213735971866395,False
6,feature_173,True,-0.16509530603398864,0.16509530603398864,False
6,feature_174,True,0.17233233286535599,0.17233233286535599,False
6,feature_175,True,-0.20178897416007396,0.20178897416007396,False
6,feature_176,True,-0.06692460940502251,0.06692460940502251,False
6,feature_177,True,-0.1736287691462913,0.1736287691462913,False
6,feature_178,False,,,False
6,feature_179,False,,,False
6,feature_180,True,0.3203942972029002,0.3203942972029002,False
6,feature_181,True,-0.10760235186005165,0.10760235186005165,False
6,feature_182,True,-0.10810942354980912,0.10810942354980912,False
6,feature_183,True,0.2106815338594815,0.2106815338594815,False
6,feature_184,True,0.1470854289631483,0.1470854289631483,False
6,feature_185,True,-0.05687776301651973,0.05687776301651973,False
6,feature_186,False,,,False
6,feature_187,True,0.08943906194692901,0.08943906194692901,False
6,feature_188,True,0.04366926383859892,0.04366926383859892,False
6,feature_189,False,,,False
6,feature_190,False,,,False
6,feature_191,False,,,False
6,feature_192,False,,,False
6,feature_193,False,,,False
6,feature_194,False,,,False
6,feature_195,True,0.24243069128022354,0.24243069128022354,False
6,feature_196,True,0.029963957240744864,0.029963957240744864,False
6,feature_197,True,0.5694694972749504,0.5694694972749504,False
6,feature_198,True,-0.020353877219878184,0.020353877219878184,False
6,feature_199,True,0.027036473651026426,0.027036473651026426,False
6,feature_200,True,0.12135801857594115,0.12135801857594115,False
6,feature_201,True,0.44138297367477203,0.44138297367477203,False
6,feature_202,True,-0.12482039546469942,0.12482039546469942,False
6,feature_203,True,0.0202384962382312,0.0202384962382312,False
6,feature_204,True,-0.64249756333083,0.64249756333083,False
6,feature_205,True,1.0009162483980383,1.0009162483980383,True
6,feature_206,True,-0.04356869777148247,0.04356869777148247,False
6,feature_207,True,-0.224236503091727,0.224236503091727,False
6,feature_208,True,-0.0957134748953148,0.0957134748953148,False
6,feature_209,True,-0.04356869777148247,0.04356869777148247,False
6,feature_210,True,0.04817292239243867,0.04817292239243867,False
6,feature_211,True,0.1281223370318592,0.1281223370318592,False
6,feature_212,True,-0.13843495632923475,0.13843495632923475,False
6,feature_213,True,-0.404735214910885,0.404735214910885,False
6,feature_214,True,-0.59496523139515,0.59496523139515,False
6,feature_215,True,-0.22929191244929492,0.22929191244929492,False
6,feature_216,True,0.8820641863022793,0.8820641863022793,True
6,feature_217,True,0.05740473279846275,0.05740473279846275,False
6,feature_218,True,-0.2742013317476081,0.2742013317476081,False
6,feature_219,True,-0.1216899776223844,0.1216899776223844,False
6,feature_220,True,0.010186525911452603,0.010186525911452603,False
6,feature_221,True,-0.39033301423958455,0.39033301423958455,False
6,feature_222,True,-0.14171724720839543,0.14171724720839543,False
6,feature_223,True,0.25503148701941897,0.25503148701941897,False
6,feature_224,True,-0.32687614293611034,0.32687614293611034,False
6,feature_225,True,-0.09684874105315572,0.09684874105315572,False
6,feature_226,False,,,False
6,feature_227,True,-0.10225874470456657,0.10225874470456657,False
6,feature_228,True,0.28860421087141647,0.28860421087141647,False
6,feature_229,False,,,False
6,feature_230,False,,,False
6,feature_231,False,,,False
6,feature_232,False,,,False
6,feature_233,False,,,False
6,feature_234,False,,,False
6,feature_235,False,,,False
6,feature_236,False,,,False
6,feature_237,False,,,False
6,feature_238,True,0.00027447310363629536,0.00027447310363629536,False
6,feature_239,True,0.1159408065403279,0.1159408065403279,False
6,feature_240,False,,,False
6,feature_241,False,,,False
6,feature_242,False,,,False
6,feature_243,False,,,False
6,feature_244,True,-0.036667815965833815,0.036667815965833815,False
6,feature_245,True,0.201127701886388,0.201127701886388,False
6,feature_246,True,-0.003816763888059183,0.003816763888059183,False
6,feature_247,True,0.1324501715055492,0.1324501715055492,False
6,feature_248,True,-0.3058446739943143,0.3058446739943143,False
6,feature_249,True,0.5542625176806639,0.5542625176806639,False
6,feature_250,True,0.04924323405690454,0.04924323405690454,False
6,feature_251,True,-0.5342052189592614,0.5342052189592614,False
6,feature_252,True,0.5708630784809448,0.5708630784809448,False
6,feature_253,True,-0.14815063874424497,0.14815063874424497,False
6,feature_254,True,-0.043103007967509474,0.043103007967509474,False
6,feature_255,True,-0.050405134224848845,0.050405134224848845,False
6,feature_256,False,,,False
6,feature_257,False,,,False
6,feature_258,False,,,False
6,feature_259,False,,,False
6,feature_260,False,,,False
6,feature_261,False,,,False
6,feature_262,False,,,False
6,feature_263,False,,,False
6,feature_264,False,,,False
6,feature_265,False,,,False
6,feature_266,False,,,False
6,feature_267,True,-0.020650695765081037,0.020650695765081037,False
6,feature_268,True,-0.029481867948408944,0.029481867948408944,False
6,feature_269,True,0.4519761101982539,0.4519761101982539,False
6,feature_270,True,-0.6615884349051171,0.6615884349051171,False
6,feature_271,True,0.5028276132818678,0.5028276132818678,False
6,feature_272,True,-0.31374808374536417,0.31374808374536417,False
6,feature_273,True,0.12864578536291985,0.12864578536291985,False
6,feature_274,True,0.2239134835368852,0.2239134835368852,False
6,feature_275,True,0.21662019813040886,0.21662019813040886,False
6,feature_276,False,,,False
6,feature_277,True,0.4272351113250197,0.4272351113250197,False
6,feature_278,True,0.1094632719686646,0.1094632719686646,False
6,feature_279,True,-0.3360333561398713,0.3360333561398713,False
6,feature_280,True,-0.5835856882236509,0.5835856882236509,False
6,feature_281,True,-0.36780220875952624,0.36780220875952624,False
6,feature_282,True,0.22853068471547955,0.22853068471547955,False
6,feature_283,True,-0.13274583060621634,0.13274583060621634,False
6,feature_284,False,,,False
6,feature_285,True,-0.08908141449263506,0.08908141449263506,False
6,feature_286,True,0.10205751701083779,0.10205751701083779,False
6,feature_287,True,-0.06272596404510952,0.06272596404510952,False
6,feature_288,True,0.012835573805143528,0.012835573805143528,False
6,feature_289,True,-0.3560252919544912,0.3560252919544912,False
6,feature_290,True,-0.11581963486982129,0.11581963486982129,False
6,feature_291,True,-0.48036914475692927,0.48036914475692927,False
6,feature_292,True,0.20566689751043202,0.20566689751043202,False
6,feature_293,True,0.24894682822091216,0.24894682822091216,False
6,feature_294,True,-0.02742165521433222,0.02742165521433222,False
6,feature_295,True,-0.08220966424931343,0.08220966424931343,False
6,feature_296,True,0.09693087866825864,0.09693087866825864,False
6,feature_297,True,0.12831285768112946,0.12831285768112946,False
6,feature_298,True,-0.005191386564963328,0.005191386564963328,False
6,feature_299,True,-0.5964948790372662,0.5964948790372662,False
6,feature_300,True,-0.220840236316295,0.220840236316295,False
6,feature_301,True,0.8062100549574964,0.8062100549574964,True
6,feature_302,True,0.43880960705218114,0.43880960705218114,False
6,feature_303,True,0.20566003485542764,0.20566003485542764,False
6,feature_304,True,-0.2896248628707816,0.2896248628707816,False
6,feature_305,True,-0.6903086153316668,0.6903086153316668,True
6,feature_306,True,0.15898810695419074,0.15898810695419074,False
6,feature_307,True,0.24904624469100492,0.24904624469100492,False
6,feature_308,True,-0.10804826442198925,0.10804826442198925,False
6,feature_309,True,0.24552887116586783,0.24552887116586783,False
6,feature_310,True,0.3523332385156721,0.3523332385156721,False
6,feature_311,True,0.19260851014753178,0.19260851014753178,False
6,feature_312,True,-0.12775775876338327,0.12775775876338327,False
6,feature_313,False,,,False
6,feature_314,False,,,False
6,feature_315,False,,,False
6,feature_316,True,-0.786151799543935,0.786151799543935,True
6,feature_317,True,-0.3386367326757011,0.3386367326757011,False
6,feature_318,True,0.15878456700216823,0.15878456700216823,False
6,feature_319,True,-0.029909364760507477,0.029909364760507477,False
6,feature_320,True,0.1602790783157098,0.1602790783157098,False
6,feature_321,True,-0.06635878123801321,0.06635878123801321,False
6,feature_322,False,,,False
6,feature_323,True,0.23749061368132765,0.23749061368132765,False
6,feature_324,True,-0.009913369211123424,0.009913369211123424,False
6,feature_325,False,,,False
6,feature_326,False,,,False
6,feature_327,False,,,False
6,feature_328,False,,,False
6,feature_329,False,,,False
6,feature_330,False,,,False
6,feature_331,True,-0.07742992149210952,0.07742992149210952,False
6,feature_332,True,-0.3678672119392651,0.3678672119392651,False
6,feature_333,True,0.5586942477898734,0.5586942477898734,False
6,feature_334,True,-0.060295150583628984,0.060295150583628984,False
6,feature_335,True,-0.4061878341377292,0.4061878341377292,False
6,feature_336,True,0.10232757858005402,0.10232757858005402,False
6,feature_337,True,0.23735404567179386,0.23735404567179386,False
6,feature_338,True,-0.31384929905806386,0.31384929905806386,False
6,feature_339,True,-0.3197494033364937,0.3197494033364937,False
6,feature_340,True,-0.6721573164783773,0.6721573164783773,False
6,feature_341,True,0.6717601351000221,0.6717601351000221,False
6,feature_342,True,-0.04356869777148234,0.04356869777148234,False
6,feature_343,True,-0.27879354765650044,0.27879354765650044,False
6,feature_344,True,-0.6815778632576477,0.6815778632576477,False
6,feature_345,True,-0.11346067991404843,0.11346067991404843,False
6,feature_346,True,0.19043895460072668,0.19043895460072668,False
6,feature_347,True,-0.04356869777148243,0.04356869777148243,False
6,feature_348,True,0.4318972849529233,0.4318972849529233,False
6,feature_349,True,0.42507161060966675,0.42507161060966675,False
6,feature_350,True,-0.03289717559074262,0.03289717559074262,False
6,feature_351,True,-0.46988867547516966,0.46988867547516966,False
6,feature_352,True,-0.3552206795828121,0.3552206795828121,False
6,feature_353,True,0.23671041691029493,0.23671041691029493,False
6,feature_354,True,-0.5040380137550367,0.5040380137550367,False
6,feature_355,True,0.6039155815274435,0.6039155815274435,False
6,feature_356,True,-0.04373701985590864,0.04373701985590864,False
6,feature_357,True,0.14238700077422706,0.14238700077422706,False
6,feature_358,True,-0.11169460771211834,0.11169460771211834,False
6,feature_359,True,0.09402742583880797,0.09402742583880797,False
6,feature_360,True,-0.15900923159490363,0.15900923159490363,False
6,feature_361,True,-0.11044169597218009,0.11044169597218009,False
6,feature_362,True,-0.29182132421158213,0.29182132421158213,False
6,feature_363,True,-0.5964128879126204,0.5964128879126204,False
6,feature_364,False,,,False
6,feature_365,True,0.5508156511302278,0.5508156511302278,False
6,feature_366,True,-0.3274479781670649,0.3274479781670649,False
6,feature_367,True,0.0015388899155033475,0.0015388899155033475,False
6,feature_368,True,-0.24729013111557074,0.24729013111557074,False
6,feature_369,False,,,False
6,feature_370,False,,,False
6,feature_371,False,,,False
6,feature_372,False,,,False
6,feature_373,False,,,False
6,feature_374,False,,,False
6,feature_375,False,,,False
6,feature_376,True,-0.14239852310799553,0.14239852310799553,False
6,feature_377,True,0.4071261022343636,0.4071261022343636,False
6,feature_378,False,,,False
6,feature_379,False,,,False
6,feature_380,False,,,False
6,feature_381,False,,,False
6,feature_382,True,-0.04257289781656737,0.04257289781656737,False
6,feature_383,True,0.09131624174945116,0.09131624174945116,False
6,feature_384,True,-0.1361070459871832,0.1361070459871832,False
6,feature_385,True,-0.2802217734567783,0.2802217734567783,False
6,feature_386,True,-0.32271003581018914,0.32271003581018914,False
6,feature_387,True,0.49226313729943505,0.49226313729943505,False
6,feature_388,True,0.26783220269204966,0.26783220269204966,False
6,feature_389,True,-0.4962974095331813,0.4962974095331813,False
6,feature_390,True,-0.4643539872390346,0.4643539872390346,False
6,feature_391,True,0.1112024796078821,0.1112024796078821,False
6,feature_392,True,0.07934411434911923,0.07934411434911923,False
6,feature_393,True,0.051360857905714055,0.051360857905714055,False
6,feature_394,False,,,False
6,feature_395,False,,,False
6,feature_396,False,,,False
6,feature_397,False,,,False
6,feature_398,False,,,False
6,feature_399,False,,,False
6,feature_400,False,,,False
6,feature_401,False,,,False
6,feature_402,False,,,False
6,feature_403,False,,,False
6,feature_404,False,,,False
6,feature_405,True,-0.07888601490893452,0.07888601490893452,False
6,feature_406,True,0.1310112605775738,0.1310112605775738,False
6,feature_407,True,-0.8265048724088302,0.8265048724088302,True
6,feature_408,True,0.0009812187864331248,0.0009812187864331248,False
6,feature_409,True,-0.3169624058913786,0.3169624058913786,False
6,feature_410,True,0.3729723772371841,0.3729723772371841,False
6,feature_411,True,0.16620194483478928,0.16620194483478928,False
6,feature_412,True,0.0009753528167374732,0.0009753528167374732,False
6,feature_413,True,-0.31656586147164006,0.31656586147164006,False
6,feature_414,False,,,False
6,feature_415,True,-0.647978442260064,0.647978442260064,False
6,feature_416,True,-0.20752836615161624,0.20752836615161624,False
6,feature_417,True,0.043597708891796504,0.043597708891796504,False
6,feature_418,True,-0.3977113121537369,0.3977113121537369,False
6,feature_419,True,0.40065159436214604,0.40065159436214604,False
6,feature_420,True,0.14112839655606974,0.14112839655606974,False
6,feature_421,True,-0.11453618123360197,0.11453618123360197,False
6,feature_422,False,,,False
6,feature_423,True,0.004877987018354956,0.004877987018354956,False
6,feature_424,True,0.007566366775445683,0.007566366775445683,False
6,feature_425,True,0.12055191751200801,0.12055191751200801,False
6,feature_426,True,-0.0910527628619704,0.0910527628619704,False
6,feature_427,True,-0.20690404488170513,0.20690404488170513,False
6,feature_428,True,-0.500665842431024,0.500665842431024,False
6,feature_429,True,-0.4095898133221381,0.4095898133221381,False
6,feature_430,True,0.08003879677659893,0.08003879677659893,False
6,feature_431,True,0.25168243919264477,0.25168243919264477,False
6,feature_432,True,-0.1624505539086394,0.1624505539086394,False
6,feature_433,True,0.4163158250061,0.4163158250061,False
6,feature_434,True,0.07792795904660892,0.07792795904660892,False
6,feature_435,True,0.018842714996156727,0.018842714996156727,False
6,feature_436,True,-0.15610515639492678,0.15610515639492678,False
6,feature_437,True,-0.024175317735456857,0.024175317735456857,False
6,feature_438,True,-0.4568303158455051,0.4568303158455051,False
6,feature_439,True,-0.30805197242351695,0.30805197242351695,False
6,feature_440,True,-0.14837161526871687,0.14837161526871687,False
6,feature_441,True,0.270868084795526,0.270868084795526,False
6,feature_442,True,-0.09729806106283498,0.09729806106283498,False
6,feature_443,True,0.1552113297043988,0.1552113297043988,False
6,feature_444,True,-0.14998331316564734,0.14998331316564734,False
6,feature_445,True,0.16435411881708817,0.16435411881708817,False
6,feature_446,True,-0.18755572277720264,0.18755572277720264,False
6,feature_447,True,-0.0707950157231192,0.0707950157231192,False
6,feature_448,True,-0.1950311989484121,0.1950311989484121,False
6,feature_449,False,,,False
6,feature_450,False,,,False
6,feature_451,False,,,False
6,feature_452,True,0.28783124913925046,0.28783124913925046,False
6,feature_453,True,-0.13655201540266,0.13655201540266,False
6,feature_454,True,-0.2728949706733439,0.2728949706733439,False
6,feature_455,True,0.23336225200705302,0.23336225200705302,False
6,feature_456,True,0.004672820048266667,0.004672820048266667,False
6,feature_457,True,0.003180827792755937,0.003180827792755937,False
6,feature_458,False,,,False
6,feature_459,True,0.10094078375308203,0.10094078375308203,False
6,feature_460,True,0.02631870305715834,0.02631870305715834,False
6,feature_461,False,,,False
6,feature_462,False,,,False
6,feature_463,False,,,False
6,feature_464,False,,,False
6,feature_465,False,,,False
6,feature_466,False,,,False
6,feature_467,True,0.2111413595560546,0.2111413595560546,False
6,feature_468,True,-0.2618387712742957,0.2618387712742957,False
6,feature_469,True,0.4395874766946901,0.4395874766946901,False
6,feature_470,True,-0.02946396854190369,0.02946396854190369,False
6,feature_471,True,0.46292035591831154,0.46292035591831154,False
6,feature_472,True,-0.1943997195103184,0.1943997195103184,False
6,feature_473,True,0.1502125905910449,0.1502125905910449,False
6,feature_474,True,-0.07506113482302341,0.07506113482302341,False
6,feature_475,True,0.06654031194945591,0.06654031194945591,False
6,feature_476,True,-0.51592968913327,0.51592968913327,False
6,feature_477,True,0.629161310512583,0.629161310512583,False
6,feature_478,True,-0.04356869777148243,0.04356869777148243,False
6,feature_479,True,-0.12601853824776568,0.12601853824776568,False
6,feature_480,True,0.10653580599552553,0.10653580599552553,False
6,feature_481,False,,,False
6,feature_482,True,-0.03952630194328778,0.03952630194328778,False
6,feature_483,True,-0.3466499970617811,0.3466499970617811,False
6,feature_484,True,0.11730216462437809,0.11730216462437809,False
6,feature_485,True,-0.619344056832875,0.619344056832875,False
6,feature_486,True,0.3740341861029665,0.3740341861029665,False
6,feature_487,True,0.0637481499431991,0.0637481499431991,False
6,feature_488,True,-0.7767870958681728,0.7767870958681728,True
6,feature_489,True,-0.15160224884985093,0.15160224884985093,False
6,feature_490,True,-0.029991766733329345,0.029991766733329345,False
6,feature_491,True,0.13263866129410118,0.13263866129410118,False
6,feature_492,True,0.04268788760933447,0.04268788760933447,False
6,feature_493,True,-0.39008618436972053,0.39008618436972053,False
6,feature_494,True,-0.2083824418416169,0.2083824418416169,False
6,feature_495,True,0.13297445460881996,0.13297445460881996,False
6,feature_496,True,0.09661552088904646,0.09661552088904646,False
6,feature_497,True,-0.15827380877100514,0.15827380877100514,False
6,feature_498,False,,,False
6,feature_499,True,-0.4455344134899962,0.4455344134899962,False
6,feature_500,True,0.5492837310070263,0.5492837310070263,False
6,feature_501,False,,,False
6,feature_502,False,,,False
6,feature_503,False,,,False
6,feature_504,False,,,False
6,feature_505,False,,,False
6,feature_506,False,,,False
6,feature_507,False,,,False
6,feature_508,False,,,False
6,feature_509,False,,,False
6,feature_510,True,0.19632510151473512,0.19632510151473512,False
6,feature_511,True,0.37491626558941593,0.37491626558941593,False
6,feature_512,False,,,False
6,feature_513,False,,,False
6,feature_514,False,,,False
6,feature_515,False,,,False
6,feature_516,True,-0.04119662767844583,0.04119662767844583,False
6,feature_517,True,0.1630665329427507,0.1630665329427507,False
6,feature_518,True,-0.008728220131090215,0.008728220131090215,False
6,feature_519,True,0.15501072873991037,0.15501072873991037,False
6,feature_520,True,-0.3196685737175254,0.3196685737175254,False
6,feature_521,True,-0.18458968461636985,0.18458968461636985,False
6,feature_522,True,0.11346054245435773,0.11346054245435773,False
6,feature_523,True,-0.5159162003581271,0.5159162003581271,False
6,feature_524,True,0.5061506844718328,0.5061506844718328,False
6,feature_525,True,-0.20203332996692974,0.20203332996692974,False
6,feature_526,True,-0.038601563213500306,0.038601563213500306,False
6,feature_527,True,-0.03479044374272533,0.03479044374272533,False
6,feature_528,False,,,False
6,feature_529,False,,,False
6,feature_530,False,,,False
6,feature_531,False,,,False
6,feature_532,False,,,False
6,feature_533,False,,,False
6,feature_534,False,,,False
6,feature_535,False,,,False
6,feature_536,False,,,False
6,feature_537,False,,,False
6,feature_538,False,,,False
6,feature_539,True,-0.019129439016054975,0.019129439016054975,False
6,feature_540,True,-0.024450279200680835,0.024450279200680835,False
6,feature_541,True,0.5309849272527792,0.5309849272527792,False
6,feature_542,True,0.4168717317226657,0.4168717317226657,False
6,feature_543,True,-0.24311045332165823,0.24311045332165823,False
6,feature_544,True,-0.14743126452969138,0.14743126452969138,False
6,feature_545,True,-0.21017516116612273,0.21017516116612273,False
6,feature_546,True,0.0931622103894593,0.0931622103894593,False
6,feature_547,True,0.5150383263099929,0.5150383263099929,False
6,feature_548,True,0.0863162613724174,0.0863162613724174,False
6,feature_549,True,-0.11246475946800683,0.11246475946800683,False
6,feature_550,True,-0.11027199287392841,0.11027199287392841,False
6,feature_551,True,0.26057040071747584,0.26057040071747584,False
6,feature_552,True,-0.15765271097793074,0.15765271097793074,False
6,feature_553,True,0.0922929227630551,0.0922929227630551,False
6,feature_554,True,0.2213594803549832,0.2213594803549832,False
6,feature_555,True,-0.3742075443228299,0.3742075443228299,False
6,feature_556,True,-0.13139196351021096,0.13139196351021096,False
6,feature_557,True,0.35003241768114507,0.35003241768114507,False
6,feature_558,True,0.05161800815072847,0.05161800815072847,False
6,feature_559,True,0.1190771387135865,0.1190771387135865,False
6,feature_560,True,-0.48948785749531293,0.48948785749531293,False
6,feature_561,True,0.338816476602032,0.338816476602032,False
6,feature_562,True,-0.7095125541439017,0.7095125541439017,True
6,feature_563,True,-0.6708857026806707,0.6708857026806707,False
6,feature_564,True,0.31679651645154255,0.31679651645154255,False
6,feature_565,True,0.28708284165212655,0.28708284165212655,False
6,feature_566,True,-0.596140971634669,0.596140971634669,False
6,feature_567,True,0.38857372466222345,0.38857372466222345,False
6,feature_568,True,0.24302578751690548,0.24302578751690548,False
6,feature_569,True,0.11025340341585357,0.11025340341585357,False
6,feature_570,True,0.016677136633235404,0.016677136633235404,False
6,feature_571,True,-0.18927923271739658,0.18927923271739658,False
6,feature_572,True,0.09829440607939491,0.09829440607939491,False
6,feature_573,True,-0.309906140065008,0.309906140065008,False
6,feature_574,True,-0.21048598635560783,0.21048598635560783,False
6,feature_575,True,0.18003127332570895,0.18003127332570895,False
6,feature_576,True,0.32439690925880055,0.32439690925880055,False
6,feature_577,True,-0.45118812048089696,0.45118812048089696,False
6,feature_578,True,-0.5824367631868055,0.5824367631868055,False
6,feature_579,True,0.22762885776062675,0.22762885776062675,False
6,feature_580,True,0.10596260636161074,0.10596260636161074,False
6,feature_581,True,-0.834516927203156,0.834516927203156,True
6,feature_582,True,0.23061199958581968,0.23061199958581968,False
6,feature_583,True,0.14377750102033887,0.14377750102033887,False
6,feature_584,True,0.13462506546539516,0.13462506546539516,False
6,feature_585,True,0.05945707916923871,0.05945707916923871,False
6,feature_586,True,0.20406716877742337,0.20406716877742337,False
6,feature_587,True,0.14301819084965053,0.14301819084965053,False
6,feature_588,True,0.24428959286089813,0.24428959286089813,False
6,feature_589,True,0.15794855114037235,0.15794855114037235,False
7,feature_000,True,-0.2966207518717596,0.2966207518717596,False
7,feature_001,True,-0.12903391140577383,0.12903391140577383,False
7,feature_002,True,-0.08708397518716203,0.08708397518716203,False
7,feature_003,True,0.3905912382442327,0.3905912382442327,False
7,feature_004,True,-0.06923949183040831,0.06923949183040831,False
7,feature_005,False,,,False
7,feature_006,True,0.37240859106702945,0.37240859106702945,False
7,feature_007,True,0.2039632822798961,0.2039632822798961,False
7,feature_008,True,0.04324424509625902,0.04324424509625902,False
7,feature_009,True,-0.1372824551336064,0.1372824551336064,False
7,feature_010,True,0.043694622949177066,0.043694622949177066,False
7,feature_011,True,-0.24180861221445538,0.24180861221445538,False
7,feature_012,True,-0.06214376110421739,0.06214376110421739,False
7,feature_013,False,,,False
7,feature_014,True,-0.26626864893929925,0.26626864893929925,False
7,feature_015,True,-0.05451351110343138,0.05451351110343138,False
7,feature_016,True,0.1323610830470941,0.1323610830470941,False
7,feature_017,True,0.2571498418700191,0.2571498418700191,False
7,feature_018,True,-0.22222081687130277,0.22222081687130277,False
7,feature_019,True,0.3874413804216418,0.3874413804216418,False
7,feature_020,True,0.5846714773760181,0.5846714773760181,False
7,feature_021,True,0.3870069897109815,0.3870069897109815,False
7,feature_022,True,-0.6812432817506624,0.6812432817506624,False
7,feature_023,True,0.16145979592194953,0.16145979592194953,False
7,feature_024,True,-0.21273059382510803,0.21273059382510803,False
7,feature_025,True,0.9272709849283646,0.9272709849283646,True
7,feature_026,True,-0.7394662896222192,0.7394662896222192,False
7,feature_027,True,0.5425233895521476,0.5425233895521476,False
7,feature_028,True,-0.27617475868139685,0.27617475868139685,False
7,feature_029,True,0.19456472006563363,0.19456472006563363,False
7,feature_030,True,-0.9952241753214964,0.9952241753214964,True
7,feature_031,True,0.27886108819697075,0.27886108819697075,False
7,feature_032,True,0.17480591467138754,0.17480591467138754,False
7,feature_033,True,-0.20359349571335833,0.20359349571335833,False
7,feature_034,True,-0.27637663816602676,0.27637663816602676,False
7,feature_035,True,-0.09958354128959743,0.09958354128959743,False
7,feature_036,True,0.27649086280945673,0.27649086280945673,False
7,feature_037,True,0.21791158352575185,0.21791158352575185,False
7,feature_038,True,-0.5626380363885207,0.5626380363885207,False
7,feature_039,True,0.01889776848635666,0.01889776848635666,False
7,feature_040,True,-0.8460150014606869,0.8460150014606869,True
7,feature_041,True,-0.7483061348958163,0.7483061348958163,False
7,feature_042,False,,,False
7,feature_043,True,-0.21911857575942859,0.21911857575942859,False
7,feature_044,True,0.18249703517855587,0.18249703517855587,False
7,feature_045,True,0.3839110574331929,0.3839110574331929,False
7,feature_046,True,0.6000247789684882,0.6000247789684882,False
7,feature_047,True,0.08668437030000002,0.08668437030000002,False
7,feature_048,True,-0.33341365938571493,0.33341365938571493,False
7,feature_049,False,,,False
7,feature_050,True,0.01423376958053433,0.01423376958053433,False
7,feature_051,True,-0.002403956484559524,0.002403956484559524,False
7,feature_052,False,,,False
7,feature_053,True,-0.5635664672313767,0.5635664672313767,False
7,feature_054,True,-0.40514085602781647,0.40514085602781647,False
7,feature_055,True,0.05876673608317095,0.05876673608317095,False
7,feature_056,True,1.2103254640458314,1.2103254640458314,True
7,feature_057,True,-0.3262753002246228,0.3262753002246228,False
7,feature_058,True,0.4928115323473532,0.4928115323473532,False
7,feature_059,True,1.4051047283105815,1.4051047283105815,True
7,feature_060,True,0.6978961693440329,0.6978961693440329,False
7,feature_061,True,0.7809380747006764,0.7809380747006764,True
7,feature_062,True,-0.5233825473250788,0.5233825473250788,False
7,feature_063,True,-0.17323980297363564,0.17323980297363564,False
7,feature_064,True,0.7023135324758946,0.7023135324758946,False
7,feature_065,True,-0.07451322901632836,0.07451322901632836,False
7,feature_066,True,0.5162085299342176,0.5162085299342176,False
7,feature_067,True,-0.7056897764143424,0.7056897764143424,False
7,feature_068,True,-0.5283236040159812,0.5283236040159812,False
7,feature_069,False,,,False
7,feature_070,True,-0.28083953059067035,0.28083953059067035,False
7,feature_071,True,0.19599028687415088,0.19599028687415088,False
7,feature_072,True,0.35346289747395,0.35346289747395,False
7,feature_073,True,0.24984627336984885,0.24984627336984885,False
7,feature_074,True,-0.01807723408979924,0.01807723408979924,False
7,feature_075,True,0.7161410315835575,0.7161410315835575,False
7,feature_076,True,0.16372063266624517,0.16372063266624517,False
7,feature_077,True,0.045081795933382414,0.045081795933382414,False
7,feature_078,True,-0.9568307324526809,0.9568307324526809,True
7,feature_079,True,-0.06539342225895681,0.06539342225895681,False
7,feature_080,True,-0.35144507638841116,0.35144507638841116,False
7,feature_081,True,0.3528270816424668,0.3528270816424668,False
7,feature_082,True,0.21613534415097826,0.21613534415097826,False
7,feature_083,True,-0.1897432467206784,0.1897432467206784,False
7,feature_084,True,0.2341464575217961,0.2341464575217961,False
7,feature_085,True,-0.15317854517236354,0.15317854517236354,False
7,feature_086,True,0.04301057145863979,0.04301057145863979,False
7,feature_087,True,-0.0697356649385818,0.0697356649385818,False
7,feature_088,True,0.021262429114469548,0.021262429114469548,False
7,feature_089,True,0.3454352187948402,0.3454352187948402,False
7,feature_090,True,-0.12499425354773665,0.12499425354773665,False
7,feature_091,True,-0.4173538361101331,0.4173538361101331,False
7,feature_092,True,0.25665205224775733,0.25665205224775733,False
7,feature_093,True,-0.42008676330065753,0.42008676330065753,False
7,feature_094,True,-0.25758505656623176,0.25758505656623176,False
7,feature_095,True,0.39123034781572275,0.39123034781572275,False
7,feature_096,True,0.26445750919209554,0.26445750919209554,False
7,feature_097,False,,,False
7,feature_098,True,0.2438827224497802,0.2438827224497802,False
7,feature_099,True,-0.02458347318942863,0.02458347318942863,False
7,feature_100,True,0.6739654851523242,0.6739654851523242,False
7,feature_101,True,-0.36141617737795495,0.36141617737795495,False
7,feature_102,True,-0.14310515337180182,0.14310515337180182,False
7,feature_103,True,-0.0216303533643094,0.0216303533643094,False
7,feature_104,True,-0.6454764193884174,0.6454764193884174,False
7,feature_105,True,0.1534926814313121,0.1534926814313121,False
7,feature_106,True,-0.15818947187022805,0.15818947187022805,False
7,feature_107,True,0.6179960855193488,0.6179960855193488,False
7,feature_108,True,-0.5791498349880677,0.5791498349880677,False
7,feature_109,True,-0.12222325519220545,0.12222325519220545,False
7,feature_110,True,-0.058062766654054576,0.058062766654054576,False
7,feature_111,True,-0.4665326532184668,0.4665326532184668,False
7,feature_112,True,0.30263620012264775,0.30263620012264775,False
7,feature_113,True,0.6771835259793914,0.6771835259793914,False
7,feature_114,True,-0.13608039115798917,0.13608039115798917,False
7,feature_115,True,-0.4579410647805643,0.4579410647805643,False
7,feature_116,True,-0.38020183883680564,0.38020183883680564,False
7,feature_117,True,-0.386198334270416,0.386198334270416,False
7,feature_118,True,-0.055054474493439094,0.055054474493439094,False
7,feature_119,True,-0.4258143350596905,0.4258143350596905,False
7,feature_120,True,-0.0085628645815607,0.0085628645815607,False
7,feature_121,True,0.3698501241771194,0.3698501241771194,False
7,feature_122,True,-0.2175388412794811,0.2175388412794811,False
7,feature_123,True,0.06496002035804214,0.06496002035804214,False
7,feature_124,True,-1.1556338687393752,1.1556338687393752,True
7,feature_125,True,-0.11069687919651205,0.11069687919651205,False
7,feature_126,True,0.24687104758912304,0.24687104758912304,False
7,feature_127,True,-0.2865507944242166,0.2865507944242166,False
7,feature_128,True,-0.40604764832094925,0.40604764832094925,False
7,feature_129,True,1.3144582842231791,1.3144582842231791,True
7,feature_130,True,0.05294370542715542,0.05294370542715542,False
7,feature_131,True,0.3854257351743549,0.3854257351743549,False
7,feature_132,True,-0.7251865164138632,0.7251865164138632,False
7,feature_133,True,0.5344845348394294,0.5344845348394294,False
7,feature_134,True,-0.5434283134416622,0.5434283134416622,False
7,feature_135,True,-0.007259801187535553,0.007259801187535553,False
7,feature_136,True,-0.2215621442266163,0.2215621442266163,False
7,feature_137,True,0.045276024365812406,0.045276024365812406,False
7,feature_138,True,0.3650535993575558,0.3650535993575558,False
7,feature_139,True,0.25413333008445604,0.25413333008445604,False
7,feature_140,True,-0.018006220634799917,0.018006220634799917,False
7,feature_141,False,,,False
7,feature_142,True,-0.48059253045054795,0.48059253045054795,False
7,feature_143,True,-0.2939251932348173,0.2939251932348173,False
7,feature_144,True,0.011735279236709927,0.011735279236709927,False
7,feature_145,True,0.06196506947585621,0.06196506947585621,False
7,feature_146,True,-0.19876797747263555,0.19876797747263555,False
7,feature_147,True,0.31166746465619605,0.31166746465619605,False
7,feature_148,True,-0.2673832806443913,0.2673832806443913,False
7,feature_149,False,,,False
7,feature_150,True,0.21153635005540652,0.21153635005540652,False
7,feature_151,True,-0.19231858604826488,0.19231858604826488,False
7,feature_152,True,-0.05971091115327744,0.05971091115327744,False
7,feature_153,True,-0.30339848632974614,0.30339848632974614,False
7,feature_154,True,-0.11355123172587014,0.11355123172587014,False
7,feature_155,True,-0.33044216299952966,0.33044216299952966,False
7,feature_156,True,0.0027096172343780756,0.0027096172343780756,False
7,feature_157,True,-0.3564450219018763,0.3564450219018763,False
7,feature_158,True,0.4778275487065348,0.4778275487065348,False
7,feature_159,True,0.1760578086981231,0.1760578086981231,False
7,feature_160,True,0.32244222896927727,0.32244222896927727,False
7,feature_161,True,-0.42027883802623434,0.42027883802623434,False
7,feature_162,True,-0.05571732731864544,0.05571732731864544,False
7,feature_163,True,-0.29659558754086085,0.29659558754086085,False
7,feature_164,True,-0.32604224102170054,0.32604224102170054,False
7,feature_165,True,-0.11825566833093402,0.11825566833093402,False
7,feature_166,True,0.06982918881943355,0.06982918881943355,False
7,feature_167,True,-0.4048961994678631,0.4048961994678631,False
7,feature_168,True,0.4896666526436508,0.4896666526436508,False
7,feature_169,True,-0.0388621051436322,0.0388621051436322,False
7,feature_170,True,0.5864762692385236,0.5864762692385236,False
7,feature_171,True,-0.03237797001286602,0.03237797001286602,False
7,feature_172,True,0.11449782427553083,0.11449782427553083,False
7,feature_173,True,-0.03300221713726344,0.03300221713726344,False
7,feature_174,True,0.11711390942819393,0.11711390942819393,False
7,feature_175,True,0.05577839251550234,0.05577839251550234,False
7,feature_176,True,-0.09674989109659045,0.09674989109659045,False
7,feature_177,True,-0.1458671946648931,0.1458671946648931,False
7,feature_178,False,,,False
7,feature_179,False,,,False
7,feature_180,True,0.06525784666939588,0.06525784666939588,False
7,feature_181,True,0.05915242042382782,0.05915242042382782,False
7,feature_182,True,-0.01688834652520462,0.01688834652520462,False
7,feature_183,True,0.24200152627865473,0.24200152627865473,False
7,feature_184,True,-0.2300376573740006,0.2300376573740006,False
7,feature_185,True,-0.05701436732431832,0.05701436732431832,False
7,feature_186,False,,,False
7,feature_187,True,0.22512633042142421,0.22512633042142421,False
7,feature_188,True,0.4048291848788362,0.4048291848788362,False
7,feature_189,False,,,False
7,feature_190,False,,,False
7,feature_191,False,,,False
7,feature_192,False,,,False
7,feature_193,False,,,False
7,feature_194,False,,,False
7,feature_195,True,0.4305118187251751,0.4305118187251751,False
7,feature_196,True,-0.11774434146095519,0.11774434146095519,False
7,feature_197,True,0.46270325262341166,0.46270325262341166,False
7,feature_198,True,-0.06690792444594679,0.06690792444594679,False
7,feature_199,True,-0.05897728535587642,0.05897728535587642,False
7,feature_200,True,-0.15461164731089283,0.15461164731089283,False
7,feature_201,True,0.2457108096555332,0.2457108096555332,False
7,feature_202,True,0.062280400760807424,0.062280400760807424,False
7,feature_203,True,0.08730698066258895,0.08730698066258895,False
7,feature_204,True,-0.4872160549261434,0.4872160549261434,False
7,feature_205,True,0.9530310301868004,0.9530310301868004,True
7,feature_206,True,-0.018077234089799502,0.018077234089799502,False
7,feature_207,True,0.06549058527609047,0.06549058527609047,False
7,feature_208,True,0.08589946466424116,0.08589946466424116,False
7,feature_209,True,-0.01807723408979924,0.01807723408979924,False
7,feature_210,True,0.17574682404542835,0.17574682404542835,False
7,feature_211,True,-0.07393514362473529,0.07393514362473529,False
7,feature_212,True,-0.08247138932636734,0.08247138932636734,False
7,feature_213,True,0.4563954782429599,0.4563954782429599,False
7,feature_214,True,-0.7792648414251787,0.7792648414251787,True
7,feature_215,True,-0.5759253491399046,0.5759253491399046,False
7,feature_216,True,1.0094874634418989,1.0094874634418989,True
7,feature_217,True,-0.14074570801200262,0.14074570801200262,False
7,feature_218,True,-0.3012416564679416,0.3012416564679416,False
7,feature_219,True,-0.31090784459403886,0.31090784459403886,False
7,feature_220,True,-0.07443865169408116,0.07443865169408116,False
7,feature_221,True,-0.4767113569954589,0.4767113569954589,False
7,feature_222,True,-0.1552595877564231,0.1552595877564231,False
7,feature_223,True,-0.06581347039908053,0.06581347039908053,False
7,feature_224,True,-0.008509401593280083,0.008509401593280083,False
7,feature_225,True,-0.17253943618185993,0.17253943618185993,False
7,feature_226,False,,,False
7,feature_227,True,0.16229687581019894,0.16229687581019894,False
7,feature_228,True,0.035234436735862205,0.035234436735862205,False
7,feature_229,False,,,False
7,feature_230,False,,,False
7,feature_231,False,,,False
7,feature_232,False,,,False
7,feature_233,False,,,False
7,feature_234,False,,,False
7,feature_235,False,,,False
7,feature_236,False,,,False
7,feature_237,False,,,False
7,feature_238,True,-0.03939153273623195,0.03939153273623195,False
7,feature_239,True,0.058159894560880755,0.058159894560880755,False
7,feature_240,False,,,False
7,feature_241,False,,,False
7,feature_242,False,,,False
7,feature_243,False,,,False
7,feature_244,True,-0.06808800712161933,0.06808800712161933,False
7,feature_245,True,0.09681364400426684,0.09681364400426684,False
7,feature_246,True,-0.030673961442852515,0.030673961442852515,False
7,feature_247,True,0.0704726934592273,0.0704726934592273,False
7,feature_248,True,-0.4419480132483435,0.4419480132483435,False
7,feature_249,True,0.6238014978513254,0.6238014978513254,False
7,feature_250,True,-0.07711839929757797,0.07711839929757797,False
7,feature_251,True,-0.5332531958468542,0.5332531958468542,False
7,feature_252,True,0.1573684396125368,0.1573684396125368,False
7,feature_253,True,-0.12458349480867831,0.12458349480867831,False
7,feature_254,True,0.010371681436006412,0.010371681436006412,False
7,feature_255,True,0.04859410939304084,0.04859410939304084,False
7,feature_256,False,,,False
7,feature_257,False,,,False
7,feature_258,False,,,False
7,feature_259,False,,,False
7,feature_260,False,,,False
7,feature_261,False,,,False
7,feature_262,False,,,False
7,feature_263,False,,,False
7,feature_264,False,,,False
7,feature_265,False,,,False
7,feature_266,False,,,False
7,feature_267,True,-0.10290338779389631,0.10290338779389631,False
7,feature_268,True,-0.09601849855932153,0.09601849855932153,False
7,feature_269,True,-0.022910778898414693,0.022910778898414693,False
7,feature_270,True,-0.2128882344980208,0.2128882344980208,False
7,feature_271,True,0.42581926368322104,0.42581926368322104,False
7,feature_272,True,-0.02287812241883599,0.02287812241883599,False
7,feature_273,True,-0.2528679058700651,0.2528679058700651,False
7,feature_274,True,0.0871766704224714,0.0871766704224714,False
7,feature_275,True,-0.017686526119633728,0.017686526119633728,False
7,feature_276,False,,,False
7,feature_277,True,0.7569768517396871,0.7569768517396871,True
7,feature_278,True,-0.1431135047632776,0.1431135047632776,False
7,feature_279,True,0.020550468849639673,0.020550468849639673,False
7,feature_280,True,-0.6721995052400184,0.6721995052400184,False
7,feature_281,True,-0.36811837592881236,0.36811837592881236,False
7,feature_282,True,0.46413041179226416,0.46413041179226416,False
7,feature_283,True,-0.31809028076272855,0.31809028076272855,False
7,feature_284,False,,,False
7,feature_285,True,-0.07304129042999499,0.07304129042999499,False
7,feature_286,True,-0.1850871077839661,0.1850871077839661,False
7,feature_287,True,-0.0766999756277389,0.0766999756277389,False
7,feature_288,True,-0.12550232925171326,0.12550232925171326,False
7,feature_289,True,-0.3851525852840432,0.3851525852840432,False
7,feature_290,True,-0.04289724798335047,0.04289724798335047,False
7,feature_291,True,0.4045419714045589,0.4045419714045589,False
7,feature_292,True,0.2785538293643272,0.2785538293643272,False
7,feature_293,True,-0.061816877159554404,0.061816877159554404,False
7,feature_294,True,0.15641682190483358,0.15641682190483358,False
7,feature_295,True,0.36416617527986256,0.36416617527986256,False
7,feature_296,True,0.296597068645199,0.296597068645199,False
7,feature_297,True,-0.3281898626877693,0.3281898626877693,False
7,feature_298,True,-0.23027058755878874,0.23027058755878874,False
7,feature_299,True,-0.1927595577663513,0.1927595577663513,False
7,feature_300,True,-0.08538578772173461,0.08538578772173461,False
7,feature_301,True,0.23563780640166976,0.23563780640166976,False
7,feature_302,True,0.6419702639171423,0.6419702639171423,False
7,feature_303,True,-0.11169755741206974,0.11169755741206974,False
7,feature_304,True,-0.21354823651881194,0.21354823651881194,False
7,feature_305,True,-0.9114853141637279,0.9114853141637279,True
7,feature_306,True,-0.09209029799580662,0.09209029799580662,False
7,feature_307,True,0.21457016281113195,0.21457016281113195,False
7,feature_308,True,0.0833808710292856,0.0833808710292856,False
7,feature_309,True,0.21597262670458708,0.21597262670458708,False
7,feature_310,True,-0.03630908764643564,0.03630908764643564,False
7,feature_311,True,-0.15254237676442312,0.15254237676442312,False
7,feature_312,True,-0.25557969330059194,0.25557969330059194,False
7,feature_313,False,,,False
7,feature_314,False,,,False
7,feature_315,False,,,False
7,feature_316,True,-0.4204665690927068,0.4204665690927068,False
7,feature_317,True,-0.2046606902838151,0.2046606902838151,False
7,feature_318,True,0.06709352751198337,0.06709352751198337,False
7,feature_319,True,0.3507339481471878,0.3507339481471878,False
7,feature_320,True,-0.25580905980532176,0.25580905980532176,False
7,feature_321,True,0.02910121439946241,0.02910121439946241,False
7,feature_322,False,,,False
7,feature_323,True,0.40220440771691524,0.40220440771691524,False
7,feature_324,True,0.1979917794032964,0.1979917794032964,False
7,feature_325,False,,,False
7,feature_326,False,,,False
7,feature_327,False,,,False
7,feature_328,False,,,False
7,feature_329,False,,,False
7,feature_330,False,,,False
7,feature_331,True,-0.1273383326179684,0.1273383326179684,False
7,feature_332,True,-0.4196095286066632,0.4196095286066632,False
7,feature_333,True,0.5723881936686116,0.5723881936686116,False
7,feature_334,True,-0.18090261788771228,0.18090261788771228,False
7,feature_335,True,-0.3464751380337234,0.3464751380337234,False
7,feature_336,True,-0.050981887579813,0.050981887579813,False
7,feature_337,True,-0.131739024864926,0.131739024864926,False
7,feature_338,True,-0.15971528836807716,0.15971528836807716,False
7,feature_339,True,-0.2637032615530746,0.2637032615530746,False
7,feature_340,True,-0.5064799458806467,0.5064799458806467,False
7,feature_341,True,0.43284691437084366,0.43284691437084366,False
7,feature_342,True,-0.01807723408979919,0.01807723408979919,False
7,feature_343,True,-0.0774599564595548,0.0774599564595548,False
7,feature_344,True,-0.09613923630212017,0.09613923630212017,False
7,feature_345,True,-0.25833682888931775,0.25833682888931775,False
7,feature_346,True,0.19799308599078408,0.19799308599078408,False
7,feature_347,True,-0.018077234089799502,0.018077234089799502,False
7,feature_348,True,0.64347728593377,0.64347728593377,False
7,feature_349,True,0.5756725000608754,0.5756725000608754,False
7,feature_350,True,-0.15568633749707483,0.15568633749707483,False
7,feature_351,True,0.18115570244885124,0.18115570244885124,False
7,feature_352,True,-0.4461492863336306,0.4461492863336306,False
7,feature_353,True,0.13338806089821817,0.13338806089821817,False
7,feature_354,True,-0.8218239785667005,0.8218239785667005,True
7,feature_355,True,0.2284780854800014,0.2284780854800014,False
7,feature_356,True,0.26513089162903114,0.26513089162903114,False
7,feature_357,True,0.522545358082562,0.522545358082562,False
7,feature_358,True,0.6857393506694551,0.6857393506694551,False
7,feature_359,True,0.24687704567115312,0.24687704567115312,False
7,feature_360,True,0.07117727085838402,0.07117727085838402,False
7,feature_361,True,0.4633617247487277,0.4633617247487277,False
7,feature_362,True,-0.08619790042890993,0.08619790042890993,False
7,feature_363,True,-0.07402017521114874,0.07402017521114874,False
7,feature_364,False,,,False
7,feature_365,True,0.20625348514040287,0.20625348514040287,False
7,feature_366,True,-0.4998462498722199,0.4998462498722199,False
7,feature_367,True,-0.12209011691042364,0.12209011691042364,False
7,feature_368,True,-0.027362482310672856,0.027362482310672856,False
7,feature_369,False,,,False
7,feature_370,False,,,False
7,feature_371,False,,,False
7,feature_372,False,,,False
7,feature_373,False,,,False
7,feature_374,False,,,False
7,feature_375,False,,,False
7,feature_376,True,0.05670109077025333,0.05670109077025333,False
7,feature_377,True,0.04339537966279424,0.04339537966279424,False
7,feature_378,False,,,False
7,feature_379,False,,,False
7,feature_380,False,,,False
7,feature_381,False,,,False
7,feature_382,True,-0.0645955177162585,0.0645955177162585,False
7,feature_383,True,0.0690614119811367,0.0690614119811367,False
7,feature_384,True,-0.2355772656944971,0.2355772656944971,False
7,feature_385,True,-0.07365271173183668,0.07365271173183668,False
7,feature_386,True,-0.42374217276057163,0.42374217276057163,False
7,feature_387,True,0.5998612062160276,0.5998612062160276,False
7,feature_388,True,0.7559986283911245,0.7559986283911245,True
7,feature_389,True,-0.5217198705900319,0.5217198705900319,False
7,feature_390,True,0.120199218470075,0.120199218470075,False
7,feature_391,True,0.45931117933403515,0.45931117933403515,False
7,feature_392,True,-0.28607187102418585,0.28607187102418585,False
7,feature_393,True,0.10278699682008242,0.10278699682008242,False
7,feature_394,False,,,False
7,feature_395,False,,,False
7,feature_396,False,,,False
7,feature_397,False,,,False
7,feature_398,False,,,False
7,feature_399,False,,,False
7,feature_400,False,,,False
7,feature_401,False,,,False
7,feature_402,False,,,False
7,feature_403,False,,,False
7,feature_404,False,,,False
7,feature_405,True,-0.0028395762687135027,0.0028395762687135027,False
7,feature_406,True,0.46507339271923837,0.46507339271923837,False
7,feature_407,True,0.051024635374459795,0.051024635374459795,False
7,feature_408,True,0.1385979520180559,0.1385979520180559,False
7,feature_409,True,-0.25403472631587765,0.25403472631587765,False
7,feature_410,True,0.11275858342894808,0.11275858342894808,False
7,feature_411,True,0.247561564557725,0.247561564557725,False
7,feature_412,True,0.006342712120760349,0.006342712120760349,False
7,feature_413,True,0.41043931552551954,0.41043931552551954,False
7,feature_414,False,,,False
7,feature_415,True,-0.7386100786169535,0.7386100786169535,False
7,feature_416,True,-0.12501272983737918,0.12501272983737918,False
7,feature_417,True,-0.12094404715007388,0.12094404715007388,False
7,feature_418,True,-0.07574038312848541,0.07574038312848541,False
7,feature_419,True,0.19805137834633543,0.19805137834633543,False
7,feature_420,True,0.26794785817300654,0.26794785817300654,False
7,feature_421,True,-0.31798319896615307,0.31798319896615307,False
7,feature_422,False,,,False
7,feature_423,True,0.37585185153893186,0.37585185153893186,False
7,feature_424,True,-0.12540027645091473,0.12540027645091473,False
7,feature_425,True,0.699686488542824,0.699686488542824,False
7,feature_426,True,-0.2610211584114229,0.2610211584114229,False
7,feature_427,True,-0.12936263486211713,0.12936263486211713,False
7,feature_428,True,-0.17640644341220338,0.17640644341220338,False
7,feature_429,True,-0.06669824279873833,0.06669824279873833,False
7,feature_430,True,0.14405678578086442,0.14405678578086442,False
7,feature_431,True,0.2581421884105658,0.2581421884105658,False
7,feature_432,True,-0.27192357899704306,0.27192357899704306,False
7,feature_433,True,0.19272073982422375,0.19272073982422375,False
7,feature_434,True,-0.19255398799800374,0.19255398799800374,False
7,feature_435,True,-0.05400162820298513,0.05400162820298513,False
7,feature_436,True,-0.2672405161521373,0.2672405161521373,False
7,feature_437,True,0.3587282279263194,0.3587282279263194,False
7,feature_438,True,-0.706255643468388,0.706255643468388,False
7,feature_439,True,-0.2435396153960362,0.2435396153960362,False
7,feature_440,True,-0.10061302759081266,0.10061302759081266,False
7,feature_441,True,0.6252297572822231,0.6252297572822231,False
7,feature_442,True,0.19593451650782315,0.19593451650782315,False
7,feature_443,True,0.11345438828827371,0.11345438828827371,False
7,feature_444,True,-0.04103300780596434,0.04103300780596434,False
7,feature_445,True,0.09953981887387606,0.09953981887387606,False
7,feature_446,True,0.054564085681791656,0.054564085681791656,False
7,feature_447,True,-0.07391448196486584,0.07391448196486584,False
7,feature_448,True,-0.16545498916539056,0.16545498916539056,False
7,feature_449,False,,,False
7,feature_450,False,,,False
7,feature_451,False,,,False
7,feature_452,True,0.09453978722829577,0.09453978722829577,False
7,feature_453,True,0.05475573044797487,0.05475573044797487,False
7,feature_454,True,-0.25947768144157146,0.25947768144157146,False
7,feature_455,True,0.3046163450274117,0.3046163450274117,False
7,feature_456,True,-0.2768334251981763,0.2768334251981763,False
7,feature_457,True,0.037746207859365485,0.037746207859365485,False
7,feature_458,False,,,False
7,feature_459,True,0.26400703699223194,0.26400703699223194,False
7,feature_460,True,0.2402585596689776,0.2402585596689776,False
7,feature_461,False,,,False
7,feature_462,False,,,False
7,feature_463,False,,,False
7,feature_464,False,,,False
7,feature_465,False,,,False
7,feature_466,False,,,False
7,feature_467,True,0.31332604760025473,0.31332604760025473,False
7,feature_468,True,-0.1577075803024901,0.1577075803024901,False
7,feature_469,True,0.3441378643237689,0.3441378643237689,False
7,feature_470,True,-0.1337023632831801,0.1337023632831801,False
7,feature_471,True,0.3713271655365307,0.3713271655365307,False
7,feature_472,True,0.1472868835459072,0.1472868835459072,False
7,feature_473,True,0.39457131818946783,0.39457131818946783,False
7,feature_474,True,0.3264425715965028,0.3264425715965028,False
7,feature_475,True,0.13012012290993388,0.13012012290993388,False
7,feature_476,True,-0.7543126039765597,0.7543126039765597,True
7,feature_477,True,0.6023328127847319,0.6023328127847319,False
7,feature_478,True,-0.018077234089799502,0.018077234089799502,False
7,feature_479,True,0.17190597521085726,0.17190597521085726,False
7,feature_480,True,-0.242392561100029,0.242392561100029,False
7,feature_481,False,,,False
7,feature_482,True,0.0267781397289285,0.0267781397289285,False
7,feature_483,True,0.18588269515207478,0.18588269515207478,False
7,feature_484,True,0.08386467412679466,0.08386467412679466,False
7,feature_485,True,-0.29673245647218827,0.29673245647218827,False
7,feature_486,True,0.19932637789745844,0.19932637789745844,False
7,feature_487,True,0.21420947725845674,0.21420947725845674,False
7,feature_488,True,-0.358619533035107,0.358619533035107,False
7,feature_489,True,0.1241567318935536,0.1241567318935536,False
7,feature_490,True,-0.22372430088958892,0.22372430088958892,False
7,feature_491,True,0.009171232625579513,0.009171232625579513,False
7,feature_492,True,-0.17240119912966334,0.17240119912966334,False
7,feature_493,True,-0.5183444859010612,0.5183444859010612,False
7,feature_494,True,-0.08884366326329025,0.08884366326329025,False
7,feature_495,True,-0.14295405255937205,0.14295405255937205,False
7,feature_496,True,0.03558469441737099,0.03558469441737099,False
7,feature_497,True,-0.2652553268609901,0.2652553268609901,False
7,feature_498,False,,,False
7,feature_499,True,-0.5961671786722508,0.5961671786722508,False
7,feature_500,True,0.6714757357010078,0.6714757357010078,False
7,feature_501,False,,,False
7,feature_502,False,,,False
7,feature_503,False,,,False
7,feature_504,False,,,False
7,feature_505,False,,,False
7,feature_506,False,,,False
7,feature_507,False,,,False
7,feature_508,False,,,False
7,feature_509,False,,,False
7,feature_510,True,0.0702869400736935,0.0702869400736935,False
7,feature_511,True,0.40196431157946805,0.40196431157946805,False
7,feature_512,False,,,False
7,feature_513,False,,,False
7,feature_514,False,,,False
7,feature_515,False,,,False
7,feature_516,True,-0.07822261810405098,0.07822261810405098,False
7,feature_517,True,0.08984868850234727,0.08984868850234727,False
7,feature_518,True,-0.036210104635435184,0.036210104635435184,False
7,feature_519,True,0.026251979942896308,0.026251979942896308,False
7,feature_520,True,-0.40023639216174345,0.40023639216174345,False
7,feature_521,True,0.2868734862823784,0.2868734862823784,False
7,feature_522,True,0.10395286040426437,0.10395286040426437,False
7,feature_523,True,-0.5384793983528775,0.5384793983528775,False
7,feature_524,True,0.30815573722611245,0.30815573722611245,False
7,feature_525,True,-0.10452359881892931,0.10452359881892931,False
7,feature_526,True,0.03559441193415982,0.03559441193415982,False
7,feature_527,True,0.001697326951138592,0.001697326951138592,False
7,feature_528,False,,,False
7,feature_529,False,,,False
7,feature_530,False,,,False
7,feature_531,False,,,False
7,feature_532,False,,,False
7,feature_533,False,,,False
7,feature_534,False,,,False
7,feature_535,False,,,False
7,feature_536,False,,,False
7,feature_537,False,,,False
7,feature_538,False,,,False
7,feature_539,True,-0.1501713946577014,0.1501713946577014,False
7,feature_540,True,-0.10335754755997363,0.10335754755997363,False
7,feature_541,True,0.23526386871401642,0.23526386871401642,False
7,feature_542,True,0.3006522544523156,0.3006522544523156,False
7,feature_543,True,-0.10919089406426741,0.10919089406426741,False
7,feature_544,True,-0.3271764840931854,0.3271764840931854,False
7,feature_545,True,-0.026040380217894316,0.026040380217894316,False
7,feature_546,True,0.30370827050309784,0.30370827050309784,False
7,feature_547,True,0.48573564224045784,0.48573564224045784,False
7,feature_548,True,-0.3158002235195239,0.3158002235195239,False
7,feature_549,True,-0.2613473816779249,0.2613473816779249,False
7,feature_550,True,-0.10009276444456389,0.10009276444456389,False
7,feature_551,True,0.13063444280139483,0.13063444280139483,False
7,feature_552,True,-0.06989748674325932,0.06989748674325932,False
7,feature_553,True,-0.39818464696164496,0.39818464696164496,False
7,feature_554,True,0.07493059696937993,0.07493059696937993,False
7,feature_555,True,-0.477155753916749,0.477155753916749,False
7,feature_556,True,-0.0983273417866375,0.0983273417866375,False
7,feature_557,True,0.17686532134358923,0.17686532134358923,False
7,feature_558,True,-0.3139703987866223,0.3139703987866223,False
7,feature_559,True,0.007384771340025525,0.007384771340025525,False
7,feature_560,True,-0.07065805182336664,0.07065805182336664,False
7,feature_561,True,0.16574988682545935,0.16574988682545935,False
7,feature_562,True,-0.5279337924965887,0.5279337924965887,False
7,feature_563,True,-0.4463777220012467,0.4463777220012467,False
7,feature_564,True,0.1634031376173786,0.1634031376173786,False
7,feature_565,True,0.07419314436429927,0.07419314436429927,False
7,feature_566,True,-0.7888821318922273,0.7888821318922273,True
7,feature_567,True,0.7627641973771032,0.7627641973771032,True
7,feature_568,True,0.20430099234046684,0.20430099234046684,False
7,feature_569,True,-0.15924836256892286,0.15924836256892286,False
7,feature_570,True,0.017822302515467882,0.017822302515467882,False
7,feature_571,True,-0.39119923928294376,0.39119923928294376,False
7,feature_572,True,0.03555146108852384,0.03555146108852384,False
7,feature_573,True,-0.5114358360915536,0.5114358360915536,False
7,feature_574,True,-0.5197037169446735,0.5197037169446735,False
7,feature_575,True,0.6096713472508772,0.6096713472508772,False
7,feature_576,True,0.2903509851469256,0.2903509851469256,False
7,feature_577,True,-0.737821100866778,0.737821100866778,False
7,feature_578,True,-0.945096567733355,0.945096567733355,True
7,feature_579,True,-0.20326429529706233,0.20326429529706233,False
7,feature_580,True,0.43073951022221013,0.43073951022221013,False
7,feature_581,True,-0.41007548753229,0.41007548753229,False
7,feature_582,True,0.3989731732262709,0.3989731732262709,False
7,feature_583,True,0.12496135355432826,0.12496135355432826,False
7,feature_584,True,0.07801674809363113,0.07801674809363113,False
7,feature_585,True,0.0803730880818105,0.0803730880818105,False
7,feature_586,True,0.31376306972533735,0.31376306972533735,False
7,feature_587,True,0.25791103903851925,0.25791103903851925,False
7,feature_588,True,0.11239993913402904,0.11239993913402904,False
7,feature_589,True,0.15226973376703754,0.15226973376703754,False
8,feature_000,True,-0.5453438750285486,0.5453438750285486,False
8,feature_001,True,-0.06525077613236674,0.06525077613236674,False
8,feature_002,True,0.1837936634307599,0.1837936634307599,False
8,feature_003,True,-0.3687313795218534,0.3687313795218534,False
8,feature_004,True,0.12817900601117732,0.12817900601117732,False
8,feature_005,False,,,False
8,feature_006,True,-0.39720728300412383,0.39720728300412383,False
8,feature_007,True,0.05677780683612035,0.05677780683612035,False
8,feature_008,True,0.12637752967397856,0.12637752967397856,False
8,feature_009,True,-0.162133767420467,0.162133767420467,False
8,feature_010,True,0.03736153300368535,0.03736153300368535,False
8,feature_011,True,0.04348702709141546,0.04348702709141546,False
8,feature_012,True,0.18023464358144334,0.18023464358144334,False
8,feature_013,False,,,False
8,feature_014,True,0.050015816539961185,0.050015816539961185,False
8,feature_015,True,0.08002007248974415,0.08002007248974415,False
8,feature_016,True,0.5930778450424156,0.5930778450424156,False
8,feature_017,True,0.5921252797178798,0.5921252797178798,False
8,feature_018,True,-0.39602988285636115,0.39602988285636115,False
8,feature_019,True,-0.053106724478545225,0.053106724478545225,False
8,feature_020,True,0.7075563860821684,0.7075563860821684,True
8,feature_021,True,0.5447632905706298,0.5447632905706298,False
8,feature_022,True,-0.8562280029740632,0.8562280029740632,True
8,feature_023,True,0.08742161384077574,0.08742161384077574,False
8,feature_024,True,0.24174316002972288,0.24174316002972288,False
8,feature_025,True,0.43844484704087694,0.43844484704087694,False
8,feature_026,True,0.14607920799492913,0.14607920799492913,False
8,feature_027,True,0.19805215987301958,0.19805215987301958,False
8,feature_028,True,-0.2097143397919677,0.2097143397919677,False
8,feature_029,True,0.42826680728914335,0.42826680728914335,False
8,feature_030,True,-0.42662255697316487,0.42662255697316487,False
8,feature_031,True,0.38840252448190254,0.38840252448190254,False
8,feature_032,True,0.1254583426697472,0.1254583426697472,False
8,feature_033,True,-0.025148350791701517,0.025148350791701517,False
8,feature_034,True,-0.2666905679374859,0.2666905679374859,False
8,feature_035,True,-0.10093305268560494,0.10093305268560494,False
8,feature_036,True,0.2667407129255336,0.2667407129255336,False
8,feature_037,True,-0.07455352278291627,0.07455352278291627,False
8,feature_038,True,-0.037099776660217465,0.037099776660217465,False
8,feature_039,True,0.19104481223412942,0.19104481223412942,False
8,feature_040,True,-0.3268184012883299,0.3268184012883299,False
8,feature_041,True,-0.09995573706501022,0.09995573706501022,False
8,feature_042,False,,,False
8,feature_043,True,-0.25092032351517246,0.25092032351517246,False
8,feature_044,True,0.24742340714797034,0.24742340714797034,False
8,feature_045,True,0.3881737047435594,0.3881737047435594,False
8,feature_046,True,0.33917038761847246,0.33917038761847246,False
8,feature_047,True,0.4259149787961455,0.4259149787961455,False
8,feature_048,True,-0.5036862084270642,0.5036862084270642,False
8,feature_049,False,,,False
8,feature_050,True,-0.09661088671672007,0.09661088671672007,False
8,feature_051,True,0.24105580537729118,0.24105580537729118,False
8,feature_052,False,,,False
8,feature_053,True,-0.209026365988165,0.209026365988165,False
8,feature_054,True,-0.1622947519201783,0.1622947519201783,False
8,feature_055,True,0.1574478044420902,0.1574478044420902,False
8,feature_056,True,0.327071137079283,0.327071137079283,False
8,feature_057,True,0.03577506308691787,0.03577506308691787,False
8,feature_058,True,-0.030701071212410273,0.030701071212410273,False
8,feature_059,True,1.244820254576972,1.244820254576972,True
8,feature_060,True,0.45925128397546866,0.45925128397546866,False
8,feature_061,True,0.4565769471872287,0.4565769471872287,False
8,feature_062,True,-0.48509619660567516,0.48509619660567516,False
8,feature_063,True,-0.36319747607139485,0.36319747607139485,False
8,feature_064,True,0.8803048390840472,0.8803048390840472,True
8,feature_065,True,0.13260607169335667,0.13260607169335667,False
8,feature_066,True,0.05252074235639571,0.05252074235639571,False
8,feature_067,True,-0.6312036819520538,0.6312036819520538,False
8,feature_068,True,-0.3728982773760128,0.3728982773760128,False
8,feature_069,False,,,False
8,feature_070,True,-0.3646248229185683,0.3646248229185683,False
8,feature_071,True,-0.12861763084875508,0.12861763084875508,False
8,feature_072,True,-0.031154554504247478,0.031154554504247478,False
8,feature_073,True,-0.3183843218046979,0.3183843218046979,False
8,feature_074,True,-0.033030912534004093,0.033030912534004093,False
8,feature_075,True,0.3115196151902386,0.3115196151902386,False
8,feature_076,True,-0.04275737869597789,0.04275737869597789,False
8,feature_077,True,0.03200856158965219,0.03200856158965219,False
8,feature_078,True,-0.41305327866877006,0.41305327866877006,False
8,feature_079,True,-0.2656766208967558,0.2656766208967558,False
8,feature_080,True,-0.016823885550931637,0.016823885550931637,False
8,feature_081,True,0.2843600202293259,0.2843600202293259,False
8,feature_082,True,-0.510286259886857,0.510286259886857,False
8,feature_083,True,-0.27277816388953363,0.27277816388953363,False
8,feature_084,True,-0.3321299337776193,0.3321299337776193,False
8,feature_085,True,-0.04285551251777491,0.04285551251777491,False
8,feature_086,True,0.33133152315865094,0.33133152315865094,False
8,feature_087,True,0.7149408735430546,0.7149408735430546,True
8,feature_088,True,-0.4333051840995112,0.4333051840995112,False
8,feature_089,True,0.23975753623819457,0.23975753623819457,False
8,feature_090,True,-0.32813573314439504,0.32813573314439504,False
8,feature_091,True,0.03984666784003718,0.03984666784003718,False
8,feature_092,True,-0.028486758197919557,0.028486758197919557,False
8,feature_093,True,-0.19985357674590956,0.19985357674590956,False
8,feature_094,True,-0.22451421909424124,0.22451421909424124,False
8,feature_095,True,0.08780948517700878,0.08780948517700878,False
8,feature_096,True,-0.06196127933816181,0.06196127933816181,False
8,feature_097,False,,,False
8,feature_098,True,0.16196616649808274,0.16196616649808274,False
8,feature_099,True,0.2656895169369097,0.2656895169369097,False
8,feature_100,True,0.07381220111357666,0.07381220111357666,False
8,feature_101,True,-0.3487941320649872,0.3487941320649872,False
8,feature_102,True,-0.4461917324466075,0.4461917324466075,False
8,feature_103,True,0.7580932384917429,0.7580932384917429,True
8,feature_104,True,-0.5712771596036723,0.5712771596036723,False
8,feature_105,True,-0.025364309058683518,0.025364309058683518,False
8,feature_106,True,-0.01241346496951039,0.01241346496951039,False
8,feature_107,True,0.559691767574937,0.559691767574937,False
8,feature_108,True,-0.3369791021330444,0.3369791021330444,False
8,feature_109,True,0.05113945454874988,0.05113945454874988,False
8,feature_110,True,-0.32202564601221895,0.32202564601221895,False
8,feature_111,True,-0.3668361701494837,0.3668361701494837,False
8,feature_112,True,0.0023868768103964804,0.0023868768103964804,False
8,feature_113,True,0.6068785801377607,0.6068785801377607,False
8,feature_114,True,-0.07213901226649841,0.07213901226649841,False
8,feature_115,True,-0.10592677615308888,0.10592677615308888,False
8,feature_116,True,0.07169665810008478,0.07169665810008478,False
8,feature_117,True,-0.1908803678973486,0.1908803678973486,False
8,feature_118,True,-0.08365483146544321,0.08365483146544321,False
8,feature_119,True,-0.34047065588194725,0.34047065588194725,False
8,feature_120,True,-0.026707618840838675,0.026707618840838675,False
8,feature_121,True,0.1321800225270704,0.1321800225270704,False
8,feature_122,True,-0.5931866627224676,0.5931866627224676,False
8,feature_123,True,0.01983516747550016,0.01983516747550016,False
8,feature_124,True,-0.517871359533966,0.517871359533966,False
8,feature_125,True,-0.024073922513612803,0.024073922513612803,False
8,feature_126,True,0.5044796377277508,0.5044796377277508,False
8,feature_127,True,0.026033085573011316,0.026033085573011316,False
8,feature_128,True,0.0862344205850173,0.0862344205850173,False
8,feature_129,True,0.5118430876121794,0.5118430876121794,False
8,feature_130,True,-0.11218342337011869,0.11218342337011869,False
8,feature_131,True,0.2594915718792092,0.2594915718792092,False
8,feature_132,True,-0.7838681035958873,0.7838681035958873,True
8,feature_133,True,0.481968290285589,0.481968290285589,False
8,feature_134,True,-0.14010928851726884,0.14010928851726884,False
8,feature_135,True,-0.08066403660690886,0.08066403660690886,False
8,feature_136,True,-0.09404218963334557,0.09404218963334557,False
8,feature_137,True,0.04091578376307377,0.04091578376307377,False
8,feature_138,True,0.4587457084680635,0.4587457084680635,False
8,feature_139,True,-0.03512933888703537,0.03512933888703537,False
8,feature_140,True,0.1475704030885721,0.1475704030885721,False
8,feature_141,False,,,False
8,feature_142,True,-0.6239692285024833,0.6239692285024833,False
8,feature_143,True,-0.37516889180984164,0.37516889180984164,False
8,feature_144,True,0.1709571506465744,0.1709571506465744,False
8,feature_145,True,-0.07947978964722603,0.07947978964722603,False
8,feature_146,True,-0.3821335364680025,0.3821335364680025,False
8,feature_147,True,0.01766895186326069,0.01766895186326069,False
8,feature_148,True,-0.3567100549203796,0.3567100549203796,False
8,feature_149,False,,,False
8,feature_150,True,0.20496679927598882,0.20496679927598882,False
8,feature_151,True,-0.08505276054633298,0.08505276054633298,False
8,feature_152,True,-0.2692437714862984,0.2692437714862984,False
8,feature_153,True,-0.025882001042831913,0.025882001042831913,False
8,feature_154,True,0.1383199127419969,0.1383199127419969,False
8,feature_155,True,-0.2398240439508311,0.2398240439508311,False
8,feature_156,True,0.0628165195939569,0.0628165195939569,False
8,feature_157,True,-0.5339790297224605,0.5339790297224605,False
8,feature_158,True,0.3156467757863007,0.3156467757863007,False
8,feature_159,True,0.11915445863674039,0.11915445863674039,False
8,feature_160,True,0.39378270747923455,0.39378270747923455,False
8,feature_161,True,-0.4377659399679854,0.4377659399679854,False
8,feature_162,True,-0.5007068554138505,0.5007068554138505,False
8,feature_163,True,0.07214987720302517,0.07214987720302517,False
8,feature_164,True,-0.7125188178066234,0.7125188178066234,True
8,feature_165,True,-0.3883378224931386,0.3883378224931386,False
8,feature_166,True,-0.01958282611176143,0.01958282611176143,False
8,feature_167,True,0.19390147407939282,0.19390147407939282,False
8,feature_168,True,0.33791029866970723,0.33791029866970723,False
8,feature_169,True,-0.06808347501323865,0.06808347501323865,False
8,feature_170,True,0.29109571028190995,0.29109571028190995,False
8,feature_171,True,0.16249583195516337,0.16249583195516337,False
8,feature_172,True,0.2562582744933578,0.2562582744933578,False
8,feature_173,True,0.1588056425021952,0.1588056425021952,False
8,feature_174,True,0.2575320368311587,0.2575320368311587,False
8,feature_175,True,-0.11670514856478781,0.11670514856478781,False
8,feature_176,True,0.14359836683186045,0.14359836683186045,False
8,feature_177,True,-0.17207252478627746,0.17207252478627746,False
8,feature_178,False,,,False
8,feature_179,False,,,False
8,feature_180,True,0.1770564682592844,0.1770564682592844,False
8,feature_181,True,0.07381848805239874,0.07381848805239874,False
8,feature_182,True,-0.3220494839020779,0.3220494839020779,False
8,feature_183,True,0.14934297770576152,0.14934297770576152,False
8,feature_184,True,0.5007588196147041,0.5007588196147041,False
8,feature_185,True,-0.04507688722462997,0.04507688722462997,False
8,feature_186,False,,,False
8,feature_187,True,0.17166213089149027,0.17166213089149027,False
8,feature_188,True,0.7611209486030172,0.7611209486030172,True
8,feature_189,False,,,False
8,feature_190,False,,,False
8,feature_191,False,,,False
8,feature_192,False,,,False
8,feature_193,False,,,False
8,feature_194,False,,,False
8,feature_195,True,0.22827934476974435,0.22827934476974435,False
8,feature_196,True,-0.17136539559823283,0.17136539559823283,False
8,feature_197,True,0.8817409655459543,0.8817409655459543,True
8,feature_198,True,-0.04791252645183263,0.04791252645183263,False
8,feature_199,True,-0.014796976549761207,0.014796976549761207,False
8,feature_200,True,0.2423561428704522,0.2423561428704522,False
8,feature_201,True,0.3757712645239177,0.3757712645239177,False
8,feature_202,True,-0.060538747122316265,0.060538747122316265,False
8,feature_203,True,-0.07392514644423583,0.07392514644423583,False
8,feature_204,True,-0.483344840994806,0.483344840994806,False
8,feature_205,True,0.576622198332564,0.576622198332564,False
8,feature_206,True,-0.03303091253400419,0.03303091253400419,False
8,feature_207,True,-0.13824084024029246,0.13824084024029246,False
8,feature_208,True,-0.284307306526542,0.284307306526542,False
8,feature_209,True,-0.03303091253400418,0.03303091253400418,False
8,feature_210,True,-0.15810382232606698,0.15810382232606698,False
8,feature_211,True,-0.038854732046146756,0.038854732046146756,False
8,feature_212,True,-0.30803012892135145,0.30803012892135145,False
8,feature_213,True,0.6060611837359352,0.6060611837359352,False
8,feature_214,True,-0.6080774496831941,0.6080774496831941,False
8,feature_215,True,-0.36837032798925384,0.36837032798925384,False
8,feature_216,True,1.241783896103308,1.241783896103308,True
8,feature_217,True,0.1661384831853475,0.1661384831853475,False
8,feature_218,True,-0.1848729169779101,0.1848729169779101,False
8,feature_219,True,-0.028623329864182902,0.028623329864182902,False
8,feature_220,True,-0.09561294156334701,0.09561294156334701,False
8,feature_221,True,-0.5215775720350456,0.5215775720350456,False
8,feature_222,True,0.041858278770428116,0.041858278770428116,False
8,feature_223,True,-0.24582776336650647,0.24582776336650647,False
8,feature_224,True,-0.0689518338524983,0.0689518338524983,False
8,feature_225,True,-0.026505910996256075,0.026505910996256075,False
8,feature_226,False,,,False
8,feature_227,True,-0.32523581428268333,0.32523581428268333,False
8,feature_228,True,-0.02147057319737891,0.02147057319737891,False
8,feature_229,False,,,False
8,feature_230,False,,,False
8,feature_231,False,,,False
8,feature_232,False,,,False
8,feature_233,False,,,False
8,feature_234,False,,,False
8,feature_235,False,,,False
8,feature_236,False,,,False
8,feature_237,False,,,False
8,feature_238,True,0.02871633660625038,0.02871633660625038,False
8,feature_239,True,0.37305778075910656,0.37305778075910656,False
8,feature_240,False,,,False
8,feature_241,False,,,False
8,feature_242,False,,,False
8,feature_243,False,,,False
8,feature_244,True,0.33879061252222864,0.33879061252222864,False
8,feature_245,True,-0.27397962341681464,0.27397962341681464,False
8,feature_246,True,0.2601524696057219,0.2601524696057219,False
8,feature_247,True,0.04840976412296442,0.04840976412296442,False
8,feature_248,True,-0.07849672747651011,0.07849672747651011,False
8,feature_249,True,0.3615253405015361,0.3615253405015361,False
8,feature_250,True,-0.007572755266177345,0.007572755266177345,False
8,feature_251,True,-0.045811044148621485,0.045811044148621485,False
8,feature_252,True,-0.06650526801054243,0.06650526801054243,False
8,feature_253,True,-0.058571388576512486,0.058571388576512486,False
8,feature_254,True,0.1500696440276291,0.1500696440276291,False
8,feature_255,True,-0.017469901745469803,0.017469901745469803,False
8,feature_256,False,,,False
8,feature_257,False,,,False
8,feature_258,False,,,False
8,feature_259,False,,,False
8,feature_260,False,,,False
8,feature_261,False,,,False
8,feature_262,False,,,False
8,feature_263,False,,,False
8,feature_264,False,,,False
8,feature_265,False,,,False
8,feature_266,False,,,False
8,feature_267,True,-0.11085868260095748,0.11085868260095748,False
8,feature_268,True,-0.49862713206350856,0.49862713206350856,False
8,feature_269,True,0.2510016565159397,0.2510016565159397,False
8,feature_270,True,-0.5892979110743047,0.5892979110743047,False
8,feature_271,True,-0.1436403568358524,0.1436403568358524,False
8,feature_272,True,0.06229645547712165,0.06229645547712165,False
8,feature_273,True,-0.11379405224424952,0.11379405224424952,False
8,feature_274,True,-0.05464859896316605,0.05464859896316605,False
8,feature_275,True,0.14790393774416177,0.14790393774416177,False
8,feature_276,False,,,False
8,feature_277,True,1.0435698570696044,1.0435698570696044,True
8,feature_278,True,-0.1070087698541972,0.1070087698541972,False
8,feature_279,True,-0.09131096681104112,0.09131096681104112,False
8,feature_280,True,-0.15856820242523623,0.15856820242523623,False
8,feature_281,True,-0.031979583720023436,0.031979583720023436,False
8,feature_282,True,0.030019686140461025,0.030019686140461025,False
8,feature_283,True,-0.3568705479515029,0.3568705479515029,False
8,feature_284,False,,,False
8,feature_285,True,-0.2346393756374012,0.2346393756374012,False
8,feature_286,True,-0.06276726464999391,0.06276726464999391,False
8,feature_287,True,-0.2854752026931893,0.2854752026931893,False
8,feature_288,True,0.0937124400588825,0.0937124400588825,False
8,feature_289,True,0.18289961148164813,0.18289961148164813,False
8,feature_290,True,0.09836275975760451,0.09836275975760451,False
8,feature_291,True,0.30005461856436805,0.30005461856436805,False
8,feature_292,True,-0.6692676692351602,0.6692676692351602,False
8,feature_293,True,-0.2605994013671928,0.2605994013671928,False
8,feature_294,True,0.13066303991446016,0.13066303991446016,False
8,feature_295,True,0.20418787014053014,0.20418787014053014,False
8,feature_296,True,-0.12257359042722411,0.12257359042722411,False
8,feature_297,True,0.10134507647794756,0.10134507647794756,False
8,feature_298,True,0.13483269427577635,0.13483269427577635,False
8,feature_299,True,-0.532666536155633,0.532666536155633,False
8,feature_300,True,-0.2944067955741118,0.2944067955741118,False
8,feature_301,True,0.35108290001929543,0.35108290001929543,False
8,feature_302,True,0.6431755058759195,0.6431755058759195,False
8,feature_303,True,0.18982448132728585,0.18982448132728585,False
8,feature_304,True,-0.1213540732197322,0.1213540732197322,False
8,feature_305,True,-0.4077127018362659,0.4077127018362659,False
8,feature_306,True,-0.045055816113751375,0.045055816113751375,False
8,feature_307,True,-0.28815151063242156,0.28815151063242156,False
8,feature_308,True,-0.320915120210739,0.320915120210739,False
8,feature_309,True,-0.28873974083978265,0.28873974083978265,False
8,feature_310,True,0.37515851081338497,0.37515851081338497,False
8,feature_311,True,-0.032689513824950236,0.032689513824950236,False
8,feature_312,True,-0.16863599076948002,0.16863599076948002,False
8,feature_313,False,,,False
8,feature_314,False,,,False
8,feature_315,False,,,False
8,feature_316,True,-0.4271837686631157,0.4271837686631157,False
8,feature_317,True,-0.2732115415099487,0.2732115415099487,False
8,feature_318,True,0.12699757280328403,0.12699757280328403,False
8,feature_319,True,0.24432174808888263,0.24432174808888263,False
8,feature_320,True,0.07129616594558279,0.07129616594558279,False
8,feature_321,True,-0.12564716381733768,0.12564716381733768,False
8,feature_322,False,,,False
8,feature_323,True,0.2199372950542959,0.2199372950542959,False
8,feature_324,True,-0.5110592998868017,0.5110592998868017,False
8,feature_325,False,,,False
8,feature_326,False,,,False
8,feature_327,False,,,False
8,feature_328,False,,,False
8,feature_329,False,,,False
8,feature_330,False,,,False
8,feature_331,True,0.2665905446149609,0.2665905446149609,False
8,feature_332,True,-0.6639448327947547,0.6639448327947547,False
8,feature_333,True,0.707433350723688,0.707433350723688,False
8,feature_334,True,0.05407383364358393,0.05407383364358393,False
8,feature_335,True,-0.40579165810406015,0.40579165810406015,False
8,feature_336,True,0.022323071299520512,0.022323071299520512,False
8,feature_337,True,0.03270823975567536,0.03270823975567536,False
8,feature_338,True,-0.3455555656175341,0.3455555656175341,False
8,feature_339,True,-0.23859420938634512,0.23859420938634512,False
8,feature_340,True,-0.5001915759328082,0.5001915759328082,False
8,feature_341,True,0.19224520072427984,0.19224520072427984,False
8,feature_342,True,-0.0330309125340041,0.0330309125340041,False
8,feature_343,True,-0.19099842875380432,0.19099842875380432,False
8,feature_344,True,0.15069736925461502,0.15069736925461502,False
8,feature_345,True,0.20258458194678577,0.20258458194678577,False
8,feature_346,True,0.14182071906415586,0.14182071906415586,False
8,feature_347,True,-0.03303091253400419,0.03303091253400419,False
8,feature_348,True,0.7175305983442852,0.7175305983442852,True
8,feature_349,True,0.4233110197349878,0.4233110197349878,False
8,feature_350,True,-0.20815187077391994,0.20815187077391994,False
8,feature_351,True,0.24775170690298595,0.24775170690298595,False
8,feature_352,True,-0.26941222489403893,0.26941222489403893,False
8,feature_353,True,0.2639086889679834,0.2639086889679834,False
8,feature_354,True,-0.8102160393662713,0.8102160393662713,True
8,feature_355,True,0.14529821670420479,0.14529821670420479,False
8,feature_356,True,-0.5177440564755681,0.5177440564755681,False
8,feature_357,True,0.04058871766896178,0.04058871766896178,False
8,feature_358,True,0.45780988097343633,0.45780988097343633,False
8,feature_359,True,0.46794144088003115,0.46794144088003115,False
8,feature_360,True,0.29442994146727947,0.29442994146727947,False
8,feature_361,True,0.33345708856400597,0.33345708856400597,False
8,feature_362,True,-0.15990843936071059,0.15990843936071059,False
8,feature_363,True,-0.5364668981072432,0.5364668981072432,False
8,feature_364,False,,,False
8,feature_365,True,0.6885110174006882,0.6885110174006882,False
8,feature_366,True,-0.2880139039785922,0.2880139039785922,False
8,feature_367,True,-0.02541512466850175,0.02541512466850175,False
8,feature_368,True,-0.5835741840829316,0.5835741840829316,False
8,feature_369,False,,,False
8,feature_370,False,,,False
8,feature_371,False,,,False
8,feature_372,False,,,False
8,feature_373,False,,,False
8,feature_374,False,,,False
8,feature_375,False,,,False
8,feature_376,True,0.4250457739553373,0.4250457739553373,False
8,feature_377,True,-0.05723052848751461,0.05723052848751461,False
8,feature_378,False,,,False
8,feature_379,False,,,False
8,feature_380,False,,,False
8,feature_381,False,,,False
8,feature_382,True,-0.12001731510926479,0.12001731510926479,False
8,feature_383,True,-0.13677449586800824,0.13677449586800824,False
8,feature_384,True,-0.5407103360228503,0.5407103360228503,False
8,feature_385,True,-0.4445942653071596,0.4445942653071596,False
8,feature_386,True,-0.17220855000053684,0.17220855000053684,False
8,feature_387,True,0.31629820459988,0.31629820459988,False
8,feature_388,True,0.2391060263855766,0.2391060263855766,False
8,feature_389,True,-0.049108033772294134,0.049108033772294134,False
8,feature_390,True,-0.07891284137240936,0.07891284137240936,False
8,feature_391,True,0.35885672636098986,0.35885672636098986,False
8,feature_392,True,0.16436038848984275,0.16436038848984275,False
8,feature_393,True,0.0995931698715569,0.0995931698715569,False
8,feature_394,False,,,False
8,feature_395,False,,,False
8,feature_396,False,,,False
8,feature_397,False,,,False
8,feature_398,False,,,False
8,feature_399,False,,,False
8,feature_400,False,,,False
8,feature_401,False,,,False
8,feature_402,False,,,False
8,feature_403,False,,,False
8,feature_404,False,,,False
8,feature_405,True,-0.23560062792831987,0.23560062792831987,False
8,feature_406,True,0.8771257736784644,0.8771257736784644,True
8,feature_407,True,-0.7480804233202037,0.7480804233202037,True
8,feature_408,True,0.00473649821745056,0.00473649821745056,False
8,feature_409,True,-0.1729679751263156,0.1729679751263156,False
8,feature_410,True,0.04589092396907611,0.04589092396907611,False
8,feature_411,True,0.25352406964516877,0.25352406964516877,False
8,feature_412,True,0.4766760315804209,0.4766760315804209,False
8,feature_413,True,-0.8091079735792762,0.8091079735792762,True
8,feature_414,False,,,False
8,feature_415,True,-0.7501395540676575,0.7501395540676575,True
8,feature_416,True,-0.2696605709344433,0.2696605709344433,False
8,feature_417,True,-0.05390134400299541,0.05390134400299541,False
8,feature_418,True,-0.4205430558393782,0.4205430558393782,False
8,feature_419,True,0.25638637768059575,0.25638637768059575,False
8,feature_420,True,-0.01567569319465732,0.01567569319465732,False
8,feature_421,True,-0.34876580029206183,0.34876580029206183,False
8,feature_422,False,,,False
8,feature_423,True,0.10713841931825308,0.10713841931825308,False
8,feature_424,True,-0.0054685631274332715,0.0054685631274332715,False
8,feature_425,True,0.6571823221905009,0.6571823221905009,False
8,feature_426,True,-0.033948276101846565,0.033948276101846565,False
8,feature_427,True,0.08666106631993242,0.08666106631993242,False
8,feature_428,True,-0.22762233313689414,0.22762233313689414,False
8,feature_429,True,0.08337561452497165,0.08337561452497165,False
8,feature_430,True,0.28924914817708075,0.28924914817708075,False
8,feature_431,True,0.49829505442983496,0.49829505442983496,False
8,feature_432,True,0.23054533772516242,0.23054533772516242,False
8,feature_433,True,-0.03558438278202775,0.03558438278202775,False
8,feature_434,True,0.10992964721487453,0.10992964721487453,False
8,feature_435,True,-0.0825037394737019,0.0825037394737019,False
8,feature_436,True,-0.023932671943231402,0.023932671943231402,False
8,feature_437,True,0.09889656085104422,0.09889656085104422,False
8,feature_438,True,-0.45592293311930054,0.45592293311930054,False
8,feature_439,True,-0.35019691376773365,0.35019691376773365,False
8,feature_440,True,-0.2670421312793704,0.2670421312793704,False
8,feature_441,True,0.2779217361904851,0.2779217361904851,False
8,feature_442,True,-0.11361495816699045,0.11361495816699045,False
8,feature_443,True,0.2536579524227628,0.2536579524227628,False
8,feature_444,True,0.20176896017342416,0.20176896017342416,False
8,feature_445,True,0.24833291619229578,0.24833291619229578,False
8,feature_446,True,-0.11077672613308817,0.11077672613308817,False
8,feature_447,True,0.1508825044639594,0.1508825044639594,False
8,feature_448,True,-0.2058195925350513,0.2058195925350513,False
8,feature_449,False,,,False
8,feature_450,False,,,False
8,feature_451,False,,,False
8,feature_452,True,0.15244638857579038,0.15244638857579038,False
8,feature_453,True,0.11271766762272174,0.11271766762272174,False
8,feature_454,True,-0.41358988438245714,0.41358988438245714,False
8,feature_455,True,0.1588493825648115,0.1588493825648115,False
8,feature_456,True,0.10429981839907863,0.10429981839907863,False
8,feature_457,True,0.1829930433676883,0.1829930433676883,False
8,feature_458,False,,,False
8,feature_459,True,0.16726417427673873,0.16726417427673873,False
8,feature_460,True,0.18436938953236304,0.18436938953236304,False
8,feature_461,False,,,False
8,feature_462,False,,,False
8,feature_463,False,,,False
8,feature_464,False,,,False
8,feature_465,False,,,False
8,feature_466,False,,,False
8,feature_467,True,0.23809374728007443,0.23809374728007443,False
8,feature_468,True,-0.15983893685931097,0.15983893685931097,False
8,feature_469,True,0.6967235521754633,0.6967235521754633,False
8,feature_470,True,-0.056293293241784566,0.056293293241784566,False
8,feature_471,True,0.30731310931459416,0.30731310931459416,False
8,feature_472,True,-0.05704345227796794,0.05704345227796794,False
8,feature_473,True,0.2145822819169217,0.2145822819169217,False
8,feature_474,True,0.0015415078878577822,0.0015415078878577822,False
8,feature_475,True,-0.010181397161592285,0.010181397161592285,False
8,feature_476,True,-0.46249968260882207,0.46249968260882207,False
8,feature_477,True,0.44482682389040723,0.44482682389040723,False
8,feature_478,True,-0.03303091253400419,0.03303091253400419,False
8,feature_479,True,-0.05455763466808023,0.05455763466808023,False
8,feature_480,True,-0.3181416956389486,0.3181416956389486,False
8,feature_481,False,,,False
8,feature_482,True,0.12345232297320234,0.12345232297320234,False
8,feature_483,True,0.2490497103038791,0.2490497103038791,False
8,feature_484,True,-0.2503677142873041,0.2503677142873041,False
8,feature_485,True,0.031132800935978543,0.031132800935978543,False
8,feature_486,True,0.1605648014060395,0.1605648014060395,False
8,feature_487,True,0.31535839057039616,0.31535839057039616,False
8,feature_488,True,-0.19739410645799343,0.19739410645799343,False
8,feature_489,True,0.3552581271050705,0.3552581271050705,False
8,feature_490,True,0.11597676411402424,0.11597676411402424,False
8,feature_491,True,0.3833403887029399,0.3833403887029399,False
8,feature_492,True,-0.012174548431704839,0.012174548431704839,False
8,feature_493,True,-0.5471124040485638,0.5471124040485638,False
8,feature_494,True,0.13836179513279642,0.13836179513279642,False
8,feature_495,True,-0.26306880817916567,0.26306880817916567,False
8,feature_496,True,0.23626308489846576,0.23626308489846576,False
8,feature_497,True,-0.01669766894246602,0.01669766894246602,False
8,feature_498,False,,,False
8,feature_499,True,-0.6317288110190051,0.6317288110190051,False
8,feature_500,True,0.6341101071850563,0.6341101071850563,False
8,feature_501,False,,,False
8,feature_502,False,,,False
8,feature_503,False,,,False
8,feature_504,False,,,False
8,feature_505,False,,,False
8,feature_506,False,,,False
8,feature_507,False,,,False
8,feature_508,False,,,False
8,feature_509,False,,,False
8,feature_510,True,-0.30206764030126976,0.30206764030126976,False
8,feature_511,True,0.41067551356830234,0.41067551356830234,False
8,feature_512,False,,,False
8,feature_513,False,,,False
8,feature_514,False,,,False
8,feature_515,False,,,False
8,feature_516,True,0.3757665912309075,0.3757665912309075,False
8,feature_517,True,-0.2292017127605795,0.2292017127605795,False
8,feature_518,True,0.2896881524014901,0.2896881524014901,False
8,feature_519,True,-0.027296129429891017,0.027296129429891017,False
8,feature_520,True,-0.09206073283492743,0.09206073283492743,False
8,feature_521,True,-0.14514479700645602,0.14514479700645602,False
8,feature_522,True,0.08252346755583514,0.08252346755583514,False
8,feature_523,True,-0.0466988046328354,0.0466988046328354,False
8,feature_524,True,0.13941865271880519,0.13941865271880519,False
8,feature_525,True,-0.19248464792245867,0.19248464792245867,False
8,feature_526,True,0.1469456093048894,0.1469456093048894,False
8,feature_527,True,-0.0332210361214822,0.0332210361214822,False
8,feature_528,False,,,False
8,feature_529,False,,,False
8,feature_530,False,,,False
8,feature_531,False,,,False
8,feature_532,False,,,False
8,feature_533,False,,,False
8,feature_534,False,,,False
8,feature_535,False,,,False
8,feature_536,False,,,False
8,feature_537,False,,,False
8,feature_538,False,,,False
8,feature_539,True,-0.14473848002896483,0.14473848002896483,False
8,feature_540,True,-0.4994047379902771,0.4994047379902771,False
8,feature_541,True,0.4858064976014047,0.4858064976014047,False
8,feature_542,True,-0.018846076545793303,0.018846076545793303,False
8,feature_543,True,-0.15945002151292412,0.15945002151292412,False
8,feature_544,True,-0.3376790119696886,0.3376790119696886,False
8,feature_545,True,-0.01893969848110383,0.01893969848110383,False
8,feature_546,True,-0.4597686106512085,0.4597686106512085,False
8,feature_547,True,0.5413083705149027,0.5413083705149027,False
8,feature_548,True,-0.2313326552519976,0.2313326552519976,False
8,feature_549,True,-0.024030412161546475,0.024030412161546475,False
8,feature_550,True,-0.09181880695044968,0.09181880695044968,False
8,feature_551,True,0.2982151363704768,0.2982151363704768,False
8,feature_552,True,0.07953287928472397,0.07953287928472397,False
8,feature_553,True,-0.2956218579078375,0.2956218579078375,False
8,feature_554,True,0.08895488286464029,0.08895488286464029,False
8,feature_555,True,0.08975922814826288,0.08975922814826288,False
8,feature_556,True,-0.20662090245069112,0.20662090245069112,False
8,feature_557,True,0.33289592670422,0.33289592670422,False
8,feature_558,True,0.16164116909124004,0.16164116909124004,False
8,feature_559,True,0.08325268804483134,0.08325268804483134,False
8,feature_560,True,-0.31059932449408967,0.31059932449408967,False
8,feature_561,True,0.27390068389476285,0.27390068389476285,False
8,feature_562,True,-0.024382082016320004,0.024382082016320004,False
8,feature_563,True,-0.8893195393292114,0.8893195393292114,True
8,feature_564,True,0.06629683204873191,0.06629683204873191,False
8,feature_565,True,0.07165871449992597,0.07165871449992597,False
8,feature_566,True,-0.4799590499715058,0.4799590499715058,False
8,feature_567,True,0.44733556462545876,0.44733556462545876,False
8,feature_568,True,-0.00910270225525692,0.00910270225525692,False
8,feature_569,True,-0.05425792204334787,0.05425792204334787,False
8,feature_570,True,-0.24869962967125595,0.24869962967125595,False
8,feature_571,True,-0.3549968487101524,0.3549968487101524,False
8,feature_572,True,0.2356480063985408,0.2356480063985408,False
8,feature_573,True,-0.5831341168098602,0.5831341168098602,False
8,feature_574,True,-0.2772429892764065,0.2772429892764065,False
8,feature_575,True,0.08800784829960388,0.08800784829960388,False
8,feature_576,True,0.5165414978982383,0.5165414978982383,False
8,feature_577,True,-0.8018169969803706,0.8018169969803706,True
8,feature_578,True,-0.43812961602583844,0.43812961602583844,False
8,feature_579,True,-0.01229590699330066,0.01229590699330066,False
8,feature_580,True,-0.0028097606012646255,0.0028097606012646255,False
8,feature_581,True,-0.588209079440933,0.588209079440933,False
8,feature_582,True,-0.031520857133524025,0.031520857133524025,False
8,feature_583,True,-0.01013833553128278,0.01013833553128278,False
8,feature_584,True,0.14582749547457605,0.14582749547457605,False
8,feature_585,True,-0.03698991419497272,0.03698991419497272,False
8,feature_586,True,-0.07246316026386874,0.07246316026386874,False
8,feature_587,True,0.34573866023203853,0.34573866023203853,False
8,feature_588,True,0.21971083488939813,0.21971083488939813,False
8,feature_589,True,0.15120011571610634,0.15120011571610634,False
9,feature_000,True,-0.30299685689556466,0.30299685689556466,False
9,feature_001,True,-0.2713132956740355,0.2713132956740355,False
9,feature_002,True,0.22710724374783217,0.22710724374783217,False
9,feature_003,True,0.03113787797288747,0.03113787797288747,False
9,feature_004,True,0.027715819035214938,0.027715819035214938,False
9,feature_005,False,,,False
9,feature_006,True,-0.41085759924493803,0.41085759924493803,False
9,feature_007,True,-0.0853609247652661,0.0853609247652661,False
9,feature_008,True,-0.347653347919924,0.347653347919924,False
9,feature_009,True,-0.18338457522688087,0.18338457522688087,False
9,feature_010,True,-0.05587000143745039,0.05587000143745039,False
9,feature_011,True,0.48634511580131234,0.48634511580131234,False
9,feature_012,True,0.19089472703816812,0.19089472703816812,False
9,feature_013,False,,,False
9,feature_014,True,-0.3119151848843342,0.3119151848843342,False
9,feature_015,True,-0.03462745536350164,0.03462745536350164,False
9,feature_016,True,0.11684341374734604,0.11684341374734604,False
9,feature_017,True,0.3383692154809892,0.3383692154809892,False
9,feature_018,True,0.16112230421453036,0.16112230421453036,False
9,feature_019,True,-0.10108927551199515,0.10108927551199515,False
9,feature_020,True,0.45942879606052367,0.45942879606052367,False
9,feature_021,True,0.41023225629497284,0.41023225629497284,False
9,feature_022,True,-0.2615905941173619,0.2615905941173619,False
9,feature_023,True,0.4445695277217505,0.4445695277217505,False
9,feature_024,True,-0.5114806487016047,0.5114806487016047,False
9,feature_025,True,0.7190068189762042,0.7190068189762042,True
9,feature_026,True,-0.6074278750699482,0.6074278750699482,False
9,feature_027,True,0.234885572851825,0.234885572851825,False
9,feature_028,True,0.15700673370300552,0.15700673370300552,False
9,feature_029,True,0.4856371967163279,0.4856371967163279,False
9,feature_030,True,-0.3584027973164332,0.3584027973164332,False
9,feature_031,True,0.18866769980069054,0.18866769980069054,False
9,feature_032,True,0.5016110490173082,0.5016110490173082,False
9,feature_033,True,0.05961243692133747,0.05961243692133747,False
9,feature_034,True,-0.2443120753347931,0.2443120753347931,False
9,feature_035,True,-0.2111788718868795,0.2111788718868795,False
9,feature_036,True,0.24436234340562493,0.24436234340562493,False
9,feature_037,True,-0.2110208663150704,0.2110208663150704,False
9,feature_038,True,-0.09266356129319481,0.09266356129319481,False
9,feature_039,True,0.03517571704282874,0.03517571704282874,False
9,feature_040,True,-0.6795992272078196,0.6795992272078196,False
9,feature_041,True,-0.9476744236329508,0.9476744236329508,True
9,feature_042,False,,,False
9,feature_043,True,0.004639380517077738,0.004639380517077738,False
9,feature_044,True,0.13476233257164402,0.13476233257164402,False
9,feature_045,True,0.43951935636562867,0.43951935636562867,False
9,feature_046,True,0.41411964806842955,0.41411964806842955,False
9,feature_047,True,0.520178056884,0.520178056884,False
9,feature_048,True,-0.3578774955762123,0.3578774955762123,False
9,feature_049,False,,,False
9,feature_050,True,0.21814270747957404,0.21814270747957404,False
9,feature_051,True,-0.31265378472578464,0.31265378472578464,False
9,feature_052,False,,,False
9,feature_053,True,-0.16460701120386342,0.16460701120386342,False
9,feature_054,True,-0.04697516044740219,0.04697516044740219,False
9,feature_055,True,0.40327695279785725,0.40327695279785725,False
9,feature_056,True,1.0632918316453182,1.0632918316453182,True
9,feature_057,True,-0.24292964928199387,0.24292964928199387,False
9,feature_058,True,0.4030948446837511,0.4030948446837511,False
9,feature_059,True,0.9669236662006956,0.9669236662006956,True
9,feature_060,True,0.06109145013610402,0.06109145013610402,False
9,feature_061,True,0.7421602335279608,0.7421602335279608,True
9,feature_062,True,-0.002838359868543793,0.002838359868543793,False
9,feature_063,True,0.19622846279047357,0.19622846279047357,False
9,feature_064,True,0.4559427862187496,0.4559427862187496,False
9,feature_065,True,0.0779887587112448,0.0779887587112448,False
9,feature_066,True,0.306565181146552,0.306565181146552,False
9,feature_067,True,-0.6870620385943587,0.6870620385943587,True
9,feature_068,True,-0.5793772800198917,0.5793772800198917,False
9,feature_069,False,,,False
9,feature_070,True,-0.25057816525887916,0.25057816525887916,False
9,feature_071,True,0.6394884436029797,0.6394884436029797,False
9,feature_072,True,0.023605155185029984,0.023605155185029984,False
9,feature_073,True,0.008217450150784879,0.008217450150784879,False
9,feature_074,False,,,False
9,feature_075,True,0.7879023728651103,0.7879023728651103,True
9,feature_076,True,-0.08715920873684582,0.08715920873684582,False
9,feature_077,True,-0.023347986992001177,0.023347986992001177,False
9,feature_078,True,-0.8442137270028902,0.8442137270028902,True
9,feature_079,True,0.12485289412576103,0.12485289412576103,False
9,feature_080,True,0.03563528892836949,0.03563528892836949,False
9,feature_081,True,0.5645420589339701,0.5645420589339701,False
9,feature_082,True,-0.34404598438491246,0.34404598438491246,False
9,feature_083,True,-0.02972534875512635,0.02972534875512635,False
9,feature_084,True,0.04316290123555114,0.04316290123555114,False
9,feature_085,True,-0.3968700979489442,0.3968700979489442,False
9,feature_086,True,0.6354241019093406,0.6354241019093406,False
9,feature_087,True,-0.43893194236057975,0.43893194236057975,False
9,feature_088,True,-0.29483377783207576,0.29483377783207576,False
9,feature_089,True,-0.22825692394474717,0.22825692394474717,False
9,feature_090,True,0.23357839139273864,0.23357839139273864,False
9,feature_091,True,0.4553418046360719,0.4553418046360719,False
9,feature_092,True,0.10392421181979347,0.10392421181979347,False
9,feature_093,True,-0.39240995746117513,0.39240995746117513,False
9,feature_094,True,-0.4224379708084067,0.4224379708084067,False
9,feature_095,True,0.21414455891318687,0.21414455891318687,False
9,feature_096,True,-0.11760993205246018,0.11760993205246018,False
9,feature_097,False,,,False
9,feature_098,True,-0.22864899389130738,0.22864899389130738,False
9,feature_099,True,0.0687106904911631,0.0687106904911631,False
9,feature_100,True,0.2880436076166403,0.2880436076166403,False
9,feature_101,True,0.11803323968197181,0.11803323968197181,False
9,feature_102,True,-0.3084807847130884,0.3084807847130884,False
9,feature_103,True,0.36465086646845024,0.36465086646845024,False
9,feature_104,True,-0.31385789171329076,0.31385789171329076,False
9,feature_105,True,-0.060714600429568895,0.060714600429568895,False
9,feature_106,True,0.10608327122473139,0.10608327122473139,False
9,feature_107,True,0.4407463340449974,0.4407463340449974,False
9,feature_108,True,-0.18454611628049788,0.18454611628049788,False
9,feature_109,True,-0.44773978947758925,0.44773978947758925,False
9,feature_110,True,0.1256580675091379,0.1256580675091379,False
9,feature_111,True,-0.3774352822717638,0.3774352822717638,False
9,feature_112,True,0.0646283232044028,0.0646283232044028,False
9,feature_113,True,0.6679789490528969,0.6679789490528969,False
9,feature_114,True,-0.13134567645413256,0.13134567645413256,False
9,feature_115,True,-0.65667856271695,0.65667856271695,False
9,feature_116,True,0.0004289747005810936,0.0004289747005810936,False
9,feature_117,True,-0.3329995819505309,0.3329995819505309,False
9,feature_118,True,0.05138339099997326,0.05138339099997326,False
9,feature_119,True,-0.3998418532760116,0.3998418532760116,False
9,feature_120,True,0.1682094321883652,0.1682094321883652,False
9,feature_121,True,0.44611765509258794,0.44611765509258794,False
9,feature_122,True,-0.09052902230970007,0.09052902230970007,False
9,feature_123,True,0.20673629943990376,0.20673629943990376,False
9,feature_124,True,-0.650147148273549,0.650147148273549,False
9,feature_125,True,0.1873362461040661,0.1873362461040661,False
9,feature_126,True,0.038122958249514345,0.038122958249514345,False
9,feature_127,True,-0.2810357554331468,0.2810357554331468,False
9,feature_128,True,-0.34879204174472245,0.34879204174472245,False
9,feature_129,True,0.9663303180798094,0.9663303180798094,True
9,feature_130,True,0.2823894467201684,0.2823894467201684,False
9,feature_131,True,0.7556097777997469,0.7556097777997469,True
9,feature_132,True,-0.9560844058756738,0.9560844058756738,True
9,feature_133,True,0.18876621807479185,0.18876621807479185,False
9,feature_134,True,-0.06523107000586616,0.06523107000586616,False
9,feature_135,True,-0.13838790227746264,0.13838790227746264,False
9,feature_136,True,-0.05478300896316198,0.05478300896316198,False
9,feature_137,True,0.08151779452748988,0.08151779452748988,False
9,feature_138,True,0.13705200300134476,0.13705200300134476,False
9,feature_139,True,-0.0300284777547841,0.0300284777547841,False
9,feature_140,True,0.026697312876232355,0.026697312876232355,False
9,feature_141,False,,,False
9,feature_142,True,-0.7330355281421719,0.7330355281421719,True
9,feature_143,True,-0.2702012983694136,0.2702012983694136,False
9,feature_144,True,-0.03248321881402283,0.03248321881402283,False
9,feature_145,True,-0.49124750349623586,0.49124750349623586,False
9,feature_146,True,-0.45966911276570094,0.45966911276570094,False
9,feature_147,True,0.45272893635780426,0.45272893635780426,False
9,feature_148,True,-0.30634483499740095,0.30634483499740095,False
9,feature_149,False,,,False
9,feature_150,True,-0.0317055200311112,0.0317055200311112,False
9,feature_151,True,-0.2234478732546895,0.2234478732546895,False
9,feature_152,True,0.44360834782567765,0.44360834782567765,False
9,feature_153,True,-0.5145707576582498,0.5145707576582498,False
9,feature_154,True,0.2031562702771784,0.2031562702771784,False
9,feature_155,True,-0.13426614552400645,0.13426614552400645,False
9,feature_156,True,-0.1803971738271155,0.1803971738271155,False
9,feature_157,True,-0.6468344566314244,0.6468344566314244,False
9,feature_158,True,0.2108886973803657,0.2108886973803657,False
9,feature_159,True,0.22936620984407063,0.22936620984407063,False
9,feature_160,True,0.20099554587548346,0.20099554587548346,False
9,feature_161,True,-0.1777498670220581,0.1777498670220581,False
9,feature_162,True,-0.317313336437961,0.317313336437961,False
9,feature_163,True,-0.33543582360068636,0.33543582360068636,False
9,feature_164,True,-0.4289215363663442,0.4289215363663442,False
9,feature_165,True,-0.4029376624109863,0.4029376624109863,False
9,feature_166,True,-0.3009549786356522,0.3009549786356522,False
9,feature_167,True,-0.2049145696177857,0.2049145696177857,False
9,feature_168,True,0.7884605077851762,0.7884605077851762,True
9,feature_169,True,-0.4697422076793553,0.4697422076793553,False
9,feature_170,True,-0.08261853290855367,0.08261853290855367,False
9,feature_171,True,-0.3408886457543574,0.3408886457543574,False
9,feature_172,True,0.3517480064204549,0.3517480064204549,False
9,feature_173,True,-0.2699963725320527,0.2699963725320527,False
9,feature_174,True,0.3539348899844405,0.3539348899844405,False
9,feature_175,True,-0.4232974809752242,0.4232974809752242,False
9,feature_176,True,0.10537615099125018,0.10537615099125018,False
9,feature_177,True,-0.2524564283348117,0.2524564283348117,False
9,feature_178,False,,,False
9,feature_179,False,,,False
9,feature_180,True,-0.06872141837103837,0.06872141837103837,False
9,feature_181,True,0.16395547585494546,0.16395547585494546,False
9,feature_182,True,-0.1946607857820694,0.1946607857820694,False
9,feature_183,True,0.18181575662981178,0.18181575662981178,False
9,feature_184,True,0.2610866777032167,0.2610866777032167,False
9,feature_185,True,-0.011152058782310697,0.011152058782310697,False
9,feature_186,False,,,False
9,feature_187,True,0.3010731720704122,0.3010731720704122,False
9,feature_188,True,0.2562671569934214,0.2562671569934214,False
9,feature_189,False,,,False
9,feature_190,False,,,False
9,feature_191,False,,,False
9,feature_192,False,,,False
9,feature_193,False,,,False
9,feature_194,False,,,False
9,feature_195,True,0.13200791328481382,0.13200791328481382,False
9,feature_196,True,0.06118921922373558,0.06118921922373558,False
9,feature_197,True,0.3367111271026348,0.3367111271026348,False
9,feature_198,True,0.019716058628871606,0.019716058628871606,False
9,feature_199,True,0.18614701821165688,0.18614701821165688,False
9,feature_200,True,0.18678200039757775,0.18678200039757775,False
9,feature_201,True,0.4188730275387513,0.4188730275387513,False
9,feature_202,True,-0.005102016092655962,0.005102016092655962,False
9,feature_203,True,0.002021221224423444,0.002021221224423444,False
9,feature_204,True,-0.620914667994393,0.620914667994393,False
9,feature_205,True,0.7762358131235841,0.7762358131235841,True
9,feature_206,False,,,False
9,feature_207,True,-0.07088372861082227,0.07088372861082227,False
9,feature_208,True,0.12260250567642997,0.12260250567642997,False
9,feature_209,False,,,False
9,feature_210,True,-0.5571033891132167,0.5571033891132167,False
9,feature_211,True,-0.10363689836980651,0.10363689836980651,False
9,feature_212,True,-0.37605227111663536,0.37605227111663536,False
9,feature_213,True,0.18910464338204974,0.18910464338204974,False
9,feature_214,True,-0.43210035669995306,0.43210035669995306,False
9,feature_215,True,-0.3008624918270871,0.3008624918270871,False
9,feature_216,True,0.6022966318643738,0.6022966318643738,False
9,feature_217,True,0.14048144013588587,0.14048144013588587,False
9,feature_218,True,-0.19871962304645222,0.19871962304645222,False
9,feature_219,True,-0.14345924739184399,0.14345924739184399,False
9,feature_220,True,-0.06515227556627218,0.06515227556627218,False
9,feature_221,True,-0.4934957164032304,0.4934957164032304,False
9,feature_222,True,-0.06764115413079179,0.06764115413079179,False
9,feature_223,True,-0.1158324379216486,0.1158324379216486,False
9,feature_224,True,-0.10990808531181447,0.10990808531181447,False
9,feature_225,True,-0.008172708928633279,0.008172708928633279,False
9,feature_226,False,,,False
9,feature_227,True,-0.3410999255073412,0.3410999255073412,False
9,feature_228,True,0.42371037684173585,0.42371037684173585,False
9,feature_229,False,,,False
9,feature_230,False,,,False
9,feature_231,False,,,False
9,feature_232,False,,,False
9,feature_233,False,,,False
9,feature_234,False,,,False
9,feature_235,False,,,False
9,feature_236,False,,,False
9,feature_237,False,,,False
9,feature_238,True,0.10479317335948533,0.10479317335948533,False
9,feature_239,True,-0.4198866583671779,0.4198866583671779,False
9,feature_240,False,,,False
9,feature_241,False,,,False
9,feature_242,False,,,False
9,feature_243,False,,,False
9,feature_244,True,-0.10949942074138025,0.10949942074138025,False
9,feature_245,True,0.003307545189814811,0.003307545189814811,False
9,feature_246,True,0.0582430151091589,0.0582430151091589,False
9,feature_247,True,0.46613727789111875,0.46613727789111875,False
9,feature_248,True,-0.39036993559781397,0.39036993559781397,False
9,feature_249,True,0.5334291376399284,0.5334291376399284,False
9,feature_250,True,-0.0991152836214227,0.0991152836214227,False
9,feature_251,True,0.0018488714846414361,0.0018488714846414361,False
9,feature_252,True,0.05209103470866588,0.05209103470866588,False
9,feature_253,True,-0.12579328796676828,0.12579328796676828,False
9,feature_254,True,-0.04269353033356611,0.04269353033356611,False
9,feature_255,True,0.3025828352658207,0.3025828352658207,False
9,feature_256,False,,,False
9,feature_257,False,,,False
9,feature_258,False,,,False
9,feature_259,False,,,False
9,feature_260,False,,,False
9,feature_261,False,,,False
9,feature_262,False,,,False
9,feature_263,False,,,False
9,feature_264,False,,,False
9,feature_265,False,,,False
9,feature_266,False,,,False
9,feature_267,True,-0.053007720619140185,0.053007720619140185,False
9,feature_268,True,-0.02237529659487515,0.02237529659487515,False
9,feature_269,True,0.19354918600862614,0.19354918600862614,False
9,feature_270,True,0.4008676783276609,0.4008676783276609,False
9,feature_271,True,0.20620423485918662,0.20620423485918662,False
9,feature_272,True,-0.08183852222899306,0.08183852222899306,False
9,feature_273,True,0.3741323380129853,0.3741323380129853,False
9,feature_274,True,0.10254759426942621,0.10254759426942621,False
9,feature_275,True,0.02684966778967373,0.02684966778967373,False
9,feature_276,False,,,False
9,feature_277,True,0.4900212806246049,0.4900212806246049,False
9,feature_278,True,0.2640772412443564,0.2640772412443564,False
9,feature_279,True,0.28899876867101476,0.28899876867101476,False
9,feature_280,True,-0.49188981750380506,0.49188981750380506,False
9,feature_281,True,-0.17076254133445945,0.17076254133445945,False
9,feature_282,True,0.7283725785800169,0.7283725785800169,True
9,feature_283,True,-0.49756333034682687,0.49756333034682687,False
9,feature_284,False,,,False
9,feature_285,True,-0.03303627064138913,0.03303627064138913,False
9,feature_286,True,-0.11588735589304865,0.11588735589304865,False
9,feature_287,True,-0.36525196349080075,0.36525196349080075,False
9,feature_288,True,-0.3017779014132368,0.3017779014132368,False
9,feature_289,True,0.04899474750405867,0.04899474750405867,False
9,feature_290,True,-0.1588562567471889,0.1588562567471889,False
9,feature_291,True,-0.0870761919005845,0.0870761919005845,False
9,feature_292,True,0.19086566341271793,0.19086566341271793,False
9,feature_293,True,0.11185273910103456,0.11185273910103456,False
9,feature_294,True,0.4283669086478243,0.4283669086478243,False
9,feature_295,True,0.3967202500948002,0.3967202500948002,False
9,feature_296,True,-0.10325795171540261,0.10325795171540261,False
9,feature_297,True,0.3121183573671154,0.3121183573671154,False
9,feature_298,True,-0.06744012749445667,0.06744012749445667,False
9,feature_299,True,-0.1028702059840915,0.1028702059840915,False
9,feature_300,True,-0.12365205896109638,0.12365205896109638,False
9,feature_301,True,0.5710851552991484,0.5710851552991484,False
9,feature_302,True,0.29426063479275455,0.29426063479275455,False
9,feature_303,True,-0.3960060844262704,0.3960060844262704,False
9,feature_304,True,-0.001492701759200289,0.001492701759200289,False
9,feature_305,True,-0.5928482627435766,0.5928482627435766,False
9,feature_306,True,0.29374830753285014,0.29374830753285014,False
9,feature_307,True,0.09126647772111847,0.09126647772111847,False
9,feature_308,True,-0.12314643091862959,0.12314643091862959,False
9,feature_309,True,0.09130860639652712,0.09130860639652712,False
9,feature_310,True,0.7238244416872139,0.7238244416872139,True
9,feature_311,True,-0.09364965999010742,0.09364965999010742,False
9,feature_312,True,-0.21687085326749525,0.21687085326749525,False
9,feature_313,False,,,False
9,feature_314,False,,,False
9,feature_315,False,,,False
9,feature_316,True,0.08628316088549612,0.08628316088549612,False
9,feature_317,True,-0.8405888691393689,0.8405888691393689,True
9,feature_318,True,-0.3759824296093115,0.3759824296093115,False
9,feature_319,True,0.0622332935329246,0.0622332935329246,False
9,feature_320,True,0.12200133783543651,0.12200133783543651,False
9,feature_321,True,-0.3158634540111493,0.3158634540111493,False
9,feature_322,False,,,False
9,feature_323,True,0.03649818831076742,0.03649818831076742,False
9,feature_324,True,-0.18016604486153698,0.18016604486153698,False
9,feature_325,False,,,False
9,feature_326,False,,,False
9,feature_327,False,,,False
9,feature_328,False,,,False
9,feature_329,False,,,False
9,feature_330,False,,,False
9,feature_331,True,0.2177454275237332,0.2177454275237332,False
9,feature_332,True,-0.2600867855356943,0.2600867855356943,False
9,feature_333,True,0.1650976609890676,0.1650976609890676,False
9,feature_334,True,-0.5228420686576347,0.5228420686576347,False
9,feature_335,True,-0.04766546240134881,0.04766546240134881,False
9,feature_336,True,-0.049013347302160795,0.049013347302160795,False
9,feature_337,True,0.15075367594123348,0.15075367594123348,False
9,feature_338,True,-0.3659290075122704,0.3659290075122704,False
9,feature_339,True,-0.1436788180805991,0.1436788180805991,False
9,feature_340,True,-0.6209115237091729,0.6209115237091729,False
9,feature_341,True,0.28123559793995984,0.28123559793995984,False
9,feature_342,False,,,False
9,feature_343,True,-0.3861303728787242,0.3861303728787242,False
9,feature_344,True,-0.5220635460654918,0.5220635460654918,False
9,feature_345,True,0.37286763484012436,0.37286763484012436,False
9,feature_346,True,0.013723614813347895,0.013723614813347895,False
9,feature_347,False,,,False
9,feature_348,True,0.22122260136375974,0.22122260136375974,False
9,feature_349,True,0.4997397250031101,0.4997397250031101,False
9,feature_350,True,-0.2963617606511805,0.2963617606511805,False
9,feature_351,True,0.33901501472024287,0.33901501472024287,False
9,feature_352,True,-0.04231516437948572,0.04231516437948572,False
9,feature_353,True,-0.11862696483187093,0.11862696483187093,False
9,feature_354,True,-0.444227856633401,0.444227856633401,False
9,feature_355,True,0.15345137598260916,0.15345137598260916,False
9,feature_356,True,-0.10185507078755257,0.10185507078755257,False
9,feature_357,True,-0.07139759046852275,0.07139759046852275,False
9,feature_358,True,0.3056335145517686,0.3056335145517686,False
9,feature_359,True,0.23633958609782632,0.23633958609782632,False
9,feature_360,True,0.009442337638020026,0.009442337638020026,False
9,feature_361,True,0.30817480677380926,0.30817480677380926,False
9,feature_362,True,-0.03013160980396618,0.03013160980396618,False
9,feature_363,True,-0.3566366980480455,0.3566366980480455,False
9,feature_364,False,,,False
9,feature_365,True,0.9258845776419845,0.9258845776419845,True
9,feature_366,True,-0.39087418133362917,0.39087418133362917,False
9,feature_367,True,-0.14559820808328722,0.14559820808328722,False
9,feature_368,True,-0.27075630727048333,0.27075630727048333,False
9,feature_369,False,,,False
9,feature_370,False,,,False
9,feature_371,False,,,False
9,feature_372,False,,,False
9,feature_373,False,,,False
9,feature_374,False,,,False
9,feature_375,False,,,False
9,feature_376,True,0.1413012474322637,0.1413012474322637,False
9,feature_377,True,-0.03685174373612065,0.03685174373612065,False
9,feature_378,False,,,False
9,feature_379,False,,,False
9,feature_380,False,,,False
9,feature_381,False,,,False
9,feature_382,True,-0.1142813206177081,0.1142813206177081,False
9,feature_383,True,0.051202346912216944,0.051202346912216944,False
9,feature_384,True,-0.10231847833715885,0.10231847833715885,False
9,feature_385,True,-0.1873381944268012,0.1873381944268012,False
9,feature_386,True,-0.24118037960349556,0.24118037960349556,False
9,feature_387,True,0.49408590800122765,0.49408590800122765,False
9,feature_388,True,0.5301457735798684,0.5301457735798684,False
9,feature_389,True,0.05197053442183511,0.05197053442183511,False
9,feature_390,True,0.032480793272031024,0.032480793272031024,False
9,feature_391,True,0.25174195487191614,0.25174195487191614,False
9,feature_392,True,-0.10041848846326339,0.10041848846326339,False
9,feature_393,True,-0.40495385648907045,0.40495385648907045,False
9,feature_394,False,,,False
9,feature_395,False,,,False
9,feature_396,False,,,False
9,feature_397,False,,,False
9,feature_398,False,,,False
9,feature_399,False,,,False
9,feature_400,False,,,False
9,feature_401,False,,,False
9,feature_402,False,,,False
9,feature_403,False,,,False
9,feature_404,False,,,False
9,feature_405,True,0.07627306204113536,0.07627306204113536,False
9,feature_406,True,0.29738285046260626,0.29738285046260626,False
9,feature_407,True,-0.2512520988023969,0.2512520988023969,False
9,feature_408,True,-0.08307411950432673,0.08307411950432673,False
9,feature_409,True,-0.10857024095832296,0.10857024095832296,False
9,feature_410,True,0.11037426038430617,0.11037426038430617,False
9,feature_411,True,-0.07258896503125993,0.07258896503125993,False
9,feature_412,True,-0.027722876600189166,0.027722876600189166,False
9,feature_413,True,0.25648750161398826,0.25648750161398826,False
9,feature_414,False,,,False
9,feature_415,True,-0.6262233986124569,0.6262233986124569,False
9,feature_416,True,-0.10933307275619324,0.10933307275619324,False
9,feature_417,True,-0.028212327909398982,0.028212327909398982,False
9,feature_418,True,-0.28076597979280504,0.28076597979280504,False
9,feature_419,True,-0.21006173442122492,0.21006173442122492,False
9,feature_420,True,0.42705048854528893,0.42705048854528893,False
9,feature_421,True,-0.29195807692756953,0.29195807692756953,False
9,feature_422,False,,,False
9,feature_423,True,0.20192229914246093,0.20192229914246093,False
9,feature_424,True,-0.13149197499458762,0.13149197499458762,False
9,feature_425,True,0.39589289565508595,0.39589289565508595,False
9,feature_426,True,-0.5008185030234773,0.5008185030234773,False
9,feature_427,True,0.22290210803334556,0.22290210803334556,False
9,feature_428,True,-0.08645725457018215,0.08645725457018215,False
9,feature_429,True,-0.15137001073340722,0.15137001073340722,False
9,feature_430,True,0.1408568283491684,0.1408568283491684,False
9,feature_431,True,0.15182352572898417,0.15182352572898417,False
9,feature_432,True,-0.12429872199328419,0.12429872199328419,False
9,feature_433,True,0.29775608916294005,0.29775608916294005,False
9,feature_434,True,-0.09011273634992224,0.09011273634992224,False
9,feature_435,True,-0.07530518474808995,0.07530518474808995,False
9,feature_436,True,-0.1355331751881839,0.1355331751881839,False
9,feature_437,True,-0.23092088659801574,0.23092088659801574,False
9,feature_438,True,-0.18368309210985237,0.18368309210985237,False
9,feature_439,True,0.08916635247965421,0.08916635247965421,False
9,feature_440,True,-0.6033566404595494,0.6033566404595494,False
9,feature_441,True,-0.110388900835735,0.110388900835735,False
9,feature_442,True,-0.0439014293838096,0.0439014293838096,False
9,feature_443,True,0.355875085823718,0.355875085823718,False
9,feature_444,True,-0.2280850010409884,0.2280850010409884,False
9,feature_445,True,0.33724617487418374,0.33724617487418374,False
9,feature_446,True,-0.41595023175612844,0.41595023175612844,False
9,feature_447,True,0.10308857251573007,0.10308857251573007,False
9,feature_448,True,-0.24941690382447956,0.24941690382447956,False
9,feature_449,False,,,False
9,feature_450,False,,,False
9,feature_451,False,,,False
9,feature_452,True,-0.09605292719467295,0.09605292719467295,False
9,feature_453,True,0.16134509268863886,0.16134509268863886,False
9,feature_454,True,-0.2786811463619302,0.2786811463619302,False
9,feature_455,True,0.2053784894928292,0.2053784894928292,False
9,feature_456,True,-0.036067457608318636,0.036067457608318636,False
9,feature_457,True,0.042093720495301724,0.042093720495301724,False
9,feature_458,False,,,False
9,feature_459,True,0.3148718722821102,0.3148718722821102,False
9,feature_460,True,0.4306198949354201,0.4306198949354201,False
9,feature_461,False,,,False
9,feature_462,False,,,False
9,feature_463,False,,,False
9,feature_464,False,,,False
9,feature_465,False,,,False
9,feature_466,False,,,False
9,feature_467,True,0.18384414688660364,0.18384414688660364,False
9,feature_468,True,-0.30877947509869197,0.30877947509869197,False
9,feature_469,True,0.25427134209163843,0.25427134209163843,False
9,feature_470,True,-0.024248914918595783,0.024248914918595783,False
9,feature_471,True,0.4315280132243524,0.4315280132243524,False
9,feature_472,True,-0.12284087440690282,0.12284087440690282,False
9,feature_473,True,0.11861200982330873,0.11861200982330873,False
9,feature_474,True,0.3445468771277233,0.3445468771277233,False
9,feature_475,True,0.07017957512739402,0.07017957512739402,False
9,feature_476,True,-0.3600602143512651,0.3600602143512651,False
9,feature_477,True,0.5178524186681323,0.5178524186681323,False
9,feature_478,False,,,False
9,feature_479,True,-0.01098425660142016,0.01098425660142016,False
9,feature_480,True,-0.0557704522328605,0.0557704522328605,False
9,feature_481,False,,,False
9,feature_482,True,0.32239435125446897,0.32239435125446897,False
9,feature_483,True,0.25124800949672293,0.25124800949672293,False
9,feature_484,True,-0.42191633382938143,0.42191633382938143,False
9,feature_485,True,-0.14039825436574013,0.14039825436574013,False
9,feature_486,True,0.2451745355971625,0.2451745355971625,False
9,feature_487,True,-0.09995409834174587,0.09995409834174587,False
9,feature_488,True,-0.6899811509004637,0.6899811509004637,True
9,feature_489,True,0.3918741403778049,0.3918741403778049,False
9,feature_490,True,-0.06082639651397321,0.06082639651397321,False
9,feature_491,True,0.13945878417807264,0.13945878417807264,False
9,feature_492,True,0.021322534014948973,0.021322534014948973,False
9,feature_493,True,-0.4948996987744855,0.4948996987744855,False
9,feature_494,True,-0.06775304465050136,0.06775304465050136,False
9,feature_495,True,-0.20201579512988152,0.20201579512988152,False
9,feature_496,True,0.034960913737851346,0.034960913737851346,False
9,feature_497,True,-0.05347703650322527,0.05347703650322527,False
9,feature_498,False,,,False
9,feature_499,True,-0.3756124114775433,0.3756124114775433,False
9,feature_500,True,0.49859168487989186,0.49859168487989186,False
9,feature_501,False,,,False
9,feature_502,False,,,False
9,feature_503,False,,,False
9,feature_504,False,,,False
9,feature_505,False,,,False
9,feature_506,False,,,False
9,feature_507,False,,,False
9,feature_508,False,,,False
9,feature_509,False,,,False
9,feature_510,True,0.18656103453725167,0.18656103453725167,False
9,feature_511,True,0.4838953132969397,0.4838953132969397,False
9,feature_512,False,,,False
9,feature_513,False,,,False
9,feature_514,False,,,False
9,feature_515,False,,,False
9,feature_516,True,-0.10730209297911437,0.10730209297911437,False
9,feature_517,True,-0.012055681199430216,0.012055681199430216,False
9,feature_518,True,0.04754015635688679,0.04754015635688679,False
9,feature_519,True,-0.019194554306004648,0.019194554306004648,False
9,feature_520,True,-0.3966906110254409,0.3966906110254409,False
9,feature_521,True,-0.09089955122276219,0.09089955122276219,False
9,feature_522,True,0.21895293087961334,0.21895293087961334,False
9,feature_523,True,0.01864656923094269,0.01864656923094269,False
9,feature_524,True,0.08936961662492228,0.08936961662492228,False
9,feature_525,True,-0.16112958930636775,0.16112958930636775,False
9,feature_526,True,-0.0300278665254886,0.0300278665254886,False
9,feature_527,True,0.30828638382539386,0.30828638382539386,False
9,feature_528,False,,,False
9,feature_529,False,,,False
9,feature_530,False,,,False
9,feature_531,False,,,False
9,feature_532,False,,,False
9,feature_533,False,,,False
9,feature_534,False,,,False
9,feature_535,False,,,False
9,feature_536,False,,,False
9,feature_537,False,,,False
9,feature_538,False,,,False
9,feature_539,True,-0.040960229252482286,0.040960229252482286,False
9,feature_540,True,-0.011806820464356523,0.011806820464356523,False
9,feature_541,True,0.1539104058872678,0.1539104058872678,False
9,feature_542,True,0.5745624182943214,0.5745624182943214,False
9,feature_543,True,-0.04701866025878132,0.04701866025878132,False
9,feature_544,True,-0.289346017069491,0.289346017069491,False
9,feature_545,True,-0.06744329647394359,0.06744329647394359,False
9,feature_546,True,0.25545758140065494,0.25545758140065494,False
9,feature_547,True,0.5048371544504158,0.5048371544504158,False
9,feature_548,True,-0.5962186202535781,0.5962186202535781,False
9,feature_549,True,-0.1129999914538706,0.1129999914538706,False
9,feature_550,True,-0.14236356894634214,0.14236356894634214,False
9,feature_551,True,0.3228710713710472,0.3228710713710472,False
9,feature_552,True,0.02850810487725261,0.02850810487725261,False
9,feature_553,True,-0.16759417987847766,0.16759417987847766,False
9,feature_554,True,0.1693255918656387,0.1693255918656387,False
9,feature_555,True,-0.3731757895002949,0.3731757895002949,False
9,feature_556,True,-0.20348111592656412,0.20348111592656412,False
9,feature_557,True,0.33882705158561893,0.33882705158561893,False
9,feature_558,True,-0.0105894451871201,0.0105894451871201,False
9,feature_559,True,0.0707947292631099,0.0707947292631099,False
9,feature_560,True,0.061553785942559266,0.061553785942559266,False
9,feature_561,True,0.1832389918264949,0.1832389918264949,False
9,feature_562,True,-0.5255029870125257,0.5255029870125257,False
9,feature_563,True,-0.7545374189004397,0.7545374189004397,True
9,feature_564,True,0.3732997129650783,0.3732997129650783,False
9,feature_565,True,0.26882816951100885,0.26882816951100885,False
9,feature_566,True,-0.48877757743261824,0.48877757743261824,False
9,feature_567,True,0.4002958450359613,0.4002958450359613,False
9,feature_568,True,0.2641140407794062,0.2641140407794062,False
9,feature_569,True,-0.3561913974689987,0.3561913974689987,False
9,feature_570,True,0.24980492454320383,0.24980492454320383,False
9,feature_571,True,-0.23364154398903195,0.23364154398903195,False
9,feature_572,True,0.31815950332075604,0.31815950332075604,False
9,feature_573,True,-0.2228424601221467,0.2228424601221467,False
9,feature_574,True,0.021659823335003815,0.021659823335003815,False
9,feature_575,True,-0.026728531015722028,0.026728531015722028,False
9,feature_576,True,0.2170813245802253,0.2170813245802253,False
9,feature_577,True,-0.5419800199146125,0.5419800199146125,False
9,feature_578,True,-0.6811323239547872,0.6811323239547872,False
9,feature_579,True,0.4003118913531735,0.4003118913531735,False
9,feature_580,True,-0.30000231619267165,0.30000231619267165,False
9,feature_581,True,-0.5425440126695131,0.5425440126695131,False
9,feature_582,True,0.16900806684984804,0.16900806684984804,False
9,feature_583,True,0.11811471300311185,0.11811471300311185,False
9,feature_584,True,0.01606118028673786,0.01606118028673786,False
9,feature_585,True,0.06941797790801735,0.06941797790801735,False
9,feature_586,True,0.25866537089055525,0.25866537089055525,False
9,feature_587,True,0.2685742811243753,0.2685742811243753,False
9,feature_588,True,0.5085147580146901,0.5085147580146901,False
9,feature_589,True,-0.4373895671822764,0.4373895671822764,False
10,feature_000,True,-0.03708859166883349,0.03708859166883349,False
10,feature_001,True,0.05001146445254786,0.05001146445254786,False
10,feature_002,True,-0.11344362730574195,0.11344362730574195,False
10,feature_003,True,-0.02802324715621224,0.02802324715621224,False
10,feature_004,True,-0.10394399841208783,0.10394399841208783,False
10,feature_005,False,,,False
10,feature_006,True,-0.2907253661918583,0.2907253661918583,False
10,feature_007,True,0.22899830592349968,0.22899830592349968,False
10,feature_008,True,0.03796123456763798,0.03796123456763798,False
10,feature_009,True,-0.5940393342501259,0.5940393342501259,False
10,feature_010,True,-0.3671055475300108,0.3671055475300108,False
10,feature_011,True,0.13205824999346127,0.13205824999346127,False
10,feature_012,True,-0.13011069510893944,0.13011069510893944,False
10,feature_013,False,,,False
10,feature_014,True,-0.7987327051299759,0.7987327051299759,True
10,feature_015,True,0.12237329194894597,0.12237329194894597,False
10,feature_016,True,0.0781562538067938,0.0781562538067938,False
10,feature_017,True,0.14717712765780022,0.14717712765780022,False
10,feature_018,True,-0.2513618911840445,0.2513618911840445,False
10,feature_019,True,0.13663349077293171,0.13663349077293171,False
10,feature_020,True,0.4176964563591445,0.4176964563591445,False
10,feature_021,True,1.2603131582849587,1.2603131582849587,True
10,feature_022,True,-0.9226030242683869,0.9226030242683869,True
10,feature_023,True,0.30039756461584444,0.30039756461584444,False
10,feature_024,True,-0.12966054169491112,0.12966054169491112,False
10,feature_025,True,0.6197752020783273,0.6197752020783273,False
10,feature_026,True,-0.6271719212134309,0.6271719212134309,False
10,feature_027,True,0.35436913106774753,0.35436913106774753,False
10,feature_028,True,-0.6071901054739685,0.6071901054739685,False
10,feature_029,True,0.7158067678157697,0.7158067678157697,True
10,feature_030,True,-0.839137456561427,0.839137456561427,True
10,feature_031,True,0.24268421918417352,0.24268421918417352,False
10,feature_032,True,-0.08714246157835571,0.08714246157835571,False
10,feature_033,True,0.13964997730500417,0.13964997730500417,False
10,feature_034,True,-0.09788547957440742,0.09788547957440742,False
10,feature_035,True,-0.46048551495015777,0.46048551495015777,False
10,feature_036,True,0.09779300508619207,0.09779300508619207,False
10,feature_037,True,0.10056816879816236,0.10056816879816236,False
10,feature_038,True,-0.24803520271997806,0.24803520271997806,False
10,feature_039,True,-0.28603379624803194,0.28603379624803194,False
10,feature_040,True,-0.665087998772471,0.665087998772471,False
10,feature_041,True,-0.27965775432959283,0.27965775432959283,False
10,feature_042,False,,,False
10,feature_043,True,0.28584887123906116,0.28584887123906116,False
10,feature_044,True,0.475177102162756,0.475177102162756,False
10,feature_045,True,0.14496010384641284,0.14496010384641284,False
10,feature_046,True,0.3367513867703398,0.3367513867703398,False
10,feature_047,True,-0.07968472300542585,0.07968472300542585,False
10,feature_048,True,-0.6430669203475607,0.6430669203475607,False
10,feature_049,False,,,False
10,feature_050,True,-0.02091014290073827,0.02091014290073827,False
10,feature_051,True,-0.11031472025287954,0.11031472025287954,False
10,feature_052,False,,,False
10,feature_053,True,-0.33986061825710273,0.33986061825710273,False
10,feature_054,True,-0.1989872863692125,0.1989872863692125,False
10,feature_055,True,0.01441489147750981,0.01441489147750981,False
10,feature_056,True,0.4250227102115038,0.4250227102115038,False
10,feature_057,True,-0.3355966846286999,0.3355966846286999,False
10,feature_058,True,0.28867347161336426,0.28867347161336426,False
10,feature_059,True,1.4287709459841806,1.4287709459841806,True
10,feature_060,True,0.20370701350536563,0.20370701350536563,False
10,feature_061,True,0.7880827273685934,0.7880827273685934,True
10,feature_062,True,-0.3073193933081607,0.3073193933081607,False
10,feature_063,True,-0.08194161298055522,0.08194161298055522,False
10,feature_064,True,0.2254037983218257,0.2254037983218257,False
10,feature_065,True,-0.05306869373356936,0.05306869373356936,False
10,feature_066,True,0.35319275074144957,0.35319275074144957,False
10,feature_067,True,-0.4962528568333735,0.4962528568333735,False
10,feature_068,True,-0.21698661487925602,0.21698661487925602,False
10,feature_069,False,,,False
10,feature_070,True,-0.2693973405527425,0.2693973405527425,False
10,feature_071,True,0.26765729361839335,0.26765729361839335,False
10,feature_072,True,0.21454477655125176,0.21454477655125176,False
10,feature_073,True,-0.24897692824377013,0.24897692824377013,False
10,feature_074,True,-0.04366640798026639,0.04366640798026639,False
10,feature_075,True,0.5228853813510682,0.5228853813510682,False
10,feature_076,True,0.048399512438316514,0.048399512438316514,False
10,feature_077,True,-0.03827941008572573,0.03827941008572573,False
10,feature_078,True,-0.4298496638322961,0.4298496638322961,False
10,feature_079,True,0.04215372461760213,0.04215372461760213,False
10,feature_080,True,-0.1092133518425143,0.1092133518425143,False
10,feature_081,True,0.024662760744789732,0.024662760744789732,False
10,feature_082,True,0.09422532214678549,0.09422532214678549,False
10,feature_083,True,0.31652290321846266,0.31652290321846266,False
10,feature_084,True,0.0010764564432047534,0.0010764564432047534,False
10,feature_085,True,-0.25084312603506326,0.25084312603506326,False
10,feature_086,True,0.3969083337126944,0.3969083337126944,False
10,feature_087,True,-0.16049016903501462,0.16049016903501462,False
10,feature_088,True,0.020729688729908494,0.020729688729908494,False
10,feature_089,True,0.48417509433708633,0.48417509433708633,False
10,feature_090,True,0.1645099637564032,0.1645099637564032,False
10,feature_091,True,0.22513331900594502,0.22513331900594502,False
10,feature_092,True,-0.020399354797749597,0.020399354797749597,False
10,feature_093,True,-0.28164856201546207,0.28164856201546207,False
10,feature_094,True,-0.6711410953598381,0.6711410953598381,False
10,feature_095,True,0.27308559960748047,0.27308559960748047,False
10,feature_096,True,-0.5253389561302471,0.5253389561302471,False
10,feature_097,False,,,False
10,feature_098,True,0.20686738559118603,0.20686738559118603,False
10,feature_099,True,0.1854236083544251,0.1854236083544251,False
10,feature_100,True,0.42637361797528783,0.42637361797528783,False
10,feature_101,True,-0.5568515818275408,0.5568515818275408,False
10,feature_102,True,-0.04886909144791853,0.04886909144791853,False
10,feature_103,True,0.06281034975996083,0.06281034975996083,False
10,feature_104,True,-0.10570624714252733,0.10570624714252733,False
10,feature_105,True,0.06692310645629149,0.06692310645629149,False
10,feature_106,True,0.11014100162910552,0.11014100162910552,False
10,feature_107,True,0.8233565675682015,0.8233565675682015,True
10,feature_108,True,-0.21588270931150902,0.21588270931150902,False
10,feature_109,True,-0.5330830071866277,0.5330830071866277,False
10,feature_110,True,-0.010400202420198902,0.010400202420198902,False
10,feature_111,True,-0.44833360650536347,0.44833360650536347,False
10,feature_112,True,-0.2289514638143053,0.2289514638143053,False
10,feature_113,True,0.3311518459429728,0.3311518459429728,False
10,feature_114,True,0.24402484958290252,0.24402484958290252,False
10,feature_115,True,-0.337369083660333,0.337369083660333,False
10,feature_116,True,0.141418263809583,0.141418263809583,False
10,feature_117,True,-0.6329744470354182,0.6329744470354182,False
10,feature_118,True,0.05659788954370525,0.05659788954370525,False
10,feature_119,True,-0.6899192330467535,0.6899192330467535,True
10,feature_120,True,-0.3068350706763226,0.3068350706763226,False
10,feature_121,True,0.10917057959265991,0.10917057959265991,False
10,feature_122,True,-0.34518457867027835,0.34518457867027835,False
10,feature_123,True,0.12281156138118318,0.12281156138118318,False
10,feature_124,True,-0.6936515556035685,0.6936515556035685,True
10,feature_125,True,0.33370900580759394,0.33370900580759394,False
10,feature_126,True,0.27429788331192867,0.27429788331192867,False
10,feature_127,True,-0.3082391926055387,0.3082391926055387,False
10,feature_128,True,-0.10177529226862038,0.10177529226862038,False
10,feature_129,True,0.439854245638929,0.439854245638929,False
10,feature_130,True,0.3546136062883884,0.3546136062883884,False
10,feature_131,True,0.12683136311945767,0.12683136311945767,False
10,feature_132,True,-1.1411974677275882,1.1411974677275882,True
10,feature_133,True,0.47738890613401874,0.47738890613401874,False
10,feature_134,True,-0.16505566451780557,0.16505566451780557,False
10,feature_135,True,0.15063138685684657,0.15063138685684657,False
10,feature_136,True,-0.11071568642315205,0.11071568642315205,False
10,feature_137,True,-0.14126119759261752,0.14126119759261752,False
10,feature_138,True,0.6024570157261252,0.6024570157261252,False
10,feature_139,True,-0.06459836092210593,0.06459836092210593,False
10,feature_140,True,-0.0583182513484243,0.0583182513484243,False
10,feature_141,False,,,False
10,feature_142,True,-0.5224848049101924,0.5224848049101924,False
10,feature_143,True,-0.36911596829163446,0.36911596829163446,False
10,feature_144,True,-0.36663402164473247,0.36663402164473247,False
10,feature_145,True,-0.6657194239067538,0.6657194239067538,False
10,feature_146,True,-0.4102050551202356,0.4102050551202356,False
10,feature_147,True,0.2612872715067467,0.2612872715067467,False
10,feature_148,True,-0.21216128218205052,0.21216128218205052,False
10,feature_149,False,,,False
10,feature_150,True,0.272736041121377,0.272736041121377,False
10,feature_151,True,-0.44744636073712357,0.44744636073712357,False
10,feature_152,True,-0.055818099653302096,0.055818099653302096,False
10,feature_153,True,-0.12660690209246261,0.12660690209246261,False
10,feature_154,True,-0.0869599629286006,0.0869599629286006,False
10,feature_155,True,-0.31604413125230724,0.31604413125230724,False
10,feature_156,True,-0.043541358437412726,0.043541358437412726,False
10,feature_157,True,-0.3436249693543606,0.3436249693543606,False
10,feature_158,True,-0.03938019956932551,0.03938019956932551,False
10,feature_159,True,0.13675230565151583,0.13675230565151583,False
10,feature_160,True,0.20825542072729963,0.20825542072729963,False
10,feature_161,True,-0.12801894557008264,0.12801894557008264,False
10,feature_162,True,-0.3512825237414911,0.3512825237414911,False
10,feature_163,True,-0.1086187543485603,0.1086187543485603,False
10,feature_164,True,-0.6383134720401636,0.6383134720401636,False
10,feature_165,True,-0.5239607106049792,0.5239607106049792,False
10,feature_166,True,0.15385458776586647,0.15385458776586647,False
10,feature_167,True,-0.2754354325355573,0.2754354325355573,False
10,feature_168,True,0.7511348860561906,0.7511348860561906,True
10,feature_169,True,0.01492520608772827,0.01492520608772827,False
10,feature_170,True,0.3408226589743813,0.3408226589743813,False
10,feature_171,True,-0.13177195965685987,0.13177195965685987,False
10,feature_172,True,0.1257026921848201,0.1257026921848201,False
10,feature_173,True,-0.07827460402807315,0.07827460402807315,False
10,feature_174,True,0.12669064518182707,0.12669064518182707,False
10,feature_175,True,-0.31217157471494983,0.31217157471494983,False
10,feature_176,True,-0.2618214160296528,0.2618214160296528,False
10,feature_177,True,-0.563501525799782,0.563501525799782,False
10,feature_178,False,,,False
10,feature_179,False,,,False
10,feature_180,True,0.11471852377939241,0.11471852377939241,False
10,feature_181,True,0.09549309187185441,0.09549309187185441,False
10,feature_182,True,-0.2541486598118116,0.2541486598118116,False
10,feature_183,True,0.33943733577338053,0.33943733577338053,False
10,feature_184,True,0.11454576242921048,0.11454576242921048,False
10,feature_185,True,0.05225248102683792,0.05225248102683792,False
10,feature_186,False,,,False
10,feature_187,True,-0.11737441389187273,0.11737441389187273,False
10,feature_188,True,0.6416993255121974,0.6416993255121974,False
10,feature_189,False,,,False
10,feature_190,False,,,False
10,feature_191,False,,,False
10,feature_192,False,,,False
10,feature_193,False,,,False
10,feature_194,False,,,False
10,feature_195,True,0.03720753636634192,0.03720753636634192,False
10,feature_196,True,-0.3659895309336395,0.3659895309336395,False
10,feature_197,True,0.31675970816099375,0.31675970816099375,False
10,feature_198,True,0.16939774990319004,0.16939774990319004,False
10,feature_199,True,0.04629290500889286,0.04629290500889286,False
10,feature_200,True,0.5119901812741299,0.5119901812741299,False
10,feature_201,True,0.1360361901665935,0.1360361901665935,False
10,feature_202,True,-0.04767332167618116,0.04767332167618116,False
10,feature_203,True,0.3088395546307159,0.3088395546307159,False
10,feature_204,True,-0.5792652430439936,0.5792652430439936,False
10,feature_205,True,0.6558226015063424,0.6558226015063424,False
10,feature_206,True,-0.043666407980266525,0.043666407980266525,False
10,feature_207,True,-0.14802099245090808,0.14802099245090808,False
10,feature_208,True,0.0453888012405975,0.0453888012405975,False
10,feature_209,True,-0.043666407980266525,0.043666407980266525,False
10,feature_210,True,-0.2569472526391778,0.2569472526391778,False
10,feature_211,True,0.5490584645292655,0.5490584645292655,False
10,feature_212,True,-0.13851332809612701,0.13851332809612701,False
10,feature_213,True,0.1306348414289418,0.1306348414289418,False
10,feature_214,True,-0.4608304888849668,0.4608304888849668,False
10,feature_215,True,-0.2290653832288811,0.2290653832288811,False
10,feature_216,True,1.0468600428907704,1.0468600428907704,True
10,feature_217,True,-0.05594045250417268,0.05594045250417268,False
10,feature_218,True,0.16110275821777006,0.16110275821777006,False
10,feature_219,True,0.10081717092543657,0.10081717092543657,False
10,feature_220,True,-0.08341436391562382,0.08341436391562382,False
10,feature_221,True,-0.3588331169229768,0.3588331169229768,False
10,feature_222,True,8.002187587331973e-05,8.002187587331973e-05,False
10,feature_223,True,-0.2819081871263684,0.2819081871263684,False
10,feature_224,True,-0.33204713796953206,0.33204713796953206,False
10,feature_225,True,0.2191236166439795,0.2191236166439795,False
10,feature_226,False,,,False
10,feature_227,True,-0.18623153353164762,0.18623153353164762,False
10,feature_228,True,0.0819184559484094,0.0819184559484094,False
10,feature_229,False,,,False
10,feature_230,False,,,False
10,feature_231,False,,,False
10,feature_232,False,,,False
10,feature_233,False,,,False
10,feature_234,False,,,False
10,feature_235,False,,,False
10,feature_236,False,,,False
10,feature_237,False,,,False
10,feature_238,True,-0.04775965602391848,0.04775965602391848,False
10,feature_239,True,0.3268108182457175,0.3268108182457175,False
10,feature_240,False,,,False
10,feature_241,False,,,False
10,feature_242,False,,,False
10,feature_243,False,,,False
10,feature_244,True,-0.1030612545757687,0.1030612545757687,False
10,feature_245,True,0.050944875688128805,0.050944875688128805,False
10,feature_246,True,-0.14107176852680842,0.14107176852680842,False
10,feature_247,True,-0.006511248225713609,0.006511248225713609,False
10,feature_248,True,-0.3862261470806456,0.3862261470806456,False
10,feature_249,True,0.5459643658613684,0.5459643658613684,False
10,feature_250,True,0.15529951709441597,0.15529951709441597,False
10,feature_251,True,-0.2967705907057195,0.2967705907057195,False
10,feature_252,True,0.1731805170281212,0.1731805170281212,False
10,feature_253,True,0.011872896972366199,0.011872896972366199,False
10,feature_254,True,-0.10868392190133179,0.10868392190133179,False
10,feature_255,True,0.13794050144841327,0.13794050144841327,False
10,feature_256,False,,,False
10,feature_257,False,,,False
10,feature_258,False,,,False
10,feature_259,False,,,False
10,feature_260,False,,,False
10,feature_261,False,,,False
10,feature_262,False,,,False
10,feature_263,False,,,False
10,feature_264,False,,,False
10,feature_265,False,,,False
10,feature_266,False,,,False
10,feature_267,True,-0.008925177321418247,0.008925177321418247,False
10,feature_268,True,-0.1662086359157124,0.1662086359157124,False
10,feature_269,True,0.01075033835869885,0.01075033835869885,False
10,feature_270,True,-0.42484781074777295,0.42484781074777295,False
10,feature_271,True,0.7638069199037725,0.7638069199037725,True
10,feature_272,True,-0.30489141311070894,0.30489141311070894,False
10,feature_273,True,-0.1663456512402531,0.1663456512402531,False
10,feature_274,True,0.6202447081375119,0.6202447081375119,False
10,feature_275,True,-0.05860720124610695,0.05860720124610695,False
10,feature_276,False,,,False
10,feature_277,True,0.5344198053413868,0.5344198053413868,False
10,feature_278,True,0.03141782596069219,0.03141782596069219,False
10,feature_279,True,0.5404672714382863,0.5404672714382863,False
10,feature_280,True,0.05452628094954905,0.05452628094954905,False
10,feature_281,True,-0.17448926177765403,0.17448926177765403,False
10,feature_282,True,0.3792272247160894,0.3792272247160894,False
10,feature_283,True,-0.3604692474737929,0.3604692474737929,False
10,feature_284,False,,,False
10,feature_285,True,0.14023826173573953,0.14023826173573953,False
10,feature_286,True,-0.4188709583076856,0.4188709583076856,False
10,feature_287,True,-0.07573528606616461,0.07573528606616461,False
10,feature_288,True,0.04250137809688787,0.04250137809688787,False
10,feature_289,True,-0.6783889596093047,0.6783889596093047,False
10,feature_290,True,0.2171442853094038,0.2171442853094038,False
10,feature_291,True,0.17382637885947216,0.17382637885947216,False
10,feature_292,True,0.2958693493463613,0.2958693493463613,False
10,feature_293,True,0.41868571536429744,0.41868571536429744,False
10,feature_294,True,0.07204971202314624,0.07204971202314624,False
10,feature_295,True,0.6613470629974972,0.6613470629974972,False
10,feature_296,True,0.019050197606771648,0.019050197606771648,False
10,feature_297,True,0.44619580798145086,0.44619580798145086,False
10,feature_298,True,-0.08883053491057336,0.08883053491057336,False
10,feature_299,True,-0.5877569471399189,0.5877569471399189,False
10,feature_300,True,-0.4031434070931812,0.4031434070931812,False
10,feature_301,True,0.0248207405296083,0.0248207405296083,False
10,feature_302,True,0.022053802081740275,0.022053802081740275,False
10,feature_303,True,-0.15009871369110916,0.15009871369110916,False
10,feature_304,True,-0.3740241606385842,0.3740241606385842,False
10,feature_305,True,-0.92854431284077,0.92854431284077,True
10,feature_306,True,0.2220650410537335,0.2220650410537335,False
10,feature_307,True,0.21374983338355938,0.21374983338355938,False
10,feature_308,True,-0.33690073772461515,0.33690073772461515,False
10,feature_309,True,0.2154591263200661,0.2154591263200661,False
10,feature_310,True,0.5119535326072278,0.5119535326072278,False
10,feature_311,True,-0.29971917541392695,0.29971917541392695,False
10,feature_312,True,-0.19719107015553458,0.19719107015553458,False
10,feature_313,False,,,False
10,feature_314,False,,,False
10,feature_315,False,,,False
10,feature_316,True,-0.5643942404285758,0.5643942404285758,False
10,feature_317,True,-0.43052888612454043,0.43052888612454043,False
10,feature_318,True,-0.11351760042099873,0.11351760042099873,False
10,feature_319,True,-0.07156175228316689,0.07156175228316689,False
10,feature_320,True,-0.5280422749625598,0.5280422749625598,False
10,feature_321,True,-0.016022931198244245,0.016022931198244245,False
10,feature_322,False,,,False
10,feature_323,True,0.09711999440862251,0.09711999440862251,False
10,feature_324,True,-0.3116588414556952,0.3116588414556952,False
10,feature_325,False,,,False
10,feature_326,False,,,False
10,feature_327,False,,,False
10,feature_328,False,,,False
10,feature_329,False,,,False
10,feature_330,False,,,False
10,feature_331,True,0.002497915012221542,0.002497915012221542,False
10,feature_332,True,-0.5640589548543988,0.5640589548543988,False
10,feature_333,True,0.6146312807560352,0.6146312807560352,False
10,feature_334,True,0.09063876901736113,0.09063876901736113,False
10,feature_335,True,-0.04127969207158755,0.04127969207158755,False
10,feature_336,True,-0.13221191674532567,0.13221191674532567,False
10,feature_337,True,0.015891890076630815,0.015891890076630815,False
10,feature_338,True,-0.22147029240714908,0.22147029240714908,False
10,feature_339,True,0.027651489275711722,0.027651489275711722,False
10,feature_340,True,-0.6126674707768065,0.6126674707768065,False
10,feature_341,True,0.11362167947238047,0.11362167947238047,False
10,feature_342,True,-0.043666407980266525,0.043666407980266525,False
10,feature_343,True,-0.40552751738601484,0.40552751738601484,False
10,feature_344,True,-0.6753561022360166,0.6753561022360166,False
10,feature_345,True,0.04266697757560755,0.04266697757560755,False
10,feature_346,True,0.40377077817158585,0.40377077817158585,False
10,feature_347,True,-0.04366640798026644,0.04366640798026644,False
10,feature_348,True,0.8423437889500002,0.8423437889500002,True
10,feature_349,True,0.19293289113047365,0.19293289113047365,False
10,feature_350,True,-0.11169866249558913,0.11169866249558913,False
10,feature_351,True,0.1882497929798871,0.1882497929798871,False
10,feature_352,True,-0.54858335741642,0.54858335741642,False
10,feature_353,True,0.2813202661243105,0.2813202661243105,False
10,feature_354,True,-0.3246850745398643,0.3246850745398643,False
10,feature_355,True,0.6631649918211102,0.6631649918211102,False
10,feature_356,True,-0.4966828620696978,0.4966828620696978,False
10,feature_357,True,-0.2454325604932893,0.2454325604932893,False
10,feature_358,True,0.49478312435734195,0.49478312435734195,False
10,feature_359,True,0.2062713088221313,0.2062713088221313,False
10,feature_360,True,0.14168865733778338,0.14168865733778338,False
10,feature_361,True,0.440330776162478,0.440330776162478,False
10,feature_362,True,-0.07494203473065061,0.07494203473065061,False
10,feature_363,True,-1.0142603957511047,1.0142603957511047,True
10,feature_364,False,,,False
10,feature_365,True,0.5722102059772055,0.5722102059772055,False
10,feature_366,True,-0.24857199126672536,0.24857199126672536,False
10,feature_367,True,0.12441207759311337,0.12441207759311337,False
10,feature_368,True,-0.4935013785943841,0.4935013785943841,False
10,feature_369,False,,,False
10,feature_370,False,,,False
10,feature_371,False,,,False
10,feature_372,False,,,False
10,feature_373,False,,,False
10,feature_374,False,,,False
10,feature_375,False,,,False
10,feature_376,True,-0.10672416853000886,0.10672416853000886,False
10,feature_377,True,-0.20821707509257176,0.20821707509257176,False
10,feature_378,False,,,False
10,feature_379,False,,,False
10,feature_380,False,,,False
10,feature_381,False,,,False
10,feature_382,True,-0.10495675902849659,0.10495675902849659,False
10,feature_383,True,0.1184803346293456,0.1184803346293456,False
10,feature_384,True,-0.2539054769201347,0.2539054769201347,False
10,feature_385,True,0.19316728265565072,0.19316728265565072,False
10,feature_386,True,-0.43949210959229085,0.43949210959229085,False
10,feature_387,True,0.5121800565017413,0.5121800565017413,False
10,feature_388,True,0.23153317029127837,0.23153317029127837,False
10,feature_389,True,-0.25913651051307207,0.25913651051307207,False
10,feature_390,True,0.13259475091085188,0.13259475091085188,False
10,feature_391,True,-0.1783812831157396,0.1783812831157396,False
10,feature_392,True,0.13419155471046273,0.13419155471046273,False
10,feature_393,True,0.23982445635948804,0.23982445635948804,False
10,feature_394,False,,,False
10,feature_395,False,,,False
10,feature_396,False,,,False
10,feature_397,False,,,False
10,feature_398,False,,,False
10,feature_399,False,,,False
10,feature_400,False,,,False
10,feature_401,False,,,False
10,feature_402,False,,,False
10,feature_403,False,,,False
10,feature_404,False,,,False
10,feature_405,True,0.03500269508051097,0.03500269508051097,False
10,feature_406,True,0.5861526862956781,0.5861526862956781,False
10,feature_407,True,-0.013345951849712951,0.013345951849712951,False
10,feature_408,True,0.2260850069968445,0.2260850069968445,False
10,feature_409,True,-0.16219643229952535,0.16219643229952535,False
10,feature_410,True,-0.12527696855834566,0.12527696855834566,False
10,feature_411,True,0.4354564195479934,0.4354564195479934,False
10,feature_412,True,-0.22414205468730913,0.22414205468730913,False
10,feature_413,True,0.4727900756075673,0.4727900756075673,False
10,feature_414,False,,,False
10,feature_415,True,-0.7896585069204592,0.7896585069204592,True
10,feature_416,True,-0.30371385466954115,0.30371385466954115,False
10,feature_417,True,-0.5210861227676264,0.5210861227676264,False
10,feature_418,True,-0.21347158873242544,0.21347158873242544,False
10,feature_419,True,-0.16247282690614678,0.16247282690614678,False
10,feature_420,True,0.22147983244658181,0.22147983244658181,False
10,feature_421,True,-0.22659484262798202,0.22659484262798202,False
10,feature_422,False,,,False
10,feature_423,True,0.2346370984229258,0.2346370984229258,False
10,feature_424,True,-0.2617677627753286,0.2617677627753286,False
10,feature_425,True,1.1036346613285335,1.1036346613285335,True
10,feature_426,True,-0.1202300294713968,0.1202300294713968,False
10,feature_427,True,-0.11134403122960623,0.11134403122960623,False
10,feature_428,True,-0.22293665807378668,0.22293665807378668,False
10,feature_429,True,-0.05294767477680737,0.05294767477680737,False
10,feature_430,True,0.11322099925713802,0.11322099925713802,False
10,feature_431,True,0.19377144400088975,0.19377144400088975,False
10,feature_432,True,-0.2617262550548628,0.2617262550548628,False
10,feature_433,True,0.22460646396970463,0.22460646396970463,False
10,feature_434,True,-0.02620475319723018,0.02620475319723018,False
10,feature_435,True,-0.08857703661032777,0.08857703661032777,False
10,feature_436,True,-0.15559391079875035,0.15559391079875035,False
10,feature_437,True,0.4491508359411178,0.4491508359411178,False
10,feature_438,True,-0.47911016973939796,0.47911016973939796,False
10,feature_439,True,0.14693141167667625,0.14693141167667625,False
10,feature_440,True,-0.04487956029765693,0.04487956029765693,False
10,feature_441,True,0.35126082477014287,0.35126082477014287,False
10,feature_442,True,-0.26627167590225337,0.26627167590225337,False
10,feature_443,True,0.08938986091097052,0.08938986091097052,False
10,feature_444,True,-0.035917451737364686,0.035917451737364686,False
10,feature_445,True,0.13372159240778742,0.13372159240778742,False
10,feature_446,True,-0.31717721181110403,0.31717721181110403,False
10,feature_447,True,-0.25223697975018855,0.25223697975018855,False
10,feature_448,True,-0.5702045801580498,0.5702045801580498,False
10,feature_449,False,,,False
10,feature_450,False,,,False
10,feature_451,False,,,False
10,feature_452,True,0.0785559026384004,0.0785559026384004,False
10,feature_453,True,0.08950131828208016,0.08950131828208016,False
10,feature_454,True,-0.23863765353314087,0.23863765353314087,False
10,feature_455,True,0.4190907987254316,0.4190907987254316,False
10,feature_456,True,-0.14416977652200216,0.14416977652200216,False
10,feature_457,True,0.03807826233406466,0.03807826233406466,False
10,feature_458,False,,,False
10,feature_459,True,-0.07797145592518614,0.07797145592518614,False
10,feature_460,True,0.4277586558527399,0.4277586558527399,False
10,feature_461,False,,,False
10,feature_462,False,,,False
10,feature_463,False,,,False
10,feature_464,False,,,False
10,feature_465,False,,,False
10,feature_466,False,,,False
10,feature_467,True,0.14260457684491532,0.14260457684491532,False
10,feature_468,True,-0.2071714849646757,0.2071714849646757,False
10,feature_469,True,0.24413953689479484,0.24413953689479484,False
10,feature_470,True,0.05749602217793843,0.05749602217793843,False
10,feature_471,True,0.4896383104273479,0.4896383104273479,False
10,feature_472,True,0.06965862477297967,0.06965862477297967,False
10,feature_473,True,0.5207056251621397,0.5207056251621397,False
10,feature_474,True,0.08058919829949374,0.08058919829949374,False
10,feature_475,True,0.3480015081697234,0.3480015081697234,False
10,feature_476,True,0.05761537003841749,0.05761537003841749,False
10,feature_477,True,0.30952671707277374,0.30952671707277374,False
10,feature_478,True,-0.04366640798026644,0.04366640798026644,False
10,feature_479,True,-0.07990358446768256,0.07990358446768256,False
10,feature_480,True,-0.27893111025178213,0.27893111025178213,False
10,feature_481,False,,,False
10,feature_482,True,0.24282523144081622,0.24282523144081622,False
10,feature_483,True,0.26323025906309766,0.26323025906309766,False
10,feature_484,True,-0.3299737504117267,0.3299737504117267,False
10,feature_485,True,-0.2003485192194357,0.2003485192194357,False
10,feature_486,True,0.2606310217986683,0.2606310217986683,False
10,feature_487,True,-0.2401901038995507,0.2401901038995507,False
10,feature_488,True,-0.5489341301413058,0.5489341301413058,False
10,feature_489,True,0.3013622122262767,0.3013622122262767,False
10,feature_490,True,-0.0001439939392342288,0.0001439939392342288,False
10,feature_491,True,0.685689244659911,0.685689244659911,True
10,feature_492,True,-0.07899977330941053,0.07899977330941053,False
10,feature_493,True,-0.3857379379916897,0.3857379379916897,False
10,feature_494,True,0.00788885455359654,0.00788885455359654,False
10,feature_495,True,-0.33389759043799266,0.33389759043799266,False
10,feature_496,True,-0.08032875635282266,0.08032875635282266,False
10,feature_497,True,0.17201676843380023,0.17201676843380023,False
10,feature_498,False,,,False
10,feature_499,True,-0.503416800359007,0.503416800359007,False
10,feature_500,True,0.4081420808909057,0.4081420808909057,False
10,feature_501,False,,,False
10,feature_502,False,,,False
10,feature_503,False,,,False
10,feature_504,False,,,False
10,feature_505,False,,,False
10,feature_506,False,,,False
10,feature_507,False,,,False
10,feature_508,False,,,False
10,feature_509,False,,,False
10,feature_510,True,0.1998354208434363,0.1998354208434363,False
10,feature_511,True,0.16706719101380024,0.16706719101380024,False
10,feature_512,False,,,False
10,feature_513,False,,,False
10,feature_514,False,,,False
10,feature_515,False,,,False
10,feature_516,True,-0.10656690827013969,0.10656690827013969,False
10,feature_517,True,0.02209644679179787,0.02209644679179787,False
10,feature_518,True,-0.13988852707324778,0.13988852707324778,False
10,feature_519,True,0.04199218853757322,0.04199218853757322,False
10,feature_520,True,-0.3769846122199396,0.3769846122199396,False
10,feature_521,True,-0.22788029196926934,0.22788029196926934,False
10,feature_522,True,0.2910000948670441,0.2910000948670441,False
10,feature_523,True,-0.2823678433765321,0.2823678433765321,False
10,feature_524,True,0.3741695105404878,0.3741695105404878,False
10,feature_525,True,-0.010758313366939292,0.010758313366939292,False
10,feature_526,True,-0.17500874041109601,0.17500874041109601,False
10,feature_527,True,0.13779298364202777,0.13779298364202777,False
10,feature_528,False,,,False
10,feature_529,False,,,False
10,feature_530,False,,,False
10,feature_531,False,,,False
10,feature_532,False,,,False
10,feature_533,False,,,False
10,feature_534,False,,,False
10,feature_535,False,,,False
10,feature_536,False,,,False
10,feature_537,False,,,False
10,feature_538,False,,,False
10,feature_539,True,-0.04822171095906819,0.04822171095906819,False
10,feature_540,True,-0.15707682948867926,0.15707682948867926,False
10,feature_541,True,0.0259180497500156,0.0259180497500156,False
10,feature_542,True,-0.01037513105559673,0.01037513105559673,False
10,feature_543,True,-0.09677778065348126,0.09677778065348126,False
10,feature_544,True,-0.18954683082898705,0.18954683082898705,False
10,feature_545,True,-0.073969882285513,0.073969882285513,False
10,feature_546,True,0.21283596760531517,0.21283596760531517,False
10,feature_547,True,0.42430965191241415,0.42430965191241415,False
10,feature_548,True,-0.5035508241155456,0.5035508241155456,False
10,feature_549,True,-0.0876989539079443,0.0876989539079443,False
10,feature_550,True,-0.009933339736177108,0.009933339736177108,False
10,feature_551,True,0.17921884853563294,0.17921884853563294,False
10,feature_552,True,0.20475497057581823,0.20475497057581823,False
10,feature_553,True,-0.29937445001491475,0.29937445001491475,False
10,feature_554,True,0.18235297758859087,0.18235297758859087,False
10,feature_555,True,-0.44978529571981946,0.44978529571981946,False
10,feature_556,True,-0.03207330074187131,0.03207330074187131,False
10,feature_557,True,0.21615517594520667,0.21615517594520667,False
10,feature_558,True,-0.017542105241067488,0.017542105241067488,False
10,feature_559,True,0.04718518787915109,0.04718518787915109,False
10,feature_560,True,-0.38159337189877107,0.38159337189877107,False
10,feature_561,True,0.29896970659106603,0.29896970659106603,False
10,feature_562,True,-0.35137190993323686,0.35137190993323686,False
10,feature_563,True,-0.3615688638927862,0.3615688638927862,False
10,feature_564,True,0.19754298274115353,0.19754298274115353,False
10,feature_565,True,-0.008793057382735118,0.008793057382735118,False
10,feature_566,True,-0.25252302310053015,0.25252302310053015,False
10,feature_567,True,0.37226841171230535,0.37226841171230535,False
10,feature_568,True,0.15273523673319975,0.15273523673319975,False
10,feature_569,True,-0.3956771438884076,0.3956771438884076,False
10,feature_570,True,0.29989053292779316,0.29989053292779316,False
10,feature_571,True,-0.13620590718112277,0.13620590718112277,False
10,feature_572,True,0.0406181177824056,0.0406181177824056,False
10,feature_573,True,-0.4887109612825711,0.4887109612825711,False
10,feature_574,True,-0.09060525150390135,0.09060525150390135,False
10,feature_575,True,0.5006038938302665,0.5006038938302665,False
10,feature_576,True,0.3321726359629681,0.3321726359629681,False
10,feature_577,True,-0.31952030562952843,0.31952030562952843,False
10,feature_578,True,0.4258916042216692,0.4258916042216692,False
10,feature_579,True,-0.3708721777838291,0.3708721777838291,False
10,feature_580,True,0.44703888527214114,0.44703888527214114,False
10,feature_581,True,-0.07919941183910201,0.07919941183910201,False
10,feature_582,True,-0.07990271752064182,0.07990271752064182,False
10,feature_583,True,0.1076202247464819,0.1076202247464819,False
10,feature_584,True,0.08612363706776191,0.08612363706776191,False
10,feature_585,True,0.06826322560863347,0.06826322560863347,False
10,feature_586,True,-0.28152702863043155,0.28152702863043155,False
10,feature_587,True,-0.5055479547086749,0.5055479547086749,False
10,feature_588,True,0.6519030970603563,0.6519030970603563,False
10,feature_589,True,0.07505372011752454,0.07505372011752454,False
11,feature_000,True,-0.1561875013381755,0.1561875013381755,False
11,feature_001,True,-0.15046707500175635,0.15046707500175635,False
11,feature_002,True,-0.28127155779752433,0.28127155779752433,False
11,feature_003,True,0.5508919254168453,0.5508919254168453,False
11,feature_004,True,-0.026075583066053485,0.026075583066053485,False
11,feature_005,False,,,False
11,feature_006,True,0.1778847661078209,0.1778847661078209,False
11,feature_007,True,0.1923746835969803,0.1923746835969803,False
11,feature_008,True,-0.27569926030944336,0.27569926030944336,False
11,feature_009,True,-0.5046310300346968,0.5046310300346968,False
11,feature_010,True,0.17596402971893543,0.17596402971893543,False
11,feature_011,True,0.14890314496713464,0.14890314496713464,False
11,feature_012,True,-0.09259127777126334,0.09259127777126334,False
11,feature_013,False,,,False
11,feature_014,True,-0.8323581915780026,0.8323581915780026,True
11,feature_015,True,-0.20603461251411587,0.20603461251411587,False
11,feature_016,True,0.014099163186929551,0.014099163186929551,False
11,feature_017,True,0.14919419729259872,0.14919419729259872,False
11,feature_018,True,-0.13533989797200963,0.13533989797200963,False
11,feature_019,True,-0.17114707362054413,0.17114707362054413,False
11,feature_020,True,0.6651516552119126,0.6651516552119126,False
11,feature_021,True,0.21239721483212393,0.21239721483212393,False
11,feature_022,True,-0.5856800927893224,0.5856800927893224,False
11,feature_023,True,0.36417261584105143,0.36417261584105143,False
11,feature_024,True,-0.08750297346650857,0.08750297346650857,False
11,feature_025,True,0.5811752572015748,0.5811752572015748,False
11,feature_026,True,-0.4581082964057569,0.4581082964057569,False
11,feature_027,True,0.6321891204469473,0.6321891204469473,False
11,feature_028,True,-0.4384258991676924,0.4384258991676924,False
11,feature_029,True,0.321968276847176,0.321968276847176,False
11,feature_030,True,-0.7060345017984762,0.7060345017984762,False
11,feature_031,True,0.34015153334297366,0.34015153334297366,False
11,feature_032,True,0.2357444903653026,0.2357444903653026,False
11,feature_033,True,-0.24920633992643298,0.24920633992643298,False
11,feature_034,True,-0.19175091769963806,0.19175091769963806,False
11,feature_035,True,-0.17724862087459212,0.17724862087459212,False
11,feature_036,True,0.19184255448914422,0.19184255448914422,False
11,feature_037,True,-0.04452052333265319,0.04452052333265319,False
11,feature_038,True,-0.2183685592843813,0.2183685592843813,False
11,feature_039,True,-0.026987977436122787,0.026987977436122787,False
11,feature_040,True,-0.3392955520570068,0.3392955520570068,False
11,feature_041,True,-0.7292102456644275,0.7292102456644275,True
11,feature_042,False,,,False
11,feature_043,True,0.198811454820734,0.198811454820734,False
11,feature_044,True,0.2605752847050995,0.2605752847050995,False
11,feature_045,True,0.37558588068604487,0.37558588068604487,False
11,feature_046,True,0.5094754339785935,0.5094754339785935,False
11,feature_047,True,0.6998002003742961,0.6998002003742961,False
11,feature_048,True,-0.46221822691203046,0.46221822691203046,False
11,feature_049,False,,,False
11,feature_050,True,0.23642169220618048,0.23642169220618048,False
11,feature_051,True,-0.12311214890890534,0.12311214890890534,False
11,feature_052,False,,,False
11,feature_053,True,-0.5306711961980425,0.5306711961980425,False
11,feature_054,True,-0.33405977589766583,0.33405977589766583,False
11,feature_055,True,0.08966377876734338,0.08966377876734338,False
11,feature_056,True,1.1446767042225354,1.1446767042225354,True
11,feature_057,True,-0.32751958759286254,0.32751958759286254,False
11,feature_058,True,0.5432657098914723,0.5432657098914723,False
11,feature_059,True,1.2403177481932999,1.2403177481932999,True
11,feature_060,True,0.3722284445565944,0.3722284445565944,False
11,feature_061,True,0.9661550173809058,0.9661550173809058,True
11,feature_062,True,-0.32982555724631485,0.32982555724631485,False
11,feature_063,True,0.024148658779322017,0.024148658779322017,False
11,feature_064,True,0.45970244867976,0.45970244867976,False
11,feature_065,True,-0.16617711942222996,0.16617711942222996,False
11,feature_066,True,0.3745840894581973,0.3745840894581973,False
11,feature_067,True,-0.6955388438588812,0.6955388438588812,False
11,feature_068,True,-0.3383907818096327,0.3383907818096327,False
11,feature_069,False,,,False
11,feature_070,True,-0.2412681731960332,0.2412681731960332,False
11,feature_071,True,-0.21313208226255945,0.21313208226255945,False
11,feature_072,True,0.40239892515611175,0.40239892515611175,False
11,feature_073,True,-0.12874717704825653,0.12874717704825653,False
11,feature_074,True,0.013793843170327938,0.013793843170327938,False
11,feature_075,True,0.940699493873181,0.940699493873181,True
11,feature_076,True,0.026553491349058708,0.026553491349058708,False
11,feature_077,True,-0.025659180665034486,0.025659180665034486,False
11,feature_078,True,-0.44647092522347026,0.44647092522347026,False
11,feature_079,True,0.0793992583040363,0.0793992583040363,False
11,feature_080,True,-0.02801873977839351,0.02801873977839351,False
11,feature_081,True,0.36882511193770456,0.36882511193770456,False
11,feature_082,True,-0.2797634942496764,0.2797634942496764,False
11,feature_083,True,-0.11863888706600259,0.11863888706600259,False
11,feature_084,True,-0.3073161625504731,0.3073161625504731,False
11,feature_085,True,-0.33822175039867425,0.33822175039867425,False
11,feature_086,True,0.5325042560421426,0.5325042560421426,False
11,feature_087,True,-0.14913740554586918,0.14913740554586918,False
11,feature_088,True,-0.3094497374430122,0.3094497374430122,False
11,feature_089,True,0.5149191063768485,0.5149191063768485,False
11,feature_090,True,0.24671767097907293,0.24671767097907293,False
11,feature_091,True,-0.02939530579647104,0.02939530579647104,False
11,feature_092,True,0.047824860936267255,0.047824860936267255,False
11,feature_093,True,-0.28037629563129124,0.28037629563129124,False
11,feature_094,True,-0.3924996578462814,0.3924996578462814,False
11,feature_095,True,0.2237264680697133,0.2237264680697133,False
11,feature_096,True,-0.2836289287707272,0.2836289287707272,False
11,feature_097,False,,,False
11,feature_098,True,-0.14727179122018205,0.14727179122018205,False
11,feature_099,True,-0.06520684861346639,0.06520684861346639,False
11,feature_100,True,0.12543275133517312,0.12543275133517312,False
11,feature_101,True,-0.23394192657470345,0.23394192657470345,False
11,feature_102,True,-0.2588941259412597,0.2588941259412597,False
11,feature_103,True,0.6757301999728138,0.6757301999728138,False
11,feature_104,True,-0.5428418674405009,0.5428418674405009,False
11,feature_105,True,0.06147592053479497,0.06147592053479497,False
11,feature_106,True,-0.09775662549496167,0.09775662549496167,False
11,feature_107,True,0.48338791964055244,0.48338791964055244,False
11,feature_108,True,-0.5339013091929388,0.5339013091929388,False
11,feature_109,True,-0.14011504547225379,0.14011504547225379,False
11,feature_110,True,-0.45180639751221136,0.45180639751221136,False
11,feature_111,True,-0.43729811985640027,0.43729811985640027,False
11,feature_112,True,0.13847948266701693,0.13847948266701693,False
11,feature_113,True,0.49478502389167184,0.49478502389167184,False
11,feature_114,True,-0.11087364615290456,0.11087364615290456,False
11,feature_115,True,-0.3471482605752333,0.3471482605752333,False
11,feature_116,True,0.0005848290189133212,0.0005848290189133212,False
11,feature_117,True,0.01808954565903668,0.01808954565903668,False
11,feature_118,True,-0.005487285136511988,0.005487285136511988,False
11,feature_119,True,0.026787542552359447,0.026787542552359447,False
11,feature_120,True,-0.08975114539950549,0.08975114539950549,False
11,feature_121,True,0.1677557104704041,0.1677557104704041,False
11,feature_122,True,-0.49483790758398827,0.49483790758398827,False
11,feature_123,True,0.08278820294177769,0.08278820294177769,False
11,feature_124,True,-1.2451580640813067,1.2451580640813067,True
11,feature_125,True,0.4500059646492557,0.4500059646492557,False
11,feature_126,True,0.45464881103598526,0.45464881103598526,False
11,feature_127,True,-0.38812229185522196,0.38812229185522196,False
11,feature_128,True,-0.18881341281337277,0.18881341281337277,False
11,feature_129,True,0.6626978963857414,0.6626978963857414,False
11,feature_130,True,0.24655695537680272,0.24655695537680272,False
11,feature_131,True,0.4166298076077181,0.4166298076077181,False
11,feature_132,True,-0.8558944154431962,0.8558944154431962,True
11,feature_133,True,0.6123662139836926,0.6123662139836926,False
11,feature_134,True,-0.3548213443435662,0.3548213443435662,False
11,feature_135,True,-0.08372084792279927,0.08372084792279927,False
11,feature_136,True,-0.026625783915033622,0.026625783915033622,False
11,feature_137,True,-0.0707050489847865,0.0707050489847865,False
11,feature_138,True,0.4738419074464488,0.4738419074464488,False
11,feature_139,True,-0.038305255729033025,0.038305255729033025,False
11,feature_140,True,-0.02735596187983479,0.02735596187983479,False
11,feature_141,False,,,False
11,feature_142,True,-0.552693496728111,0.552693496728111,False
11,feature_143,True,-0.36813086969482195,0.36813086969482195,False
11,feature_144,True,0.43182136030782853,0.43182136030782853,False
11,feature_145,True,0.017513609777596556,0.017513609777596556,False
11,feature_146,True,-0.7289675417245214,0.7289675417245214,False
11,feature_147,True,0.1252395084729932,0.1252395084729932,False
11,feature_148,True,-0.2653015058690797,0.2653015058690797,False
11,feature_149,False,,,False
11,feature_150,True,0.44680669352054303,0.44680669352054303,False
11,feature_151,True,-0.14803855740560465,0.14803855740560465,False
11,feature_152,True,0.05861029557486837,0.05861029557486837,False
11,feature_153,True,-0.13180581733597996,0.13180581733597996,False
11,feature_154,True,-0.19339678795913046,0.19339678795913046,False
11,feature_155,True,-0.28409843399379225,0.28409843399379225,False
11,feature_156,True,-0.08354396561271168,0.08354396561271168,False
11,feature_157,True,-0.3408397605347897,0.3408397605347897,False
11,feature_158,True,0.29513997815259424,0.29513997815259424,False
11,feature_159,True,0.25085055915770404,0.25085055915770404,False
11,feature_160,True,0.17398698121446607,0.17398698121446607,False
11,feature_161,True,-0.1215867190542602,0.1215867190542602,False
11,feature_162,True,-0.5197584737884096,0.5197584737884096,False
11,feature_163,True,0.1726977625963351,0.1726977625963351,False
11,feature_164,True,-0.5371009276643939,0.5371009276643939,False
11,feature_165,True,-0.6344881419353134,0.6344881419353134,False
11,feature_166,True,6.900230729396514e-05,6.900230729396514e-05,False
11,feature_167,True,-0.28864012915956333,0.28864012915956333,False
11,feature_168,True,0.6767522504142454,0.6767522504142454,False
11,feature_169,True,-0.04693691484295133,0.04693691484295133,False
11,feature_170,True,0.14051467682914714,0.14051467682914714,False
11,feature_171,True,0.1501219607302298,0.1501219607302298,False
11,feature_172,True,0.09965979246157552,0.09965979246157552,False
11,feature_173,True,-0.02632606668375799,0.02632606668375799,False
11,feature_174,True,0.10221420990300562,0.10221420990300562,False
11,feature_175,True,-0.22422992339262968,0.22422992339262968,False
11,feature_176,True,0.05706315164478629,0.05706315164478629,False
11,feature_177,True,-0.3480453152873521,0.3480453152873521,False
11,feature_178,False,,,False
11,feature_179,False,,,False
11,feature_180,True,0.18594416093596128,0.18594416093596128,False
11,feature_181,True,0.03961181579618789,0.03961181579618789,False
11,feature_182,True,-0.27237933645948453,0.27237933645948453,False
11,feature_183,True,-0.019762101805153563,0.019762101805153563,False
11,feature_184,True,0.09562096532617194,0.09562096532617194,False
11,feature_185,True,0.01898147003209862,0.01898147003209862,False
11,feature_186,False,,,False
11,feature_187,True,0.3683419668817208,0.3683419668817208,False
11,feature_188,True,0.3449593641599135,0.3449593641599135,False
11,feature_189,False,,,False
11,feature_190,False,,,False
11,feature_191,False,,,False
11,feature_192,False,,,False
11,feature_193,False,,,False
11,feature_194,False,,,False
11,feature_195,True,0.2533125018144493,0.2533125018144493,False
11,feature_196,True,-0.33393766210167736,0.33393766210167736,False
11,feature_197,True,0.7213476394355269,0.7213476394355269,False
11,feature_198,True,0.08334441125259913,0.08334441125259913,False
11,feature_199,True,0.10716876287136358,0.10716876287136358,False
11,feature_200,True,0.06358691810242768,0.06358691810242768,False
11,feature_201,True,0.20794969295487567,0.20794969295487567,False
11,feature_202,True,-0.003360022452896716,0.003360022452896716,False
11,feature_203,True,-0.30031207042875235,0.30031207042875235,False
11,feature_204,True,-0.4678906002261871,0.4678906002261871,False
11,feature_205,True,0.3821628536698144,0.3821628536698144,False
11,feature_206,True,0.013793843170327976,0.013793843170327976,False
11,feature_207,True,0.07866751993480972,0.07866751993480972,False
11,feature_208,True,-0.11579037445081412,0.11579037445081412,False
11,feature_209,True,0.013793843170327827,0.013793843170327827,False
11,feature_210,True,-0.11370167002398326,0.11370167002398326,False
11,feature_211,True,-0.05881236796632086,0.05881236796632086,False
11,feature_212,True,-0.3650622916084257,0.3650622916084257,False
11,feature_213,True,0.4665710486899008,0.4665710486899008,False
11,feature_214,True,-0.9276206177961193,0.9276206177961193,True
11,feature_215,True,-0.12109357596280275,0.12109357596280275,False
11,feature_216,True,1.0434512171708992,1.0434512171708992,True
11,feature_217,True,0.12821155459730502,0.12821155459730502,False
11,feature_218,True,-0.3656621848315284,0.3656621848315284,False
11,feature_219,True,-0.37871323033033877,0.37871323033033877,False
11,feature_220,True,-0.19022055569983143,0.19022055569983143,False
11,feature_221,True,-0.49300363414761145,0.49300363414761145,False
11,feature_222,True,-0.03312999911523449,0.03312999911523449,False
11,feature_223,True,-0.391637373466548,0.391637373466548,False
11,feature_224,True,-0.26271350307047125,0.26271350307047125,False
11,feature_225,True,-0.04079385007205948,0.04079385007205948,False
11,feature_226,False,,,False
11,feature_227,True,0.07756018514868154,0.07756018514868154,False
11,feature_228,True,0.6174747992184344,0.6174747992184344,False
11,feature_229,False,,,False
11,feature_230,False,,,False
11,feature_231,False,,,False
11,feature_232,False,,,False
11,feature_233,False,,,False
11,feature_234,False,,,False
11,feature_235,False,,,False
11,feature_236,False,,,False
11,feature_237,False,,,False
11,feature_238,True,-0.2272040295295901,0.2272040295295901,False
11,feature_239,True,0.2771724190286912,0.2771724190286912,False
11,feature_240,False,,,False
11,feature_241,False,,,False
11,feature_242,False,,,False
11,feature_243,False,,,False
11,feature_244,True,-0.09015154066412863,0.09015154066412863,False
11,feature_245,True,-0.0098401179073446,0.0098401179073446,False
11,feature_246,True,0.055213391956969025,0.055213391956969025,False
11,feature_247,True,0.25503439048344967,0.25503439048344967,False
11,feature_248,True,-0.38408866598986696,0.38408866598986696,False
11,feature_249,True,0.6367843738954732,0.6367843738954732,False
11,feature_250,True,-0.05444451946167766,0.05444451946167766,False
11,feature_251,True,-0.15568225105780548,0.15568225105780548,False
11,feature_252,True,-0.04733743470995184,0.04733743470995184,False
11,feature_253,True,-0.04202622247896359,0.04202622247896359,False
11,feature_254,True,0.11971326173903248,0.11971326173903248,False
11,feature_255,True,0.10980657905482591,0.10980657905482591,False
11,feature_256,False,,,False
11,feature_257,False,,,False
11,feature_258,False,,,False
11,feature_259,False,,,False
11,feature_260,False,,,False
11,feature_261,False,,,False
11,feature_262,False,,,False
11,feature_263,False,,,False
11,feature_264,False,,,False
11,feature_265,False,,,False
11,feature_266,False,,,False
11,feature_267,True,-0.5072081009965778,0.5072081009965778,False
11,feature_268,True,-0.29598828730381416,0.29598828730381416,False
11,feature_269,True,0.22033521516332258,0.22033521516332258,False
11,feature_270,True,-0.28869435630277807,0.28869435630277807,False
11,feature_271,True,0.41004660493126455,0.41004660493126455,False
11,feature_272,True,-0.3211687200999806,0.3211687200999806,False
11,feature_273,True,-0.06009988799869073,0.06009988799869073,False
11,feature_274,True,0.11389603839906996,0.11389603839906996,False
11,feature_275,True,-0.027424861180799735,0.027424861180799735,False
11,feature_276,False,,,False
11,feature_277,True,0.7776614800296666,0.7776614800296666,True
11,feature_278,True,-0.17285522094701092,0.17285522094701092,False
11,feature_279,True,-0.3949365564542023,0.3949365564542023,False
11,feature_280,True,-0.6927593140991536,0.6927593140991536,False
11,feature_281,True,-0.22455917073732976,0.22455917073732976,False
11,feature_282,True,0.1830193943500759,0.1830193943500759,False
11,feature_283,True,-0.23945642246193946,0.23945642246193946,False
11,feature_284,False,,,False
11,feature_285,True,0.09903669453585,0.09903669453585,False
11,feature_286,True,-0.009053713805555341,0.009053713805555341,False
11,feature_287,True,0.046876932813910296,0.046876932813910296,False
11,feature_288,True,0.14142051719587612,0.14142051719587612,False
11,feature_289,True,-0.2102193982571789,0.2102193982571789,False
11,feature_290,True,-0.10791575802303963,0.10791575802303963,False
11,feature_291,True,-0.06160227939349572,0.06160227939349572,False
11,feature_292,True,0.0943401042992356,0.0943401042992356,False
11,feature_293,True,0.07810823973212891,0.07810823973212891,False
11,feature_294,True,0.23844021783567648,0.23844021783567648,False
11,feature_295,True,0.3758590166552325,0.3758590166552325,False
11,feature_296,True,0.055916808897344725,0.055916808897344725,False
11,feature_297,True,0.2846802622933373,0.2846802622933373,False
11,feature_298,True,0.1527491325223631,0.1527491325223631,False
11,feature_299,True,-0.44118288322304233,0.44118288322304233,False
11,feature_300,True,-0.5029660474758081,0.5029660474758081,False
11,feature_301,True,0.2677135046502095,0.2677135046502095,False
11,feature_302,True,0.8364201279861143,0.8364201279861143,True
11,feature_303,True,-0.19891169952419135,0.19891169952419135,False
11,feature_304,True,-0.08090488778940633,0.08090488778940633,False
11,feature_305,True,-0.3149709177736124,0.3149709177736124,False
11,feature_306,True,0.0841928359694259,0.0841928359694259,False
11,feature_307,True,0.07130613952645314,0.07130613952645314,False
11,feature_308,True,-0.3194226284039146,0.3194226284039146,False
11,feature_309,True,0.071936891321791,0.071936891321791,False
11,feature_310,True,0.2606008032830896,0.2606008032830896,False
11,feature_311,True,-0.39185548419472077,0.39185548419472077,False
11,feature_312,True,-0.1926715803605355,0.1926715803605355,False
11,feature_313,False,,,False
11,feature_314,False,,,False
11,feature_315,False,,,False
11,feature_316,True,-0.3137552959092136,0.3137552959092136,False
11,feature_317,True,-0.3563373464155514,0.3563373464155514,False
11,feature_318,True,-0.014931656446678668,0.014931656446678668,False
11,feature_319,True,0.21630749427332824,0.21630749427332824,False
11,feature_320,True,-0.20792896344998907,0.20792896344998907,False
11,feature_321,True,-0.36606104856317295,0.36606104856317295,False
11,feature_322,False,,,False
11,feature_323,True,0.10371152022633076,0.10371152022633076,False
11,feature_324,True,-0.4047335786403917,0.4047335786403917,False
11,feature_325,False,,,False
11,feature_326,False,,,False
11,feature_327,False,,,False
11,feature_328,False,,,False
11,feature_329,False,,,False
11,feature_330,False,,,False
11,feature_331,True,0.22662361027079306,0.22662361027079306,False
11,feature_332,True,-0.5419754107003729,0.5419754107003729,False
11,feature_333,True,0.5891493376429996,0.5891493376429996,False
11,feature_334,True,-0.12606702614647045,0.12606702614647045,False
11,feature_335,True,-0.14697690833218127,0.14697690833218127,False
11,feature_336,True,-0.0957315317498335,0.0957315317498335,False
11,feature_337,True,0.017319905099562823,0.017319905099562823,False
11,feature_338,True,-0.14498828545410164,0.14498828545410164,False
11,feature_339,True,-0.21156566170778338,0.21156566170778338,False
11,feature_340,True,-0.4934317160440476,0.4934317160440476,False
11,feature_341,True,-0.045766686396979124,0.045766686396979124,False
11,feature_342,True,0.01379384317032793,0.01379384317032793,False
11,feature_343,True,-0.1438885952062591,0.1438885952062591,False
11,feature_344,True,0.0074830886787923614,0.0074830886787923614,False
11,feature_345,True,-0.02966246568904979,0.02966246568904979,False
11,feature_346,True,0.08668876366816292,0.08668876366816292,False
11,feature_347,True,0.013793843170327976,0.013793843170327976,False
11,feature_348,True,0.8635309186577118,0.8635309186577118,True
11,feature_349,True,0.6049568687417558,0.6049568687417558,False
11,feature_350,True,0.007380854195096892,0.007380854195096892,False
11,feature_351,True,-0.02966415279774452,0.02966415279774452,False
11,feature_352,True,-0.32070010343687894,0.32070010343687894,False
11,feature_353,True,0.3944820751995448,0.3944820751995448,False
11,feature_354,True,-0.5901740480931179,0.5901740480931179,False
11,feature_355,True,0.034776534683500435,0.034776534683500435,False
11,feature_356,True,0.12793883518186094,0.12793883518186094,False
11,feature_357,True,-0.02669843970605478,0.02669843970605478,False
11,feature_358,True,0.6953922853168395,0.6953922853168395,False
11,feature_359,True,0.3009851457749976,0.3009851457749976,False
11,feature_360,True,-0.07403618803777234,0.07403618803777234,False
11,feature_361,True,0.759187370334618,0.759187370334618,True
11,feature_362,True,-0.11456953490832504,0.11456953490832504,False
11,feature_363,True,-0.6017785192885455,0.6017785192885455,False
11,feature_364,False,,,False
11,feature_365,True,0.7457002562872695,0.7457002562872695,True
11,feature_366,True,-0.35553107892535885,0.35553107892535885,False
11,feature_367,True,-0.6005747010446894,0.6005747010446894,False
11,feature_368,True,-0.3912557051891053,0.3912557051891053,False
11,feature_369,False,,,False
11,feature_370,False,,,False
11,feature_371,False,,,False
11,feature_372,False,,,False
11,feature_373,False,,,False
11,feature_374,False,,,False
11,feature_375,False,,,False
11,feature_376,True,0.3919488941431878,0.3919488941431878,False
11,feature_377,True,-0.009610358354566008,0.009610358354566008,False
11,feature_378,False,,,False
11,feature_379,False,,,False
11,feature_380,False,,,False
11,feature_381,False,,,False
11,feature_382,True,-0.10340649004679067,0.10340649004679067,False
11,feature_383,True,0.004235195773804221,0.004235195773804221,False
11,feature_384,True,-0.1788804949169057,0.1788804949169057,False
11,feature_385,True,-0.09802112756305426,0.09802112756305426,False
11,feature_386,True,-0.31060943290737675,0.31060943290737675,False
11,feature_387,True,0.5912271505368154,0.5912271505368154,False
11,feature_388,True,0.4204119880633987,0.4204119880633987,False
11,feature_389,True,-0.14880642182868034,0.14880642182868034,False
11,feature_390,True,-0.07254473104468362,0.07254473104468362,False
11,feature_391,True,0.34949643699626126,0.34949643699626126,False
11,feature_392,True,0.1343383135616237,0.1343383135616237,False
11,feature_393,True,-0.24275589307760004,0.24275589307760004,False
11,feature_394,False,,,False
11,feature_395,False,,,False
11,feature_396,False,,,False
11,feature_397,False,,,False
11,feature_398,False,,,False
11,feature_399,False,,,False
11,feature_400,False,,,False
11,feature_401,False,,,False
11,feature_402,False,,,False
11,feature_403,False,,,False
11,feature_404,False,,,False
11,feature_405,True,0.17633526216392126,0.17633526216392126,False
11,feature_406,True,0.8177038569754391,0.8177038569754391,True
11,feature_407,True,-0.5979866549043618,0.5979866549043618,False
11,feature_408,True,-0.05801803549852622,0.05801803549852622,False
11,feature_409,True,-0.07216098695117586,0.07216098695117586,False
11,feature_410,True,0.10110465059226184,0.10110465059226184,False
11,feature_411,True,0.3056357019710117,0.3056357019710117,False
11,feature_412,True,0.18360662033362127,0.18360662033362127,False
11,feature_413,True,0.48506910825789373,0.48506910825789373,False
11,feature_414,False,,,False
11,feature_415,True,-0.7556418662511912,0.7556418662511912,True
11,feature_416,True,-0.21689338869792066,0.21689338869792066,False
11,feature_417,True,0.22613592993406723,0.22613592993406723,False
11,feature_418,True,-0.24119426848399433,0.24119426848399433,False
11,feature_419,True,0.10461517735384969,0.10461517735384969,False
11,feature_420,True,0.11050729999544787,0.11050729999544787,False
11,feature_421,True,-0.3369038432089847,0.3369038432089847,False
11,feature_422,False,,,False
11,feature_423,True,0.008539488290481519,0.008539488290481519,False
11,feature_424,True,-0.22465130202945496,0.22465130202945496,False
11,feature_425,True,1.2141240771161714,1.2141240771161714,True
11,feature_426,True,-0.10661271272864647,0.10661271272864647,False
11,feature_427,True,-0.18154026752233127,0.18154026752233127,False
11,feature_428,True,-0.29075626306701735,0.29075626306701735,False
11,feature_429,True,-0.046694834200854615,0.046694834200854615,False
11,feature_430,True,0.33517236485876123,0.33517236485876123,False
11,feature_431,True,0.23000281404141784,0.23000281404141784,False
11,feature_432,True,-0.25369693825707496,0.25369693825707496,False
11,feature_433,True,0.16182821990444451,0.16182821990444451,False
11,feature_434,True,0.1285878654795307,0.1285878654795307,False
11,feature_435,True,0.048462350744218265,0.048462350744218265,False
11,feature_436,True,-0.11547697665867496,0.11547697665867496,False
11,feature_437,True,0.3109772952794603,0.3109772952794603,False
11,feature_438,True,-0.5538252781802387,0.5538252781802387,False
11,feature_439,True,-0.27956704992866555,0.27956704992866555,False
11,feature_440,True,-0.2245073634699883,0.2245073634699883,False
11,feature_441,True,0.1342947065509461,0.1342947065509461,False
11,feature_442,True,0.14388898198639824,0.14388898198639824,False
11,feature_443,True,0.10596604042407613,0.10596604042407613,False
11,feature_444,True,0.04035083094350943,0.04035083094350943,False
11,feature_445,True,0.08018484336609329,0.08018484336609329,False
11,feature_446,True,-0.2217787233064083,0.2217787233064083,False
11,feature_447,True,0.07275324493915798,0.07275324493915798,False
11,feature_448,True,-0.3758071998821679,0.3758071998821679,False
11,feature_449,False,,,False
11,feature_450,False,,,False
11,feature_451,False,,,False
11,feature_452,True,0.12871442130630506,0.12871442130630506,False
11,feature_453,True,0.05051733729467128,0.05051733729467128,False
11,feature_454,True,-0.3735234476020584,0.3735234476020584,False
11,feature_455,True,0.02183518862949433,0.02183518862949433,False
11,feature_456,True,-0.15438652469541883,0.15438652469541883,False
11,feature_457,True,0.2587982464604752,0.2587982464604752,False
11,feature_458,False,,,False
11,feature_459,True,0.41029521648285455,0.41029521648285455,False
11,feature_460,True,0.5020824943741445,0.5020824943741445,False
11,feature_461,False,,,False
11,feature_462,False,,,False
11,feature_463,False,,,False
11,feature_464,False,,,False
11,feature_465,False,,,False
11,feature_466,False,,,False
11,feature_467,True,0.22414485910671936,0.22414485910671936,False
11,feature_468,True,0.07845656331884991,0.07845656331884991,False
11,feature_469,True,0.6082915826312542,0.6082915826312542,False
11,feature_470,True,0.021259551683027643,0.021259551683027643,False
11,feature_471,True,0.6293977340207044,0.6293977340207044,False
11,feature_472,True,0.47292096136650075,0.47292096136650075,False
11,feature_473,True,0.5496955394760644,0.5496955394760644,False
11,feature_474,True,0.18696573292841004,0.18696573292841004,False
11,feature_475,True,-0.23367929433535897,0.23367929433535897,False
11,feature_476,True,-0.40309719475945827,0.40309719475945827,False
11,feature_477,True,0.15339296739626038,0.15339296739626038,False
11,feature_478,True,0.013793843170327976,0.013793843170327976,False
11,feature_479,True,0.1831051260329504,0.1831051260329504,False
11,feature_480,True,-0.2771999505855976,0.2771999505855976,False
11,feature_481,False,,,False
11,feature_482,True,-0.1610927645323503,0.1610927645323503,False
11,feature_483,True,0.4589608268897671,0.4589608268897671,False
11,feature_484,True,-0.2758703989157731,0.2758703989157731,False
11,feature_485,True,0.024573676191075075,0.024573676191075075,False
11,feature_486,True,0.3312393774260327,0.3312393774260327,False
11,feature_487,True,-0.09407753238160098,0.09407753238160098,False
11,feature_488,True,-0.2261126067369527,0.2261126067369527,False
11,feature_489,True,0.37658322093246666,0.37658322093246666,False
11,feature_490,True,-0.06386262853089252,0.06386262853089252,False
11,feature_491,True,0.032069701070793676,0.032069701070793676,False
11,feature_492,True,-0.07207780100008879,0.07207780100008879,False
11,feature_493,True,-0.5093035235956922,0.5093035235956922,False
11,feature_494,True,-0.1270080553660926,0.1270080553660926,False
11,feature_495,True,-0.40385256870705755,0.40385256870705755,False
11,feature_496,True,0.03677451144759265,0.03677451144759265,False
11,feature_497,True,0.02065500720569476,0.02065500720569476,False
11,feature_498,False,,,False
11,feature_499,True,-0.7476502865528145,0.7476502865528145,True
11,feature_500,True,0.5903650539648724,0.5903650539648724,False
11,feature_501,False,,,False
11,feature_502,False,,,False
11,feature_503,False,,,False
11,feature_504,False,,,False
11,feature_505,False,,,False
11,feature_506,False,,,False
11,feature_507,False,,,False
11,feature_508,False,,,False
11,feature_509,False,,,False
11,feature_510,True,-0.043258693818201965,0.043258693818201965,False
11,feature_511,True,0.3947483149306414,0.3947483149306414,False
11,feature_512,False,,,False
11,feature_513,False,,,False
11,feature_514,False,,,False
11,feature_515,False,,,False
11,feature_516,True,-0.09613511307442844,0.09613511307442844,False
11,feature_517,True,-0.013211944148930054,0.013211944148930054,False
11,feature_518,True,0.04232695406226269,0.04232695406226269,False
11,feature_519,True,0.04419058351267935,0.04419058351267935,False
11,feature_520,True,-0.37689073690725766,0.37689073690725766,False
11,feature_521,True,0.04835317085235649,0.04835317085235649,False
11,feature_522,True,0.25584862982084744,0.25584862982084744,False
11,feature_523,True,-0.1599248247326033,0.1599248247326033,False
11,feature_524,True,0.0870132273780684,0.0870132273780684,False
11,feature_525,True,-0.14563563369324706,0.14563563369324706,False
11,feature_526,True,0.0199458338719013,0.0199458338719013,False
11,feature_527,True,0.10629651763983629,0.10629651763983629,False
11,feature_528,False,,,False
11,feature_529,False,,,False
11,feature_530,False,,,False
11,feature_531,False,,,False
11,feature_532,False,,,False
11,feature_533,False,,,False
11,feature_534,False,,,False
11,feature_535,False,,,False
11,feature_536,False,,,False
11,feature_537,False,,,False
11,feature_538,False,,,False
11,feature_539,True,-0.6163680963825717,0.6163680963825717,False
11,feature_540,True,-0.27390393622813464,0.27390393622813464,False
11,feature_541,True,0.4316986736403739,0.4316986736403739,False
11,feature_542,True,-0.12208290498201925,0.12208290498201925,False
11,feature_543,True,-0.21260920948349799,0.21260920948349799,False
11,feature_544,True,-0.06584232677599068,0.06584232677599068,False
11,feature_545,True,-0.07614152751641153,0.07614152751641153,False
11,feature_546,True,0.5137920158632696,0.5137920158632696,False
11,feature_547,True,0.5150886745396129,0.5150886745396129,False
11,feature_548,True,-0.1792801744902627,0.1792801744902627,False
11,feature_549,True,-0.33825987346544867,0.33825987346544867,False
11,feature_550,True,0.05401399970475946,0.05401399970475946,False
11,feature_551,True,0.3643159183874874,0.3643159183874874,False
11,feature_552,True,-0.05076873033387603,0.05076873033387603,False
11,feature_553,True,-0.5638917460529506,0.5638917460529506,False
11,feature_554,True,0.07340274465447441,0.07340274465447441,False
11,feature_555,True,0.04675658440203536,0.04675658440203536,False
11,feature_556,True,-0.10139212214585239,0.10139212214585239,False
11,feature_557,True,0.37340005683851285,0.37340005683851285,False
11,feature_558,True,-0.07569491788899665,0.07569491788899665,False
11,feature_559,True,0.017388969426018967,0.017388969426018967,False
11,feature_560,True,-0.034959093271436016,0.034959093271436016,False
11,feature_561,True,0.2154542725846036,0.2154542725846036,False
11,feature_562,True,-0.3404341159155649,0.3404341159155649,False
11,feature_563,True,-0.6396085162251585,0.6396085162251585,False
11,feature_564,True,0.5009817963106625,0.5009817963106625,False
11,feature_565,True,0.15945039375309825,0.15945039375309825,False
11,feature_566,True,-0.9484407294126405,0.9484407294126405,True
11,feature_567,True,0.35279583252399144,0.35279583252399144,False
11,feature_568,True,0.44182851688417807,0.44182851688417807,False
11,feature_569,True,-0.1656949825219076,0.1656949825219076,False
11,feature_570,True,-0.24485430155621038,0.24485430155621038,False
11,feature_571,True,0.06855060466143456,0.06855060466143456,False
11,feature_572,True,0.07609761843476817,0.07609761843476817,False
11,feature_573,True,-0.10976295803965537,0.10976295803965537,False
11,feature_574,True,-0.4216788275921698,0.4216788275921698,False
11,feature_575,True,-0.05705662141752559,0.05705662141752559,False
11,feature_576,True,0.3219953396245264,0.3219953396245264,False
11,feature_577,True,-0.30474842355334714,0.30474842355334714,False
11,feature_578,True,-0.6465887716571472,0.6465887716571472,False
11,feature_579,True,0.23387269973936375,0.23387269973936375,False
11,feature_580,True,0.03893191885198129,0.03893191885198129,False
11,feature_581,True,-0.6855083183355405,0.6855083183355405,False
11,feature_582,True,-0.17131600284489235,0.17131600284489235,False
11,feature_583,True,0.03411680970730358,0.03411680970730358,False
11,feature_584,True,0.20389869934794508,0.20389869934794508,False
11,feature_585,True,-0.006210998998439743,0.006210998998439743,False
11,feature_586,True,0.5025336825533232,0.5025336825533232,False
11,feature_587,True,0.013299199115188065,0.013299199115188065,False
11,feature_588,True,0.43925951131359675,0.43925951131359675,False
11,feature_589,True,0.050218904841522576,0.050218904841522576,False
12,feature_000,True,-0.5665169087207049,0.5665169087207049,False
12,feature_001,True,-0.1760176427246559,0.1760176427246559,False
12,feature_002,True,-0.2758890841144089,0.2758890841144089,False
12,feature_003,True,-0.1312672549253541,0.1312672549253541,False
12,feature_004,True,0.2544317579489361,0.2544317579489361,False
12,feature_005,False,,,False
12,feature_006,True,-0.09151339938938748,0.09151339938938748,False
12,feature_007,True,0.24923459409606913,0.24923459409606913,False
12,feature_008,True,-0.06773464571647322,0.06773464571647322,False
12,feature_009,True,-0.08043900861308544,0.08043900861308544,False
12,feature_010,True,-0.26545323058647047,0.26545323058647047,False
12,feature_011,True,-0.4087679544614272,0.4087679544614272,False
12,feature_012,True,0.2690459084974463,0.2690459084974463,False
12,feature_013,False,,,False
12,feature_014,True,-0.6781474132570579,0.6781474132570579,False
12,feature_015,True,0.09491243959737117,0.09491243959737117,False
12,feature_016,True,0.5208727262289006,0.5208727262289006,False
12,feature_017,True,0.3001922507019256,0.3001922507019256,False
12,feature_018,True,-0.22828051172069935,0.22828051172069935,False
12,feature_019,True,0.09314457046862122,0.09314457046862122,False
12,feature_020,True,0.5281634712826189,0.5281634712826189,False
12,feature_021,True,0.7316830897415271,0.7316830897415271,True
12,feature_022,True,-1.1964426881576051,1.1964426881576051,True
12,feature_023,True,0.012299522640302638,0.012299522640302638,False
12,feature_024,True,-0.09663497665894324,0.09663497665894324,False
12,feature_025,True,1.009845540764835,1.009845540764835,True
12,feature_026,True,0.24163239719147475,0.24163239719147475,False
12,feature_027,True,0.19466451297093132,0.19466451297093132,False
12,feature_028,True,-0.18752442567711702,0.18752442567711702,False
12,feature_029,True,0.22771655707966146,0.22771655707966146,False
12,feature_030,True,-0.5642427601033683,0.5642427601033683,False
12,feature_031,True,0.2167635220992526,0.2167635220992526,False
12,feature_032,True,0.5003331255213735,0.5003331255213735,False
12,feature_033,True,-0.09980016146167152,0.09980016146167152,False
12,feature_034,True,-0.3168676999109498,0.3168676999109498,False
12,feature_035,True,-0.15733211620163814,0.15733211620163814,False
12,feature_036,True,0.3170035880967737,0.3170035880967737,False
12,feature_037,True,-0.0487469950684741,0.0487469950684741,False
12,feature_038,True,-0.18648843316047298,0.18648843316047298,False
12,feature_039,True,-0.1350284538142407,0.1350284538142407,False
12,feature_040,True,-0.6672848582281375,0.6672848582281375,False
12,feature_041,True,-0.7782045456040732,0.7782045456040732,True
12,feature_042,False,,,False
12,feature_043,True,-0.04280420760654009,0.04280420760654009,False
12,feature_044,True,-0.1900692043374093,0.1900692043374093,False
12,feature_045,True,0.3219470757588041,0.3219470757588041,False
12,feature_046,True,0.28902707213947854,0.28902707213947854,False
12,feature_047,True,0.1992487889636868,0.1992487889636868,False
12,feature_048,True,-0.611933655516446,0.611933655516446,False
12,feature_049,False,,,False
12,feature_050,True,-0.0615233272426127,0.0615233272426127,False
12,feature_051,True,0.20227403679937556,0.20227403679937556,False
12,feature_052,False,,,False
12,feature_053,True,-0.3151317518964445,0.3151317518964445,False
12,feature_054,True,-0.25821829878643554,0.25821829878643554,False
12,feature_055,True,0.25915204216914556,0.25915204216914556,False
12,feature_056,True,0.8275760742030304,0.8275760742030304,True
12,feature_057,True,-0.07514486608178571,0.07514486608178571,False
12,feature_058,True,0.1196608294610392,0.1196608294610392,False
12,feature_059,True,1.0264656589170853,1.0264656589170853,True
12,feature_060,True,-0.021599421027465277,0.021599421027465277,False
12,feature_061,True,0.5570113520142652,0.5570113520142652,False
12,feature_062,True,-0.20040681009035563,0.20040681009035563,False
12,feature_063,True,0.3711871433474488,0.3711871433474488,False
12,feature_064,True,0.47476785511801295,0.47476785511801295,False
12,feature_065,True,0.0034542550932166595,0.0034542550932166595,False
12,feature_066,True,0.06296639632488378,0.06296639632488378,False
12,feature_067,True,-0.5775113868953574,0.5775113868953574,False
12,feature_068,True,-0.5300549448076087,0.5300549448076087,False
12,feature_069,False,,,False
12,feature_070,True,-0.44100480613069604,0.44100480613069604,False
12,feature_071,True,0.45646767855192755,0.45646767855192755,False
12,feature_072,True,0.7111482700581899,0.7111482700581899,True
12,feature_073,True,0.0027707329900471312,0.0027707329900471312,False
12,feature_074,True,-0.032530385703424376,0.032530385703424376,False
12,feature_075,True,0.8145936943682024,0.8145936943682024,True
12,feature_076,True,-0.34224893614696583,0.34224893614696583,False
12,feature_077,True,0.166441739565822,0.166441739565822,False
12,feature_078,True,-0.6668989430652066,0.6668989430652066,False
12,feature_079,True,-0.038807222999066755,0.038807222999066755,False
12,feature_080,True,-0.04825554573817504,0.04825554573817504,False
12,feature_081,True,0.33244880676372673,0.33244880676372673,False
12,feature_082,True,0.2977265870350685,0.2977265870350685,False
12,feature_083,True,-0.030241871004489853,0.030241871004489853,False
12,feature_084,True,-0.04320609249871608,0.04320609249871608,False
12,feature_085,True,-0.23487028711166713,0.23487028711166713,False
12,feature_086,True,0.21404087396156693,0.21404087396156693,False
12,feature_087,True,-0.14456008691256428,0.14456008691256428,False
12,feature_088,True,-0.20039340025762453,0.20039340025762453,False
12,feature_089,True,0.5301495165161724,0.5301495165161724,False
12,feature_090,True,-0.3375351373023578,0.3375351373023578,False
12,feature_091,True,0.1375590049505949,0.1375590049505949,False
12,feature_092,True,0.10545202628988219,0.10545202628988219,False
12,feature_093,True,-0.28812115520210363,0.28812115520210363,False
12,feature_094,True,-0.312330582872662,0.312330582872662,False
12,feature_095,True,0.18729861305650133,0.18729861305650133,False
12,feature_096,True,-0.1434781363195306,0.1434781363195306,False
12,feature_097,False,,,False
12,feature_098,True,-0.24682860705212148,0.24682860705212148,False
12,feature_099,True,0.14104141607033263,0.14104141607033263,False
12,feature_100,True,0.0921972389356429,0.0921972389356429,False
12,feature_101,True,-0.14941701405560387,0.14941701405560387,False
12,feature_102,True,-0.1470734074204692,0.1470734074204692,False
12,feature_103,True,0.3897414891461938,0.3897414891461938,False
12,feature_104,True,-0.6420695740340785,0.6420695740340785,False
12,feature_105,True,0.26026368324716315,0.26026368324716315,False
12,feature_106,True,-0.09982409187964161,0.09982409187964161,False
12,feature_107,True,0.5672923201332001,0.5672923201332001,False
12,feature_108,True,-0.3795249927938317,0.3795249927938317,False
12,feature_109,True,-0.10452674623418562,0.10452674623418562,False
12,feature_110,True,0.21359836782181357,0.21359836782181357,False
12,feature_111,True,-0.5325220518623753,0.5325220518623753,False
12,feature_112,True,0.04224180995373574,0.04224180995373574,False
12,feature_113,True,0.7642439016891647,0.7642439016891647,True
12,feature_114,True,-0.10587413007462594,0.10587413007462594,False
12,feature_115,True,-0.37599871930958406,0.37599871930958406,False
12,feature_116,True,-0.19355762034169108,0.19355762034169108,False
12,feature_117,True,-0.579007085395139,0.579007085395139,False
12,feature_118,True,-0.09648925289352892,0.09648925289352892,False
12,feature_119,True,-0.3924751260864257,0.3924751260864257,False
12,feature_120,True,0.115664710916862,0.115664710916862,False
12,feature_121,True,0.29642121399150756,0.29642121399150756,False
12,feature_122,True,-0.3453237045078175,0.3453237045078175,False
12,feature_123,True,0.10256598670975393,0.10256598670975393,False
12,feature_124,True,-0.6710163604719089,0.6710163604719089,False
12,feature_125,True,0.02376611871197641,0.02376611871197641,False
12,feature_126,True,0.07984820512816894,0.07984820512816894,False
12,feature_127,True,-0.36683472036247855,0.36683472036247855,False
12,feature_128,True,-0.09768485229299939,0.09768485229299939,False
12,feature_129,True,0.7856150545573726,0.7856150545573726,True
12,feature_130,True,0.06918642910798498,0.06918642910798498,False
12,feature_131,True,0.5014059327959608,0.5014059327959608,False
12,feature_132,True,-1.0194087543658334,1.0194087543658334,True
12,feature_133,True,0.2953128827664814,0.2953128827664814,False
12,feature_134,True,-0.041975049148843466,0.041975049148843466,False
12,feature_135,True,0.0036486361833764683,0.0036486361833764683,False
12,feature_136,True,-0.11727473119566342,0.11727473119566342,False
12,feature_137,True,0.12758777097688284,0.12758777097688284,False
12,feature_138,True,0.3531885215533519,0.3531885215533519,False
12,feature_139,True,0.11757334906948293,0.11757334906948293,False
12,feature_140,True,0.26089403963349406,0.26089403963349406,False
12,feature_141,False,,,False
12,feature_142,True,-0.6910189067420613,0.6910189067420613,False
12,feature_143,True,-0.22171227000270124,0.22171227000270124,False
12,feature_144,True,0.0465726231070589,0.0465726231070589,False
12,feature_145,True,-0.42058193555454526,0.42058193555454526,False
12,feature_146,True,-0.9164304978196973,0.9164304978196973,True
12,feature_147,True,0.08204585056419327,0.08204585056419327,False
12,feature_148,True,-0.32855197011558157,0.32855197011558157,False
12,feature_149,False,,,False
12,feature_150,True,0.6800688977309844,0.6800688977309844,False
12,feature_151,True,-0.2551500411389161,0.2551500411389161,False
12,feature_152,True,-0.2233113588763843,0.2233113588763843,False
12,feature_153,True,-0.1202690296151925,0.1202690296151925,False
12,feature_154,True,0.18812387658832444,0.18812387658832444,False
12,feature_155,True,-0.04757045170706056,0.04757045170706056,False
12,feature_156,True,0.021888261342153756,0.021888261342153756,False
12,feature_157,True,-0.6572619084671634,0.6572619084671634,False
12,feature_158,True,0.3390774538533326,0.3390774538533326,False
12,feature_159,True,0.03618334484634652,0.03618334484634652,False
12,feature_160,True,0.387695843672879,0.387695843672879,False
12,feature_161,True,-0.2170396853730566,0.2170396853730566,False
12,feature_162,True,-0.4632684670898773,0.4632684670898773,False
12,feature_163,True,-0.3554081322084442,0.3554081322084442,False
12,feature_164,True,-0.6878417353092079,0.6878417353092079,False
12,feature_165,True,-0.16274856886113256,0.16274856886113256,False
12,feature_166,True,-0.14100694319646384,0.14100694319646384,False
12,feature_167,True,-0.16432640211769917,0.16432640211769917,False
12,feature_168,True,0.5056915055803709,0.5056915055803709,False
12,feature_169,True,-0.2487103829863232,0.2487103829863232,False
12,feature_170,True,0.22129440818142712,0.22129440818142712,False
12,feature_171,True,-0.12842984293778006,0.12842984293778006,False
12,feature_172,True,0.2789886866264958,0.2789886866264958,False
12,feature_173,True,-0.12649372873579484,0.12649372873579484,False
12,feature_174,True,0.2814694878739155,0.2814694878739155,False
12,feature_175,True,-0.1809430677267729,0.1809430677267729,False
12,feature_176,True,0.0104736226787919,0.0104736226787919,False
12,feature_177,True,-0.2689589306868524,0.2689589306868524,False
12,feature_178,False,,,False
12,feature_179,False,,,False
12,feature_180,True,0.1583935417886197,0.1583935417886197,False
12,feature_181,True,0.0006551361057525355,0.0006551361057525355,False
12,feature_182,True,-0.13507248125081467,0.13507248125081467,False
12,feature_183,True,0.43040492567345395,0.43040492567345395,False
12,feature_184,True,0.10883163874088975,0.10883163874088975,False
12,feature_185,True,0.20173200601011143,0.20173200601011143,False
12,feature_186,False,,,False
12,feature_187,True,-0.009041881743677555,0.009041881743677555,False
12,feature_188,True,0.5926224095808187,0.5926224095808187,False
12,feature_189,False,,,False
12,feature_190,False,,,False
12,feature_191,False,,,False
12,feature_192,False,,,False
12,feature_193,False,,,False
12,feature_194,False,,,False
12,feature_195,True,0.3375306510519996,0.3375306510519996,False
12,feature_196,True,-0.27412701428642505,0.27412701428642505,False
12,feature_197,True,0.3869708371749049,0.3869708371749049,False
12,feature_198,True,-0.25827821536154555,0.25827821536154555,False
12,feature_199,True,0.06505206078465665,0.06505206078465665,False
12,feature_200,True,-0.09246709570113841,0.09246709570113841,False
12,feature_201,True,0.37201034775706865,0.37201034775706865,False
12,feature_202,True,-0.10946867594922005,0.10946867594922005,False
12,feature_203,True,0.07588521055463157,0.07588521055463157,False
12,feature_204,True,-0.5046641828381146,0.5046641828381146,False
12,feature_205,True,0.9165060450565983,0.9165060450565983,True
12,feature_206,True,-0.03253038570342467,0.03253038570342467,False
12,feature_207,True,-0.13130423829243004,0.13130423829243004,False
12,feature_208,True,0.1328998056755187,0.1328998056755187,False
12,feature_209,True,-0.03253038570342449,0.03253038570342449,False
12,feature_210,True,-0.4184014637391328,0.4184014637391328,False
12,feature_211,True,0.18429238131586287,0.18429238131586287,False
12,feature_212,True,-0.1033941807095136,0.1033941807095136,False
12,feature_213,True,0.23392214626223057,0.23392214626223057,False
12,feature_214,True,-0.5882703938805757,0.5882703938805757,False
12,feature_215,True,-0.6084993663072898,0.6084993663072898,False
12,feature_216,True,0.9776701305132802,0.9776701305132802,True
12,feature_217,True,-0.21453830009971908,0.21453830009971908,False
12,feature_218,True,-0.20901695671254805,0.20901695671254805,False
12,feature_219,True,-0.17849934912687723,0.17849934912687723,False
12,feature_220,True,-0.050039691958732146,0.050039691958732146,False
12,feature_221,True,-0.3419217714824179,0.3419217714824179,False
12,feature_222,True,-0.05214487426218988,0.05214487426218988,False
12,feature_223,True,-0.14455596121869113,0.14455596121869113,False
12,feature_224,True,-0.39621284488866726,0.39621284488866726,False
12,feature_225,True,-0.09430945556544337,0.09430945556544337,False
12,feature_226,False,,,False
12,feature_227,True,-0.0836544867282991,0.0836544867282991,False
12,feature_228,True,0.24470948366090584,0.24470948366090584,False
12,feature_229,False,,,False
12,feature_230,False,,,False
12,feature_231,False,,,False
12,feature_232,False,,,False
12,feature_233,False,,,False
12,feature_234,False,,,False
12,feature_235,False,,,False
12,feature_236,False,,,False
12,feature_237,False,,,False
12,feature_238,True,0.6997642317888825,0.6997642317888825,False
12,feature_239,True,0.264830188464038,0.264830188464038,False
12,feature_240,False,,,False
12,feature_241,False,,,False
12,feature_242,False,,,False
12,feature_243,False,,,False
12,feature_244,True,-0.21354170502779338,0.21354170502779338,False
12,feature_245,True,-0.21083787258098297,0.21083787258098297,False
12,feature_246,True,0.3708666026990545,0.3708666026990545,False
12,feature_247,True,0.24469205207143027,0.24469205207143027,False
12,feature_248,True,-0.4433011170656665,0.4433011170656665,False
12,feature_249,True,0.7238831957176415,0.7238831957176415,True
12,feature_250,True,0.20793334294793875,0.20793334294793875,False
12,feature_251,True,-0.1643537325226922,0.1643537325226922,False
12,feature_252,True,0.13389289961854264,0.13389289961854264,False
12,feature_253,True,-0.09755913878361036,0.09755913878361036,False
12,feature_254,True,0.11859041385005191,0.11859041385005191,False
12,feature_255,True,0.07014083327221493,0.07014083327221493,False
12,feature_256,False,,,False
12,feature_257,False,,,False
12,feature_258,False,,,False
12,feature_259,False,,,False
12,feature_260,False,,,False
12,feature_261,False,,,False
12,feature_262,False,,,False
12,feature_263,False,,,False
12,feature_264,False,,,False
12,feature_265,False,,,False
12,feature_266,False,,,False
12,feature_267,True,0.1043157874066948,0.1043157874066948,False
12,feature_268,True,0.04644396780348758,0.04644396780348758,False
12,feature_269,True,0.059056034392630075,0.059056034392630075,False
12,feature_270,True,-0.2537321724656948,0.2537321724656948,False
12,feature_271,True,0.12382762919454285,0.12382762919454285,False
12,feature_272,True,-0.46880507252920006,0.46880507252920006,False
12,feature_273,True,-0.16292724547295478,0.16292724547295478,False
12,feature_274,True,0.2212619388532456,0.2212619388532456,False
12,feature_275,True,0.26143014819612903,0.26143014819612903,False
12,feature_276,False,,,False
12,feature_277,True,0.6953438128407676,0.6953438128407676,False
12,feature_278,True,-0.054001561937192556,0.054001561937192556,False
12,feature_279,True,0.12680321324244326,0.12680321324244326,False
12,feature_280,True,-0.4569685045833529,0.4569685045833529,False
12,feature_281,True,0.05660749474517708,0.05660749474517708,False
12,feature_282,True,0.2209883350668232,0.2209883350668232,False
12,feature_283,True,-0.4440453100741896,0.4440453100741896,False
12,feature_284,False,,,False
12,feature_285,True,-0.10323018143809663,0.10323018143809663,False
12,feature_286,True,-0.08559463988185298,0.08559463988185298,False
12,feature_287,True,-0.23891736749757755,0.23891736749757755,False
12,feature_288,True,0.1307902598859442,0.1307902598859442,False
12,feature_289,True,-0.19599898790215667,0.19599898790215667,False
12,feature_290,True,0.0475217499815051,0.0475217499815051,False
12,feature_291,True,0.26939490703278396,0.26939490703278396,False
12,feature_292,True,-0.011928483971409715,0.011928483971409715,False
12,feature_293,True,0.13811653364263968,0.13811653364263968,False
12,feature_294,True,0.12429675730180009,0.12429675730180009,False
12,feature_295,True,0.5841474699364024,0.5841474699364024,False
12,feature_296,True,-0.06410363776048576,0.06410363776048576,False
12,feature_297,True,0.034635989454326846,0.034635989454326846,False
12,feature_298,True,-0.18373944183512997,0.18373944183512997,False
12,feature_299,True,-0.4266879364446192,0.4266879364446192,False
12,feature_300,True,-0.061517988714905006,0.061517988714905006,False
12,feature_301,True,0.7040501915671323,0.7040501915671323,True
12,feature_302,True,0.6424245739604014,0.6424245739604014,False
12,feature_303,True,0.18592952478964264,0.18592952478964264,False
12,feature_304,True,-0.34901239764779307,0.34901239764779307,False
12,feature_305,True,-0.8327708008374151,0.8327708008374151,True
12,feature_306,True,0.20899797682733043,0.20899797682733043,False
12,feature_307,True,0.15669427177749057,0.15669427177749057,False
12,feature_308,True,-0.19496711921430054,0.19496711921430054,False
12,feature_309,True,0.15410328043738747,0.15410328043738747,False
12,feature_310,True,0.5294130446748884,0.5294130446748884,False
12,feature_311,True,-0.0747980594216534,0.0747980594216534,False
12,feature_312,True,-0.12794066220315872,0.12794066220315872,False
12,feature_313,False,,,False
12,feature_314,False,,,False
12,feature_315,False,,,False
12,feature_316,True,-0.346484955501413,0.346484955501413,False
12,feature_317,True,-0.3695246887038286,0.3695246887038286,False
12,feature_318,True,0.17522320727380927,0.17522320727380927,False
12,feature_319,True,0.2641311899773676,0.2641311899773676,False
12,feature_320,True,-0.1639633424807205,0.1639633424807205,False
12,feature_321,True,-0.1975102868136179,0.1975102868136179,False
12,feature_322,False,,,False
12,feature_323,True,0.15829024773378142,0.15829024773378142,False
12,feature_324,True,-0.29782822471282105,0.29782822471282105,False
12,feature_325,False,,,False
12,feature_326,False,,,False
12,feature_327,False,,,False
12,feature_328,False,,,False
12,feature_329,False,,,False
12,feature_330,False,,,False
12,feature_331,True,-0.1439354986472905,0.1439354986472905,False
12,feature_332,True,-0.667935615209925,0.667935615209925,False
12,feature_333,True,0.4907897795442373,0.4907897795442373,False
12,feature_334,True,-0.21631680989155144,0.21631680989155144,False
12,feature_335,True,-0.279927125127759,0.279927125127759,False
12,feature_336,True,-0.11815354350362205,0.11815354350362205,False
12,feature_337,True,0.3619163804260662,0.3619163804260662,False
12,feature_338,True,-0.2410150141151447,0.2410150141151447,False
12,feature_339,True,-0.19370669055195663,0.19370669055195663,False
12,feature_340,True,-0.5436192371887414,0.5436192371887414,False
12,feature_341,True,0.45930736530643423,0.45930736530643423,False
12,feature_342,True,-0.03253038570342436,0.03253038570342436,False
12,feature_343,True,-0.024993978554678033,0.024993978554678033,False
12,feature_344,True,-0.34594032793297663,0.34594032793297663,False
12,feature_345,True,0.1960165593873575,0.1960165593873575,False
12,feature_346,True,0.10457055892707308,0.10457055892707308,False
12,feature_347,True,-0.03253038570342467,0.03253038570342467,False
12,feature_348,True,0.40919081789379774,0.40919081789379774,False
12,feature_349,True,0.38291413056899365,0.38291413056899365,False
12,feature_350,True,0.0014579395927657272,0.0014579395927657272,False
12,feature_351,True,0.0038172395103448476,0.0038172395103448476,False
12,feature_352,True,0.12513384857107335,0.12513384857107335,False
12,feature_353,True,0.13382990802767716,0.13382990802767716,False
12,feature_354,True,-0.653638426645066,0.653638426645066,False
12,feature_355,True,0.5071412831950817,0.5071412831950817,False
12,feature_356,True,0.01807771907598349,0.01807771907598349,False
12,feature_357,True,0.014556500905540089,0.014556500905540089,False
12,feature_358,True,-0.09391939928610897,0.09391939928610897,False
12,feature_359,True,0.07860151588647277,0.07860151588647277,False
12,feature_360,True,0.12729193017425725,0.12729193017425725,False
12,feature_361,True,0.14298749678895264,0.14298749678895264,False
12,feature_362,True,-0.2506265869206749,0.2506265869206749,False
12,feature_363,True,-0.7815220327185335,0.7815220327185335,True
12,feature_364,False,,,False
12,feature_365,True,0.6212325989035838,0.6212325989035838,False
12,feature_366,True,-0.6284605340519603,0.6284605340519603,False
12,feature_367,True,-0.20561988509763204,0.20561988509763204,False
12,feature_368,True,-0.15973956744610981,0.15973956744610981,False
12,feature_369,False,,,False
12,feature_370,False,,,False
12,feature_371,False,,,False
12,feature_372,False,,,False
12,feature_373,False,,,False
12,feature_374,False,,,False
12,feature_375,False,,,False
12,feature_376,True,-0.3387531737594966,0.3387531737594966,False
12,feature_377,True,-0.3671419582689677,0.3671419582689677,False
12,feature_378,False,,,False
12,feature_379,False,,,False
12,feature_380,False,,,False
12,feature_381,False,,,False
12,feature_382,True,0.07757022338560844,0.07757022338560844,False
12,feature_383,True,0.28502607386463363,0.28502607386463363,False
12,feature_384,True,-0.5821244123839331,0.5821244123839331,False
12,feature_385,True,-0.35889693606862927,0.35889693606862927,False
12,feature_386,True,-0.615998871526766,0.615998871526766,False
12,feature_387,True,0.6544480331651502,0.6544480331651502,False
12,feature_388,True,0.37628264626714775,0.37628264626714775,False
12,feature_389,True,-0.11586895840455712,0.11586895840455712,False
12,feature_390,True,0.1033069007124793,0.1033069007124793,False
12,feature_391,True,0.060603366510754805,0.060603366510754805,False
12,feature_392,True,-0.06447721535460557,0.06447721535460557,False
12,feature_393,True,-0.20246638889944743,0.20246638889944743,False
12,feature_394,False,,,False
12,feature_395,False,,,False
12,feature_396,False,,,False
12,feature_397,False,,,False
12,feature_398,False,,,False
12,feature_399,False,,,False
12,feature_400,False,,,False
12,feature_401,False,,,False
12,feature_402,False,,,False
12,feature_403,False,,,False
12,feature_404,False,,,False
12,feature_405,True,-0.41451801933406746,0.41451801933406746,False
12,feature_406,True,-0.24725099497874486,0.24725099497874486,False
12,feature_407,True,-0.0661303006551936,0.0661303006551936,False
12,feature_408,True,0.056152480010440715,0.056152480010440715,False
12,feature_409,True,-0.11997392475101284,0.11997392475101284,False
12,feature_410,True,0.15982677192528733,0.15982677192528733,False
12,feature_411,True,0.2564320866054576,0.2564320866054576,False
12,feature_412,True,0.010476950127455307,0.010476950127455307,False
12,feature_413,True,-0.7928339203351994,0.7928339203351994,True
12,feature_414,False,,,False
12,feature_415,True,-0.6904927783968633,0.6904927783968633,False
12,feature_416,True,-0.22769443868360362,0.22769443868360362,False
12,feature_417,True,-0.15327361397738376,0.15327361397738376,False
12,feature_418,True,-0.06657118432188962,0.06657118432188962,False
12,feature_419,True,-0.007465989724564063,0.007465989724564063,False
12,feature_420,True,0.02990698579891268,0.02990698579891268,False
12,feature_421,True,-0.33324511703753373,0.33324511703753373,False
12,feature_422,False,,,False
12,feature_423,True,-0.040061686432815394,0.040061686432815394,False
12,feature_424,True,-0.1544858283527101,0.1544858283527101,False
12,feature_425,True,0.558846145247471,0.558846145247471,False
12,feature_426,True,-0.17208086029514258,0.17208086029514258,False
12,feature_427,True,0.13697551023606117,0.13697551023606117,False
12,feature_428,True,-0.07530401468416428,0.07530401468416428,False
12,feature_429,True,0.02263808844769211,0.02263808844769211,False
12,feature_430,True,0.2225176587413995,0.2225176587413995,False
12,feature_431,True,0.5288653801049907,0.5288653801049907,False
12,feature_432,True,-0.0045302052114916,0.0045302052114916,False
12,feature_433,True,-0.28411250275019645,0.28411250275019645,False
12,feature_434,True,-0.023585327669761895,0.023585327669761895,False
12,feature_435,True,-0.07433972983167995,0.07433972983167995,False
12,feature_436,True,0.026139836175278753,0.026139836175278753,False
12,feature_437,True,-0.09079090959126064,0.09079090959126064,False
12,feature_438,True,-0.6304144354629782,0.6304144354629782,False
12,feature_439,True,-0.5094088413231661,0.5094088413231661,False
12,feature_440,True,-0.1673078729755559,0.1673078729755559,False
12,feature_441,True,0.14833786070005392,0.14833786070005392,False
12,feature_442,True,-0.018746542411025916,0.018746542411025916,False
12,feature_443,True,0.2716585591589328,0.2716585591589328,False
12,feature_444,True,-0.10528685911299475,0.10528685911299475,False
12,feature_445,True,0.26274521298025866,0.26274521298025866,False
12,feature_446,True,-0.179817792257275,0.179817792257275,False
12,feature_447,True,0.017933065682714702,0.017933065682714702,False
12,feature_448,True,-0.28602200311790754,0.28602200311790754,False
12,feature_449,False,,,False
12,feature_450,False,,,False
12,feature_451,False,,,False
12,feature_452,True,0.1636362409846366,0.1636362409846366,False
12,feature_453,True,0.062251466882751114,0.062251466882751114,False
12,feature_454,True,-0.26865091735513724,0.26865091735513724,False
12,feature_455,True,0.48048035179232135,0.48048035179232135,False
12,feature_456,True,0.06814970081423143,0.06814970081423143,False
12,feature_457,True,0.36632463247900804,0.36632463247900804,False
12,feature_458,False,,,False
12,feature_459,True,0.024357893328477837,0.024357893328477837,False
12,feature_460,True,0.3909145802613708,0.3909145802613708,False
12,feature_461,False,,,False
12,feature_462,False,,,False
12,feature_463,False,,,False
12,feature_464,False,,,False
12,feature_465,False,,,False
12,feature_466,False,,,False
12,feature_467,True,0.3466569666801023,0.3466569666801023,False
12,feature_468,True,-0.41707025958541005,0.41707025958541005,False
12,feature_469,True,0.2759512570355379,0.2759512570355379,False
12,feature_470,True,-0.25717561190567967,0.25717561190567967,False
12,feature_471,True,0.2898021655575625,0.2898021655575625,False
12,feature_472,True,-0.10962863497121657,0.10962863497121657,False
12,feature_473,True,0.4861010657111339,0.4861010657111339,False
12,feature_474,True,0.2578922482116181,0.2578922482116181,False
12,feature_475,True,0.12034997088944138,0.12034997088944138,False
12,feature_476,True,-0.22800038331133302,0.22800038331133302,False
12,feature_477,True,0.7339718769418919,0.7339718769418919,True
12,feature_478,True,-0.03253038570342467,0.03253038570342467,False
12,feature_479,True,-0.08363679575708599,0.08363679575708599,False
12,feature_480,True,-0.2728872387407944,0.2728872387407944,False
12,feature_481,False,,,False
12,feature_482,True,0.1523184662632256,0.1523184662632256,False
12,feature_483,True,0.27245541665806794,0.27245541665806794,False
12,feature_484,True,-0.35325031791849787,0.35325031791849787,False
12,feature_485,True,-0.6487304034026022,0.6487304034026022,False
12,feature_486,True,0.17168809104638283,0.17168809104638283,False
12,feature_487,True,0.24598396553277643,0.24598396553277643,False
12,feature_488,True,-0.6124072915147325,0.6124072915147325,False
12,feature_489,True,-0.17220870935509444,0.17220870935509444,False
12,feature_490,True,-0.23399611507283016,0.23399611507283016,False
12,feature_491,True,0.14210092546098724,0.14210092546098724,False
12,feature_492,True,-0.08642605625684163,0.08642605625684163,False
12,feature_493,True,-0.42089856022724387,0.42089856022724387,False
12,feature_494,True,-0.025977180442662,0.025977180442662,False
12,feature_495,True,-0.20384493647365234,0.20384493647365234,False
12,feature_496,True,0.09960478946383836,0.09960478946383836,False
12,feature_497,True,-0.27477310303785063,0.27477310303785063,False
12,feature_498,False,,,False
12,feature_499,True,-0.6764929342128754,0.6764929342128754,False
12,feature_500,True,0.575494858359969,0.575494858359969,False
12,feature_501,False,,,False
12,feature_502,False,,,False
12,feature_503,False,,,False
12,feature_504,False,,,False
12,feature_505,False,,,False
12,feature_506,False,,,False
12,feature_507,False,,,False
12,feature_508,False,,,False
12,feature_509,False,,,False
12,feature_510,True,0.09191329999766823,0.09191329999766823,False
12,feature_511,True,0.48169921107960706,0.48169921107960706,False
12,feature_512,False,,,False
12,feature_513,False,,,False
12,feature_514,False,,,False
12,feature_515,False,,,False
12,feature_516,True,-0.2749122890506336,0.2749122890506336,False
12,feature_517,True,-0.24136517170650942,0.24136517170650942,False
12,feature_518,True,0.4109495463375425,0.4109495463375425,False
12,feature_519,True,0.1853505493263716,0.1853505493263716,False
12,feature_520,True,-0.3991231866375841,0.3991231866375841,False
12,feature_521,True,-0.31897317667662856,0.31897317667662856,False
12,feature_522,True,0.26899184897373046,0.26899184897373046,False
12,feature_523,True,-0.13517313302876896,0.13517313302876896,False
12,feature_524,True,0.2864253114150491,0.2864253114150491,False
12,feature_525,True,-0.11841568430488116,0.11841568430488116,False
12,feature_526,True,0.12700041736391554,0.12700041736391554,False
12,feature_527,True,0.053203528873807644,0.053203528873807644,False
12,feature_528,False,,,False
12,feature_529,False,,,False
12,feature_530,False,,,False
12,feature_531,False,,,False
12,feature_532,False,,,False
12,feature_533,False,,,False
12,feature_534,False,,,False
12,feature_535,False,,,False
12,feature_536,False,,,False
12,feature_537,False,,,False
12,feature_538,False,,,False
12,feature_539,True,0.0995225793463752,0.0995225793463752,False
12,feature_540,True,0.07108328074216898,0.07108328074216898,False
12,feature_541,True,0.07817001552982974,0.07817001552982974,False
12,feature_542,True,0.25182034030895956,0.25182034030895956,False
12,feature_543,True,-0.08893744109254985,0.08893744109254985,False
12,feature_544,True,-0.2719940978294347,0.2719940978294347,False
12,feature_545,True,-0.04375257766438207,0.04375257766438207,False
12,feature_546,True,-0.11680218925559037,0.11680218925559037,False
12,feature_547,True,0.28025907076795264,0.28025907076795264,False
12,feature_548,True,-0.26166719099119257,0.26166719099119257,False
12,feature_549,True,-0.32052674345595583,0.32052674345595583,False
12,feature_550,True,-0.019470884708136373,0.019470884708136373,False
12,feature_551,True,0.3458945080716647,0.3458945080716647,False
12,feature_552,True,0.24890345763997646,0.24890345763997646,False
12,feature_553,True,0.04183607525113587,0.04183607525113587,False
12,feature_554,True,-0.03373830850483639,0.03373830850483639,False
12,feature_555,True,-0.4499373973658117,0.4499373973658117,False
12,feature_556,True,-0.04489397857505687,0.04489397857505687,False
12,feature_557,True,0.3673466391114997,0.3673466391114997,False
12,feature_558,True,0.08829885734773485,0.08829885734773485,False
12,feature_559,True,0.18430690788499687,0.18430690788499687,False
12,feature_560,True,-0.3584892937157797,0.3584892937157797,False
12,feature_561,True,0.29268257189929586,0.29268257189929586,False
12,feature_562,True,-0.5437520107891163,0.5437520107891163,False
12,feature_563,True,-0.6404152613051697,0.6404152613051697,False
12,feature_564,True,0.2625431027025781,0.2625431027025781,False
12,feature_565,True,0.33413311497725123,0.33413311497725123,False
12,feature_566,True,-0.3954529500795166,0.3954529500795166,False
12,feature_567,True,0.2828154852498618,0.2828154852498618,False
12,feature_568,True,0.1964496047858885,0.1964496047858885,False
12,feature_569,True,-0.028300825787351866,0.028300825787351866,False
12,feature_570,True,0.023348097918914908,0.023348097918914908,False
12,feature_571,True,-0.21283051181911025,0.21283051181911025,False
12,feature_572,True,0.2282522273757718,0.2282522273757718,False
12,feature_573,True,-0.24815624006928447,0.24815624006928447,False
12,feature_574,True,-0.3381976331185746,0.3381976331185746,False
12,feature_575,True,0.26200155787878493,0.26200155787878493,False
12,feature_576,True,0.4698006726044534,0.4698006726044534,False
12,feature_577,True,-0.5096232390296208,0.5096232390296208,False
12,feature_578,True,-0.47259697189941596,0.47259697189941596,False
12,feature_579,True,0.08386035498812884,0.08386035498812884,False
12,feature_580,True,0.20305230101507088,0.20305230101507088,False
12,feature_581,True,-0.2718695531317843,0.2718695531317843,False
12,feature_582,True,0.3340250591441941,0.3340250591441941,False
12,feature_583,True,0.16357759421250417,0.16357759421250417,False
12,feature_584,True,0.1946022514742316,0.1946022514742316,False
12,feature_585,True,0.10496220051348414,0.10496220051348414,False
12,feature_586,True,-0.04907738213612894,0.04907738213612894,False
12,feature_587,True,0.3797305354493865,0.3797305354493865,False
12,feature_588,True,0.0759784775492816,0.0759784775492816,False
12,feature_589,True,0.01724187933180945,0.01724187933180945,False
13,feature_000,True,-0.2132968555264607,0.2132968555264607,False
13,feature_001,True,0.020582735177764058,0.020582735177764058,False
13,feature_002,True,0.11018872567687511,0.11018872567687511,False
13,feature_003,True,-0.13025383716453692,0.13025383716453692,False
13,feature_004,True,-0.1380424420408215,0.1380424420408215,False
13,feature_005,False,,,False
13,feature_006,True,-0.05879711905251699,0.05879711905251699,False
13,feature_007,True,0.16567026966971718,0.16567026966971718,False
13,feature_008,True,-0.29701635388606734,0.29701635388606734,False
13,feature_009,True,-0.39699581671736833,0.39699581671736833,False
13,feature_010,True,-0.21519978949626858,0.21519978949626858,False
13,feature_011,True,-0.025683212543762098,0.025683212543762098,False
13,feature_012,True,-0.10143783025828974,0.10143783025828974,False
13,feature_013,False,,,False
13,feature_014,True,-0.3462179685240455,0.3462179685240455,False
13,feature_015,True,0.2804999116793707,0.2804999116793707,False
13,feature_016,True,0.2161425495382299,0.2161425495382299,False
13,feature_017,True,0.690298146812181,0.690298146812181,False
13,feature_018,True,-0.14533316835964447,0.14533316835964447,False
13,feature_019,True,-0.3401729519818795,0.3401729519818795,False
13,feature_020,True,0.40727347975181516,0.40727347975181516,False
13,feature_021,True,0.695451374084069,0.695451374084069,True
13,feature_022,True,-0.2773758305376304,0.2773758305376304,False
13,feature_023,True,-0.037281724826641556,0.037281724826641556,False
13,feature_024,True,-0.2676355149164174,0.2676355149164174,False
13,feature_025,True,0.5315742973141891,0.5315742973141891,False
13,feature_026,True,-0.5739730811719551,0.5739730811719551,False
13,feature_027,True,0.5606620495805686,0.5606620495805686,False
13,feature_028,True,-0.04955647901793916,0.04955647901793916,False
13,feature_029,True,0.6025839411178497,0.6025839411178497,False
13,feature_030,True,-0.8781696218274463,0.8781696218274463,True
13,feature_031,True,0.3016001119032799,0.3016001119032799,False
13,feature_032,True,0.025158183112100024,0.025158183112100024,False
13,feature_033,True,-0.04886942125730713,0.04886942125730713,False
13,feature_034,True,0.010816607369704922,0.010816607369704922,False
13,feature_035,True,-0.1572592099025021,0.1572592099025021,False
13,feature_036,True,-0.0108168556939424,0.0108168556939424,False
13,feature_037,True,-0.08786283794405551,0.08786283794405551,False
13,feature_038,True,-0.359084951125984,0.359084951125984,False
13,feature_039,True,-0.36941267930905664,0.36941267930905664,False
13,feature_040,True,-0.7522730565183678,0.7522730565183678,True
13,feature_041,True,-0.4579572569423695,0.4579572569423695,False
13,feature_042,False,,,False
13,feature_043,True,0.23717342623940335,0.23717342623940335,False
13,feature_044,True,0.5022483687531917,0.5022483687531917,False
13,feature_045,True,0.32781601474539657,0.32781601474539657,False
13,feature_046,True,0.27921935262630737,0.27921935262630737,False
13,feature_047,True,0.0670843569198483,0.0670843569198483,False
13,feature_048,True,-0.4980389608554491,0.4980389608554491,False
13,feature_049,False,,,False
13,feature_050,True,0.2017202825047409,0.2017202825047409,False
13,feature_051,True,-0.31667399960623516,0.31667399960623516,False
13,feature_052,False,,,False
13,feature_053,True,-0.2859888977027037,0.2859888977027037,False
13,feature_054,True,-0.147854477151574,0.147854477151574,False
13,feature_055,True,0.12055317097657499,0.12055317097657499,False
13,feature_056,True,1.1390696099973092,1.1390696099973092,True
13,feature_057,True,-0.27298743691024474,0.27298743691024474,False
13,feature_058,True,0.6376028668705056,0.6376028668705056,False
13,feature_059,True,1.4382231414282372,1.4382231414282372,True
13,feature_060,True,0.5791793954557035,0.5791793954557035,False
13,feature_061,True,0.17720535703591117,0.17720535703591117,False
13,feature_062,True,-0.4870710663288251,0.4870710663288251,False
13,feature_063,True,-0.17071684423336494,0.17071684423336494,False
13,feature_064,True,0.6848912448233029,0.6848912448233029,False
13,feature_065,True,0.020869854892557216,0.020869854892557216,False
13,feature_066,True,0.2712478428015804,0.2712478428015804,False
13,feature_067,True,-0.5955324055065313,0.5955324055065313,False
13,feature_068,True,-0.4516300003992567,0.4516300003992567,False
13,feature_069,False,,,False
13,feature_070,True,-0.2981657500592232,0.2981657500592232,False
13,feature_071,True,0.5097959325600673,0.5097959325600673,False
13,feature_072,True,-0.03343049038514677,0.03343049038514677,False
13,feature_073,True,-0.2243379509753978,0.2243379509753978,False
13,feature_074,True,-0.09739774688329575,0.09739774688329575,False
13,feature_075,True,0.7838664169107961,0.7838664169107961,True
13,feature_076,True,0.1809004684062287,0.1809004684062287,False
13,feature_077,True,0.21310434535684822,0.21310434535684822,False
13,feature_078,True,-1.0602812165888487,1.0602812165888487,True
13,feature_079,True,0.1883776204274414,0.1883776204274414,False
13,feature_080,True,0.06685239454990395,0.06685239454990395,False
13,feature_081,True,0.09775441140725287,0.09775441140725287,False
13,feature_082,True,-0.07185490395085753,0.07185490395085753,False
13,feature_083,True,0.3103331238110833,0.3103331238110833,False
13,feature_084,True,0.24657852954480655,0.24657852954480655,False
13,feature_085,True,-0.3272158161222659,0.3272158161222659,False
13,feature_086,True,0.5064748356240699,0.5064748356240699,False
13,feature_087,True,-0.09075561452741306,0.09075561452741306,False
13,feature_088,True,0.3641179315011753,0.3641179315011753,False
13,feature_089,True,0.49047767286420907,0.49047767286420907,False
13,feature_090,True,0.16765835826452885,0.16765835826452885,False
13,feature_091,True,0.12718117426987754,0.12718117426987754,False
13,feature_092,True,-0.050104957887408624,0.050104957887408624,False
13,feature_093,True,-0.4177575026315409,0.4177575026315409,False
13,feature_094,True,-0.429788925909709,0.429788925909709,False
13,feature_095,True,0.27733009009521065,0.27733009009521065,False
13,feature_096,True,-0.1958346581450583,0.1958346581450583,False
13,feature_097,False,,,False
13,feature_098,True,0.31286339082102715,0.31286339082102715,False
13,feature_099,True,0.28977716075850046,0.28977716075850046,False
13,feature_100,True,0.16176817191879603,0.16176817191879603,False
13,feature_101,True,-0.6044737343675642,0.6044737343675642,False
13,feature_102,True,-0.27920026196777836,0.27920026196777836,False
13,feature_103,True,0.43085506388092204,0.43085506388092204,False
13,feature_104,True,-0.5037278062301559,0.5037278062301559,False
13,feature_105,True,0.3318315362671695,0.3318315362671695,False
13,feature_106,True,0.032423057049701984,0.032423057049701984,False
13,feature_107,True,0.4401392980721782,0.4401392980721782,False
13,feature_108,True,0.0073844021304795525,0.0073844021304795525,False
13,feature_109,True,-0.10308278891069568,0.10308278891069568,False
13,feature_110,True,0.039281406545842154,0.039281406545842154,False
13,feature_111,True,-0.3473724770319144,0.3473724770319144,False
13,feature_112,True,0.20868165273903053,0.20868165273903053,False
13,feature_113,True,0.5025685303241838,0.5025685303241838,False
13,feature_114,True,0.17382769683199395,0.17382769683199395,False
13,feature_115,True,-0.5023551485960743,0.5023551485960743,False
13,feature_116,True,0.2549852783766185,0.2549852783766185,False
13,feature_117,True,-0.16152243099236904,0.16152243099236904,False
13,feature_118,True,0.3697246022723483,0.3697246022723483,False
13,feature_119,True,-0.79549235984606,0.79549235984606,True
13,feature_120,True,-0.017314082649375177,0.017314082649375177,False
13,feature_121,True,0.36117118688074457,0.36117118688074457,False
13,feature_122,True,-0.4598993411499504,0.4598993411499504,False
13,feature_123,True,0.3346267560918551,0.3346267560918551,False
13,feature_124,True,-0.44582387272479074,0.44582387272479074,False
13,feature_125,True,0.05490220139773542,0.05490220139773542,False
13,feature_126,True,0.1726065423748905,0.1726065423748905,False
13,feature_127,True,-0.402938524941659,0.402938524941659,False
13,feature_128,True,-0.1801203452745311,0.1801203452745311,False
13,feature_129,True,0.9268674647733447,0.9268674647733447,True
13,feature_130,True,-0.6021181946473717,0.6021181946473717,False
13,feature_131,True,0.2732039213848052,0.2732039213848052,False
13,feature_132,True,-0.8879203751584007,0.8879203751584007,True
13,feature_133,True,-0.22374468683167487,0.22374468683167487,False
13,feature_134,True,-0.053364710408787645,0.053364710408787645,False
13,feature_135,True,0.003797063967581313,0.003797063967581313,False
13,feature_136,True,0.02505503952473193,0.02505503952473193,False
13,feature_137,True,0.18767071226111431,0.18767071226111431,False
13,feature_138,True,0.41709759541941654,0.41709759541941654,False
13,feature_139,True,-0.13469210467215156,0.13469210467215156,False
13,feature_140,True,-0.08405765276548294,0.08405765276548294,False
13,feature_141,False,,,False
13,feature_142,True,-0.5188463954611897,0.5188463954611897,False
13,feature_143,True,-0.08812373393003867,0.08812373393003867,False
13,feature_144,True,-0.044375526779828894,0.044375526779828894,False
13,feature_145,True,-0.20747217393170972,0.20747217393170972,False
13,feature_146,True,-0.15816104427237995,0.15816104427237995,False
13,feature_147,True,0.19039494400527676,0.19039494400527676,False
13,feature_148,True,0.2696378251929324,0.2696378251929324,False
13,feature_149,False,,,False
13,feature_150,True,-0.2044920719896734,0.2044920719896734,False
13,feature_151,True,-0.18817137400360356,0.18817137400360356,False
13,feature_152,True,0.12193995997223495,0.12193995997223495,False
13,feature_153,True,-0.21959942493373938,0.21959942493373938,False
13,feature_154,True,-0.34956769994350034,0.34956769994350034,False
13,feature_155,True,-0.4289647326348442,0.4289647326348442,False
13,feature_156,True,-0.2667580035707288,0.2667580035707288,False
13,feature_157,True,-0.223105320594902,0.223105320594902,False
13,feature_158,True,-0.3460698387122795,0.3460698387122795,False
13,feature_159,True,0.21168190509091578,0.21168190509091578,False
13,feature_160,True,0.09892522594868988,0.09892522594868988,False
13,feature_161,True,-0.34903875454376226,0.34903875454376226,False
13,feature_162,True,-0.2397629058756919,0.2397629058756919,False
13,feature_163,True,-0.2641019463156327,0.2641019463156327,False
13,feature_164,True,-0.40338398963167577,0.40338398963167577,False
13,feature_165,True,-0.1885615850889846,0.1885615850889846,False
13,feature_166,True,0.029064256396832498,0.029064256396832498,False
13,feature_167,True,-0.15115064152101101,0.15115064152101101,False
13,feature_168,True,0.4879032066280863,0.4879032066280863,False
13,feature_169,True,-0.20406627884838424,0.20406627884838424,False
13,feature_170,True,0.38924103211223793,0.38924103211223793,False
13,feature_171,True,-0.09687200561073794,0.09687200561073794,False
13,feature_172,True,0.15832566158219158,0.15832566158219158,False
13,feature_173,True,-0.048928676388843524,0.048928676388843524,False
13,feature_174,True,0.15967898014483703,0.15967898014483703,False
13,feature_175,True,-0.31922351117335435,0.31922351117335435,False
13,feature_176,True,-0.234033936594712,0.234033936594712,False
13,feature_177,True,-0.15786516676769613,0.15786516676769613,False
13,feature_178,False,,,False
13,feature_179,False,,,False
13,feature_180,True,0.12285042895623641,0.12285042895623641,False
13,feature_181,True,0.013111887586363344,0.013111887586363344,False
13,feature_182,True,-0.15962799484037118,0.15962799484037118,False
13,feature_183,True,0.18806412950062917,0.18806412950062917,False
13,feature_184,True,-0.37619247142472645,0.37619247142472645,False
13,feature_185,True,-0.08970618938094062,0.08970618938094062,False
13,feature_186,False,,,False
13,feature_187,True,0.166242898913693,0.166242898913693,False
13,feature_188,True,0.4982681846958749,0.4982681846958749,False
13,feature_189,False,,,False
13,feature_190,False,,,False
13,feature_191,False,,,False
13,feature_192,False,,,False
13,feature_193,False,,,False
13,feature_194,False,,,False
13,feature_195,True,0.13055932741877227,0.13055932741877227,False
13,feature_196,True,0.17497672512746582,0.17497672512746582,False
13,feature_197,True,0.4388547482862057,0.4388547482862057,False
13,feature_198,True,0.018442355997431305,0.018442355997431305,False
13,feature_199,True,-0.15209572603808966,0.15209572603808966,False
13,feature_200,True,0.5300231000272201,0.5300231000272201,False
13,feature_201,True,0.0821056497473881,0.0821056497473881,False
13,feature_202,True,0.0680353069125252,0.0680353069125252,False
13,feature_203,True,0.09532608979734432,0.09532608979734432,False
13,feature_204,True,-0.4954759399877435,0.4954759399877435,False
13,feature_205,True,0.9459838264119419,0.9459838264119419,True
13,feature_206,True,-0.09739774688329587,0.09739774688329587,False
13,feature_207,True,-0.07023086649930677,0.07023086649930677,False
13,feature_208,True,0.05352736194788461,0.05352736194788461,False
13,feature_209,True,-0.0973977468832958,0.0973977468832958,False
13,feature_210,True,0.024286057725598782,0.024286057725598782,False
13,feature_211,True,0.08935500381485359,0.08935500381485359,False
13,feature_212,True,-0.1819089828014604,0.1819089828014604,False
13,feature_213,True,0.21243862730773946,0.21243862730773946,False
13,feature_214,True,-0.4477776017310507,0.4477776017310507,False
13,feature_215,True,-0.13845774586062962,0.13845774586062962,False
13,feature_216,True,0.9068818933208046,0.9068818933208046,True
13,feature_217,True,0.09352805820930878,0.09352805820930878,False
13,feature_218,True,-0.07535634780923409,0.07535634780923409,False
13,feature_219,True,0.004975695645457328,0.004975695645457328,False
13,feature_220,True,-0.13448040838047096,0.13448040838047096,False
13,feature_221,True,-0.35061553368570825,0.35061553368570825,False
13,feature_222,True,-0.18467357885718289,0.18467357885718289,False
13,feature_223,True,0.19142995809913016,0.19142995809913016,False
13,feature_224,True,-0.2576832728437993,0.2576832728437993,False
13,feature_225,True,-0.06201615234093792,0.06201615234093792,False
13,feature_226,False,,,False
13,feature_227,True,-0.006629186690362704,0.006629186690362704,False
13,feature_228,True,0.0661934774977325,0.0661934774977325,False
13,feature_229,False,,,False
13,feature_230,False,,,False
13,feature_231,False,,,False
13,feature_232,False,,,False
13,feature_233,False,,,False
13,feature_234,False,,,False
13,feature_235,False,,,False
13,feature_236,False,,,False
13,feature_237,False,,,False
13,feature_238,True,-0.18842382616087244,0.18842382616087244,False
13,feature_239,True,0.3590173789216468,0.3590173789216468,False
13,feature_240,False,,,False
13,feature_241,False,,,False
13,feature_242,False,,,False
13,feature_243,False,,,False
13,feature_244,True,-0.05438685199830721,0.05438685199830721,False
13,feature_245,True,0.2680329403797733,0.2680329403797733,False
13,feature_246,True,-0.11042262948143299,0.11042262948143299,False
13,feature_247,True,0.37108031472553576,0.37108031472553576,False
13,feature_248,True,-0.07559952974853172,0.07559952974853172,False
13,feature_249,True,0.24942924087590887,0.24942924087590887,False
13,feature_250,True,-0.07614203295507842,0.07614203295507842,False
13,feature_251,True,-0.7356395867045338,0.7356395867045338,True
13,feature_252,True,0.17057250804341012,0.17057250804341012,False
13,feature_253,True,-0.14558969927696933,0.14558969927696933,False
13,feature_254,True,-0.10896745520770386,0.10896745520770386,False
13,feature_255,True,-0.008407468430916193,0.008407468430916193,False
13,feature_256,False,,,False
13,feature_257,False,,,False
13,feature_258,False,,,False
13,feature_259,False,,,False
13,feature_260,False,,,False
13,feature_261,False,,,False
13,feature_262,False,,,False
13,feature_263,False,,,False
13,feature_264,False,,,False
13,feature_265,False,,,False
13,feature_266,False,,,False
13,feature_267,True,0.03379842027710811,0.03379842027710811,False
13,feature_268,True,0.037306621124572746,0.037306621124572746,False
13,feature_269,True,0.29253129090377544,0.29253129090377544,False
13,feature_270,True,0.08741790467501734,0.08741790467501734,False
13,feature_271,True,-0.16665234364296777,0.16665234364296777,False
13,feature_272,True,-0.11270405753044495,0.11270405753044495,False
13,feature_273,True,-0.061636695293130955,0.061636695293130955,False
13,feature_274,True,0.3904532687351327,0.3904532687351327,False
13,feature_275,True,-0.08395202491511038,0.08395202491511038,False
13,feature_276,False,,,False
13,feature_277,True,0.8005848133177454,0.8005848133177454,True
13,feature_278,True,-0.39523096836198324,0.39523096836198324,False
13,feature_279,True,-0.09655682085727592,0.09655682085727592,False
13,feature_280,True,-0.3908098998003679,0.3908098998003679,False
13,feature_281,True,-0.41914733630296475,0.41914733630296475,False
13,feature_282,True,0.2890920175522067,0.2890920175522067,False
13,feature_283,True,0.1229640902953818,0.1229640902953818,False
13,feature_284,False,,,False
13,feature_285,True,0.025811075730826142,0.025811075730826142,False
13,feature_286,True,0.1335304804024349,0.1335304804024349,False
13,feature_287,True,-0.3305908970179494,0.3305908970179494,False
13,feature_288,True,-0.14582319144266637,0.14582319144266637,False
13,feature_289,True,-0.4976234620578627,0.4976234620578627,False
13,feature_290,True,-0.15354148418762203,0.15354148418762203,False
13,feature_291,True,-0.13443413521362563,0.13443413521362563,False
13,feature_292,True,0.23528081792704733,0.23528081792704733,False
13,feature_293,True,0.40804742912180614,0.40804742912180614,False
13,feature_294,True,0.05641833248071176,0.05641833248071176,False
13,feature_295,True,0.05881789696492593,0.05881789696492593,False
13,feature_296,True,0.1159355755831069,0.1159355755831069,False
13,feature_297,True,0.27623746164215296,0.27623746164215296,False
13,feature_298,True,-0.2505281089710171,0.2505281089710171,False
13,feature_299,True,-0.36215924093845564,0.36215924093845564,False
13,feature_300,True,-0.14480280168640233,0.14480280168640233,False
13,feature_301,True,0.28102105948771766,0.28102105948771766,False
13,feature_302,True,0.4795374670317771,0.4795374670317771,False
13,feature_303,True,0.08120815478346019,0.08120815478346019,False
13,feature_304,True,-0.16637094401579844,0.16637094401579844,False
13,feature_305,True,-1.0009086961066171,1.0009086961066171,True
13,feature_306,True,0.2421772306284058,0.2421772306284058,False
13,feature_307,True,0.20082643249654814,0.20082643249654814,False
13,feature_308,True,-0.4192942014865996,0.4192942014865996,False
13,feature_309,True,0.20146551274156307,0.20146551274156307,False
13,feature_310,True,0.819009752888692,0.819009752888692,True
13,feature_311,True,-0.1731755402067712,0.1731755402067712,False
13,feature_312,True,-0.33316344734027126,0.33316344734027126,False
13,feature_313,False,,,False
13,feature_314,False,,,False
13,feature_315,False,,,False
13,feature_316,True,-0.5008707037681535,0.5008707037681535,False
13,feature_317,True,-0.38391664635454326,0.38391664635454326,False
13,feature_318,True,0.21713943592019638,0.21713943592019638,False
13,feature_319,True,-0.27329814791152995,0.27329814791152995,False
13,feature_320,True,-0.08300341652470182,0.08300341652470182,False
13,feature_321,True,0.10895180252357714,0.10895180252357714,False
13,feature_322,False,,,False
13,feature_323,True,0.21321894421015805,0.21321894421015805,False
13,feature_324,True,0.12909201950650548,0.12909201950650548,False
13,feature_325,False,,,False
13,feature_326,False,,,False
13,feature_327,False,,,False
13,feature_328,False,,,False
13,feature_329,False,,,False
13,feature_330,False,,,False
13,feature_331,True,0.045131290022755226,0.045131290022755226,False
13,feature_332,True,-0.18228543318069187,0.18228543318069187,False
13,feature_333,True,0.5384457495092294,0.5384457495092294,False
13,feature_334,True,-0.09005960711317432,0.09005960711317432,False
13,feature_335,True,-0.3957846632097662,0.3957846632097662,False
13,feature_336,True,0.1184851769409151,0.1184851769409151,False
13,feature_337,True,-0.027628590545558412,0.027628590545558412,False
13,feature_338,True,-0.1600618328280958,0.1600618328280958,False
13,feature_339,True,-0.18611872608594943,0.18611872608594943,False
13,feature_340,True,-0.5029581707151402,0.5029581707151402,False
13,feature_341,True,0.47351682169503817,0.47351682169503817,False
13,feature_342,True,-0.09739774688329592,0.09739774688329592,False
13,feature_343,True,-0.3769537982413533,0.3769537982413533,False
13,feature_344,True,-0.498184839091069,0.498184839091069,False
13,feature_345,True,0.10566002701886698,0.10566002701886698,False
13,feature_346,True,0.1902756202942014,0.1902756202942014,False
13,feature_347,True,-0.09739774688329587,0.09739774688329587,False
13,feature_348,True,0.4425150030848522,0.4425150030848522,False
13,feature_349,True,0.1333679856368643,0.1333679856368643,False
13,feature_350,True,-0.3303253492763262,0.3303253492763262,False
13,feature_351,True,0.2757743270644753,0.2757743270644753,False
13,feature_352,True,-0.5765063994207272,0.5765063994207272,False
13,feature_353,True,0.046845936277305905,0.046845936277305905,False
13,feature_354,True,-0.19112261533072367,0.19112261533072367,False
13,feature_355,True,0.43958164399734734,0.43958164399734734,False
13,feature_356,True,-0.22225487999306529,0.22225487999306529,False
13,feature_357,True,0.08089271012889844,0.08089271012889844,False
13,feature_358,True,0.43291050055324537,0.43291050055324537,False
13,feature_359,True,-0.0730475010502283,0.0730475010502283,False
13,feature_360,True,-0.11886624083662513,0.11886624083662513,False
13,feature_361,True,0.009048287091973898,0.009048287091973898,False
13,feature_362,True,-0.24302860494173853,0.24302860494173853,False
13,feature_363,True,-0.26605419787072193,0.26605419787072193,False
13,feature_364,False,,,False
13,feature_365,True,0.13104538132628024,0.13104538132628024,False
13,feature_366,True,-0.29706919685291044,0.29706919685291044,False
13,feature_367,True,0.12325904830219729,0.12325904830219729,False
13,feature_368,True,-0.41397965778102924,0.41397965778102924,False
13,feature_369,False,,,False
13,feature_370,False,,,False
13,feature_371,False,,,False
13,feature_372,False,,,False
13,feature_373,False,,,False
13,feature_374,False,,,False
13,feature_375,False,,,False
13,feature_376,True,0.317633210435435,0.317633210435435,False
13,feature_377,True,-0.07807655812869015,0.07807655812869015,False
13,feature_378,False,,,False
13,feature_379,False,,,False
13,feature_380,False,,,False
13,feature_381,False,,,False
13,feature_382,True,-0.05513970115367108,0.05513970115367108,False
13,feature_383,True,0.192102380926309,0.192102380926309,False
13,feature_384,True,-0.17812844965006777,0.17812844965006777,False
13,feature_385,True,-0.326910470181587,0.326910470181587,False
13,feature_386,True,-0.20208386871736653,0.20208386871736653,False
13,feature_387,True,0.20520685316825488,0.20520685316825488,False
13,feature_388,True,0.5876565825137137,0.5876565825137137,False
13,feature_389,True,-0.7014411501288697,0.7014411501288697,True
13,feature_390,True,0.1483124122669419,0.1483124122669419,False
13,feature_391,True,0.006107921056326402,0.006107921056326402,False
13,feature_392,True,-0.32371644509634545,0.32371644509634545,False
13,feature_393,True,0.11612509210437245,0.11612509210437245,False
13,feature_394,False,,,False
13,feature_395,False,,,False
13,feature_396,False,,,False
13,feature_397,False,,,False
13,feature_398,False,,,False
13,feature_399,False,,,False
13,feature_400,False,,,False
13,feature_401,False,,,False
13,feature_402,False,,,False
13,feature_403,False,,,False
13,feature_404,False,,,False
13,feature_405,True,-0.04385002314052987,0.04385002314052987,False
13,feature_406,True,0.09626949386290189,0.09626949386290189,False
13,feature_407,True,-0.4654607385663019,0.4654607385663019,False
13,feature_408,True,-0.02138195549792872,0.02138195549792872,False
13,feature_409,True,-0.07521779018396024,0.07521779018396024,False
13,feature_410,True,0.23725335416015927,0.23725335416015927,False
13,feature_411,True,0.22699029784143462,0.22699029784143462,False
13,feature_412,True,0.14401162453318875,0.14401162453318875,False
13,feature_413,True,0.30858058406464384,0.30858058406464384,False
13,feature_414,False,,,False
13,feature_415,True,-0.7473614328239836,0.7473614328239836,True
13,feature_416,True,0.10232597681458659,0.10232597681458659,False
13,feature_417,True,-0.08489683277985384,0.08489683277985384,False
13,feature_418,True,-0.3972567354830398,0.3972567354830398,False
13,feature_419,True,0.15481918599891062,0.15481918599891062,False
13,feature_420,True,0.1942845611622821,0.1942845611622821,False
13,feature_421,True,0.2499807019563399,0.2499807019563399,False
13,feature_422,False,,,False
13,feature_423,True,0.13293504833161307,0.13293504833161307,False
13,feature_424,True,-0.21263340869617026,0.21263340869617026,False
13,feature_425,True,0.5007006893906042,0.5007006893906042,False
13,feature_426,True,-0.20216517739616233,0.20216517739616233,False
13,feature_427,True,-0.3773269160117474,0.3773269160117474,False
13,feature_428,True,-0.3109143745128833,0.3109143745128833,False
13,feature_429,True,-0.19156925625034454,0.19156925625034454,False
13,feature_430,True,0.3476975863932564,0.3476975863932564,False
13,feature_431,True,0.12709328103815895,0.12709328103815895,False
13,feature_432,True,-0.12985428483113579,0.12985428483113579,False
13,feature_433,True,0.39327364526135966,0.39327364526135966,False
13,feature_434,True,0.10922992520897792,0.10922992520897792,False
13,feature_435,True,0.131088300503732,0.131088300503732,False
13,feature_436,True,-0.014752592920370145,0.014752592920370145,False
13,feature_437,True,0.23427627475114207,0.23427627475114207,False
13,feature_438,True,-0.5454000151612572,0.5454000151612572,False
13,feature_439,True,-0.01788889298631247,0.01788889298631247,False
13,feature_440,True,-0.3044509259884287,0.3044509259884287,False
13,feature_441,True,0.3825010092504072,0.3825010092504072,False
13,feature_442,True,-0.009550241576149431,0.009550241576149431,False
13,feature_443,True,0.12267145179165964,0.12267145179165964,False
13,feature_444,True,-0.028839052239846612,0.028839052239846612,False
13,feature_445,True,0.18331365992894805,0.18331365992894805,False
13,feature_446,True,-0.3096492349369341,0.3096492349369341,False
13,feature_447,True,-0.25172837649268187,0.25172837649268187,False
13,feature_448,True,-0.16477216114230517,0.16477216114230517,False
13,feature_449,False,,,False
13,feature_450,False,,,False
13,feature_451,False,,,False
13,feature_452,True,0.0796307118937702,0.0796307118937702,False
13,feature_453,True,-0.03656372745137183,0.03656372745137183,False
13,feature_454,True,-0.26556908490279374,0.26556908490279374,False
13,feature_455,True,0.23814435575382342,0.23814435575382342,False
13,feature_456,True,-0.5828326341259796,0.5828326341259796,False
13,feature_457,True,-0.10987732366768152,0.10987732366768152,False
13,feature_458,False,,,False
13,feature_459,True,0.17953790428308947,0.17953790428308947,False
13,feature_460,True,0.21098777271076563,0.21098777271076563,False
13,feature_461,False,,,False
13,feature_462,False,,,False
13,feature_463,False,,,False
13,feature_464,False,,,False
13,feature_465,False,,,False
13,feature_466,False,,,False
13,feature_467,True,0.17827981632048673,0.17827981632048673,False
13,feature_468,True,-0.11364074263931138,0.11364074263931138,False
13,feature_469,True,0.345696760334786,0.345696760334786,False
13,feature_470,True,-0.05087719597769149,0.05087719597769149,False
13,feature_471,True,0.15072571468028828,0.15072571468028828,False
13,feature_472,True,-0.2680726873930024,0.2680726873930024,False
13,feature_473,True,0.08059160198910793,0.08059160198910793,False
13,feature_474,True,0.2812265740963878,0.2812265740963878,False
13,feature_475,True,0.13608333912699727,0.13608333912699727,False
13,feature_476,True,-0.6632811556373609,0.6632811556373609,False
13,feature_477,True,0.5197517221863285,0.5197517221863285,False
13,feature_478,True,-0.09739774688329587,0.09739774688329587,False
13,feature_479,True,0.05734984929053049,0.05734984929053049,False
13,feature_480,True,0.1352571002379141,0.1352571002379141,False
13,feature_481,False,,,False
13,feature_482,True,0.0036290559639273294,0.0036290559639273294,False
13,feature_483,True,-0.19480648472621964,0.19480648472621964,False
13,feature_484,True,-0.013811383137158836,0.013811383137158836,False
13,feature_485,True,-0.020249117486598675,0.020249117486598675,False
13,feature_486,True,0.5169730552568212,0.5169730552568212,False
13,feature_487,True,0.22509632492930884,0.22509632492930884,False
13,feature_488,True,-0.7853652215159947,0.7853652215159947,True
13,feature_489,True,-0.07594622002257523,0.07594622002257523,False
13,feature_490,True,-0.2458076240225844,0.2458076240225844,False
13,feature_491,True,0.31478820649405365,0.31478820649405365,False
13,feature_492,True,-0.09873660224644078,0.09873660224644078,False
13,feature_493,True,-0.39036780400577753,0.39036780400577753,False
13,feature_494,True,-0.1992081604306216,0.1992081604306216,False
13,feature_495,True,0.15062403363859606,0.15062403363859606,False
13,feature_496,True,0.2680480662670214,0.2680480662670214,False
13,feature_497,True,-0.14081810295907102,0.14081810295907102,False
13,feature_498,False,,,False
13,feature_499,True,-0.44878555596227493,0.44878555596227493,False
13,feature_500,True,0.34735464125431637,0.34735464125431637,False
13,feature_501,False,,,False
13,feature_502,False,,,False
13,feature_503,False,,,False
13,feature_504,False,,,False
13,feature_505,False,,,False
13,feature_506,False,,,False
13,feature_507,False,,,False
13,feature_508,False,,,False
13,feature_509,False,,,False
13,feature_510,True,0.10782096183678641,0.10782096183678641,False
13,feature_511,True,0.17742593776425508,0.17742593776425508,False
13,feature_512,False,,,False
13,feature_513,False,,,False
13,feature_514,False,,,False
13,feature_515,False,,,False
13,feature_516,True,-0.06074172199666674,0.06074172199666674,False
13,feature_517,True,0.22255869372106893,0.22255869372106893,False
13,feature_518,True,-0.10709087644394662,0.10709087644394662,False
13,feature_519,True,0.19096122038402732,0.19096122038402732,False
13,feature_520,True,-0.07843046520134675,0.07843046520134675,False
13,feature_521,True,-0.13345502830183031,0.13345502830183031,False
13,feature_522,True,0.029006464451293724,0.029006464451293724,False
13,feature_523,True,-0.7033584300934055,0.7033584300934055,True
13,feature_524,True,0.29170832488331405,0.29170832488331405,False
13,feature_525,True,-0.2023950167978931,0.2023950167978931,False
13,feature_526,True,-0.10266260769042682,0.10266260769042682,False
13,feature_527,True,-0.07645914067282789,0.07645914067282789,False
13,feature_528,False,,,False
13,feature_529,False,,,False
13,feature_530,False,,,False
13,feature_531,False,,,False
13,feature_532,False,,,False
13,feature_533,False,,,False
13,feature_534,False,,,False
13,feature_535,False,,,False
13,feature_536,False,,,False
13,feature_537,False,,,False
13,feature_538,False,,,False
13,feature_539,True,0.04165181696985543,0.04165181696985543,False
13,feature_540,True,0.033842461892656,0.033842461892656,False
13,feature_541,True,0.2945023291284203,0.2945023291284203,False
13,feature_542,True,0.3954328627911053,0.3954328627911053,False
13,feature_543,True,-0.15459511437286796,0.15459511437286796,False
13,feature_544,True,0.017111399318737595,0.017111399318737595,False
13,feature_545,True,-0.1176207521128705,0.1176207521128705,False
13,feature_546,True,0.28383959946313886,0.28383959946313886,False
13,feature_547,True,0.4698026988003671,0.4698026988003671,False
13,feature_548,True,-0.4854478280458368,0.4854478280458368,False
13,feature_549,True,-0.01946799035311248,0.01946799035311248,False
13,feature_550,True,-0.07112896427350436,0.07112896427350436,False
13,feature_551,True,0.1826377580299747,0.1826377580299747,False
13,feature_552,True,0.2613623274318203,0.2613623274318203,False
13,feature_553,True,-0.4141857454175062,0.4141857454175062,False
13,feature_554,True,0.24288382108592693,0.24288382108592693,False
13,feature_555,True,-0.6309753753588107,0.6309753753588107,False
13,feature_556,True,-0.06315041784686273,0.06315041784686273,False
13,feature_557,True,0.24313867654366406,0.24313867654366406,False
13,feature_558,True,-0.08686774893092686,0.08686774893092686,False
13,feature_559,True,-0.061925317177218366,0.061925317177218366,False
13,feature_560,True,-0.014479197220910244,0.014479197220910244,False
13,feature_561,True,0.10169044862442901,0.10169044862442901,False
13,feature_562,True,-0.22922472855028111,0.22922472855028111,False
13,feature_563,True,-0.27236745995298894,0.27236745995298894,False
13,feature_564,True,0.08369695708578913,0.08369695708578913,False
13,feature_565,True,-0.0075269916110623026,0.0075269916110623026,False
13,feature_566,True,-0.240980229247281,0.240980229247281,False
13,feature_567,True,0.47294622292903393,0.47294622292903393,False
13,feature_568,True,0.1140222630457562,0.1140222630457562,False
13,feature_569,True,-0.3864104365295162,0.3864104365295162,False
13,feature_570,True,0.23589176013455737,0.23589176013455737,False
13,feature_571,True,-0.3554442058281776,0.3554442058281776,False
13,feature_572,True,0.11738742727416117,0.11738742727416117,False
13,feature_573,True,-0.30358897108285676,0.30358897108285676,False
13,feature_574,True,-0.1109912002427066,0.1109912002427066,False
13,feature_575,True,0.4040047232667603,0.4040047232667603,False
13,feature_576,True,0.3341697038383776,0.3341697038383776,False
13,feature_577,True,-0.6049766791680553,0.6049766791680553,False
13,feature_578,True,-0.2501195728312748,0.2501195728312748,False
13,feature_579,True,-0.07781619103261486,0.07781619103261486,False
13,feature_580,True,0.08218306015891384,0.08218306015891384,False
13,feature_581,True,-0.44885229236037794,0.44885229236037794,False
13,feature_582,True,0.11441140749087103,0.11441140749087103,False
13,feature_583,True,-0.024432691222680134,0.024432691222680134,False
13,feature_584,True,0.3084738368882589,0.3084738368882589,False
13,feature_585,True,-0.03233853585910706,0.03233853585910706,False
13,feature_586,True,0.23982462936342708,0.23982462936342708,False
13,feature_587,True,0.12890618917262808,0.12890618917262808,False
13,feature_588,True,0.24398930865483917,0.24398930865483917,False
13,feature_589,True,-0.22625284395030582,0.22625284395030582,False
14,feature_000,True,-0.15078073820706298,0.15078073820706298,False
14,feature_001,True,-0.05536934732444575,0.05536934732444575,False
14,feature_002,True,0.4334194910595966,0.4334194910595966,False
14,feature_003,True,-0.07165915108052798,0.07165915108052798,False
14,feature_004,True,-0.11101164191314214,0.11101164191314214,False
14,feature_005,False,,,False
14,feature_006,True,-0.44439135782108635,0.44439135782108635,False
14,feature_007,True,-0.006866238976627904,0.006866238976627904,False
14,feature_008,True,0.4015265867958641,0.4015265867958641,False
14,feature_009,True,-0.4404509364117644,0.4404509364117644,False
14,feature_010,True,-0.3878576454723826,0.3878576454723826,False
14,feature_011,True,0.031039067159604534,0.031039067159604534,False
14,feature_012,True,-0.06491360165293134,0.06491360165293134,False
14,feature_013,False,,,False
14,feature_014,True,0.017181186112591163,0.017181186112591163,False
14,feature_015,True,0.07700497562405018,0.07700497562405018,False
14,feature_016,True,0.04856071860805367,0.04856071860805367,False
14,feature_017,True,0.43186513064454435,0.43186513064454435,False
14,feature_018,True,-0.1345164399682492,0.1345164399682492,False
14,feature_019,True,0.11669011836464015,0.11669011836464015,False
14,feature_020,True,0.38730829944369255,0.38730829944369255,False
14,feature_021,True,0.9674877563033929,0.9674877563033929,True
14,feature_022,True,-0.6022037295069826,0.6022037295069826,False
14,feature_023,True,0.0802099898915257,0.0802099898915257,False
14,feature_024,True,0.11915504438811866,0.11915504438811866,False
14,feature_025,True,0.4659559593145833,0.4659559593145833,False
14,feature_026,True,-0.8249345655004373,0.8249345655004373,True
14,feature_027,True,0.06651666895728836,0.06651666895728836,False
14,feature_028,True,-0.4134796239180097,0.4134796239180097,False
14,feature_029,True,0.2379972454321165,0.2379972454321165,False
14,feature_030,True,-0.6534233861267947,0.6534233861267947,True
14,feature_031,True,-0.06464263601089669,0.06464263601089669,False
14,feature_032,True,0.4502412636163696,0.4502412636163696,False
14,feature_033,True,-0.1381334274251205,0.1381334274251205,False
14,feature_034,True,-0.33588626506392966,0.33588626506392966,False
14,feature_035,True,-0.1814157212332812,0.1814157212332812,False
14,feature_036,True,0.33586212993270775,0.33586212993270775,False
14,feature_037,True,0.4213748180397671,0.4213748180397671,False
14,feature_038,True,-0.09992116514001963,0.09992116514001963,False
14,feature_039,True,0.49569074222040654,0.49569074222040654,False
14,feature_040,True,-0.3068791678358805,0.3068791678358805,False
14,feature_041,True,-0.19759505974840086,0.19759505974840086,False
14,feature_042,False,,,False
14,feature_043,True,0.017530261224692974,0.017530261224692974,False
14,feature_044,True,0.3985394355958833,0.3985394355958833,False
14,feature_045,True,0.2926464742898391,0.2926464742898391,False
14,feature_046,True,0.24410554414990418,0.24410554414990418,False
14,feature_047,True,0.24431983244961533,0.24431983244961533,False
14,feature_048,True,-0.2357349294508351,0.2357349294508351,False
14,feature_049,False,,,False
14,feature_050,True,0.14318709017340542,0.14318709017340542,False
14,feature_051,True,-0.12030442636271509,0.12030442636271509,False
14,feature_052,False,,,False
14,feature_053,True,-0.27356042622508703,0.27356042622508703,False
14,feature_054,True,-0.09896088426316547,0.09896088426316547,False
14,feature_055,True,0.21690775569281226,0.21690775569281226,False
14,feature_056,True,0.30628156128785927,0.30628156128785927,False
14,feature_057,True,-0.35901599222975833,0.35901599222975833,False
14,feature_058,True,-0.03536002109183468,0.03536002109183468,False
14,feature_059,True,1.6188274439940904,1.6188274439940904,True
14,feature_060,True,0.328366938083327,0.328366938083327,False
14,feature_061,True,0.39206359650426303,0.39206359650426303,False
14,feature_062,True,-0.43575979994081504,0.43575979994081504,False
14,feature_063,True,-0.12637903085682867,0.12637903085682867,False
14,feature_064,True,0.5611117702822925,0.5611117702822925,False
14,feature_065,True,-0.23455402713679446,0.23455402713679446,False
14,feature_066,True,0.13520461658089236,0.13520461658089236,False
14,feature_067,True,-0.600817651998897,0.600817651998897,False
14,feature_068,True,0.10451589940634949,0.10451589940634949,False
14,feature_069,False,,,False
14,feature_070,True,-0.1704313081498315,0.1704313081498315,False
14,feature_071,True,0.2278005956009424,0.2278005956009424,False
14,feature_072,True,0.2158736417894022,0.2158736417894022,False
14,feature_073,True,-0.29730565551859905,0.29730565551859905,False
14,feature_074,True,0.014293229356189027,0.014293229356189027,False
14,feature_075,True,0.4063634735992782,0.4063634735992782,False
14,feature_076,True,-0.02680503966312814,0.02680503966312814,False
14,feature_077,True,-0.2338626735227093,0.2338626735227093,False
14,feature_078,True,-0.529199075773155,0.529199075773155,False
14,feature_079,True,-0.4613362315769177,0.4613362315769177,False
14,feature_080,True,-0.18072659573236272,0.18072659573236272,False
14,feature_081,True,0.1531331402199314,0.1531331402199314,False
14,feature_082,True,-0.25132875663044785,0.25132875663044785,False
14,feature_083,True,-0.19482206455044793,0.19482206455044793,False
14,feature_084,True,-0.2950332585480906,0.2950332585480906,False
14,feature_085,True,-0.3148495646763491,0.3148495646763491,False
14,feature_086,True,0.22442613707008377,0.22442613707008377,False
14,feature_087,True,0.09451242194491098,0.09451242194491098,False
14,feature_088,True,-0.14810967311651801,0.14810967311651801,False
14,feature_089,True,-0.9539534795798116,0.9539534795798116,True
14,feature_090,True,0.031124567984985703,0.031124567984985703,False
14,feature_091,True,-0.15291260325375028,0.15291260325375028,False
14,feature_092,True,0.18406008978009267,0.18406008978009267,False
14,feature_093,True,-0.44684712475262944,0.44684712475262944,False
14,feature_094,True,-0.18275350011731864,0.18275350011731864,False
14,feature_095,True,0.3942710555863944,0.3942710555863944,False
14,feature_096,True,0.292642501333017,0.292642501333017,False
14,feature_097,False,,,False
14,feature_098,True,0.07699693340019204,0.07699693340019204,False
14,feature_099,True,-0.2174784184426827,0.2174784184426827,False
14,feature_100,True,0.31986202167599226,0.31986202167599226,False
14,feature_101,True,-0.026010272280261558,0.026010272280261558,False
14,feature_102,True,-0.14756085340490535,0.14756085340490535,False
14,feature_103,True,0.2525377060977101,0.2525377060977101,False
14,feature_104,True,-0.31696449101142427,0.31696449101142427,False
14,feature_105,True,0.18519341839419623,0.18519341839419623,False
14,feature_106,True,-0.18738974949708584,0.18738974949708584,False
14,feature_107,True,0.4198038782559468,0.4198038782559468,False
14,feature_108,True,-0.01767569083528854,0.01767569083528854,False
14,feature_109,True,-0.3533769308256245,0.3533769308256245,False
14,feature_110,True,0.07190158855090104,0.07190158855090104,False
14,feature_111,True,-0.2810357007327354,0.2810357007327354,False
14,feature_112,True,0.06561124077251512,0.06561124077251512,False
14,feature_113,True,0.6434187853166742,0.6434187853166742,False
14,feature_114,True,0.36837586217812973,0.36837586217812973,False
14,feature_115,True,-0.43869608985082176,0.43869608985082176,False
14,feature_116,True,0.3555565394301993,0.3555565394301993,False
14,feature_117,True,-0.5296676076898705,0.5296676076898705,False
14,feature_118,True,-0.11845776007869989,0.11845776007869989,False
14,feature_119,True,-0.29883564090107895,0.29883564090107895,False
14,feature_120,True,-0.5155752643125734,0.5155752643125734,False
14,feature_121,True,0.04808126389013049,0.04808126389013049,False
14,feature_122,True,-0.2645410480430854,0.2645410480430854,False
14,feature_123,True,-0.014504453857899995,0.014504453857899995,False
14,feature_124,True,-0.2252878498018739,0.2252878498018739,False
14,feature_125,True,0.12856361527856738,0.12856361527856738,False
14,feature_126,True,0.3637038624084687,0.3637038624084687,False
14,feature_127,True,-0.11216823466309642,0.11216823466309642,False
14,feature_128,True,-0.12476869079490722,0.12476869079490722,False
14,feature_129,True,1.0144594766581394,1.0144594766581394,True
14,feature_130,True,0.28774453171846925,0.28774453171846925,False
14,feature_131,True,-0.03484574358368324,0.03484574358368324,False
14,feature_132,True,-0.8822193001074647,0.8822193001074647,True
14,feature_133,True,0.5652725138557012,0.5652725138557012,False
14,feature_134,True,-0.06482273849096054,0.06482273849096054,False
14,feature_135,True,0.02088685637371842,0.02088685637371842,False
14,feature_136,True,-0.025222452932486292,0.025222452932486292,False
14,feature_137,True,0.12582640966753939,0.12582640966753939,False
14,feature_138,True,0.20796575825512395,0.20796575825512395,False
14,feature_139,True,0.019872481171312566,0.019872481171312566,False
14,feature_140,True,-0.09890791050226139,0.09890791050226139,False
14,feature_141,False,,,False
14,feature_142,True,-0.3316485446086683,0.3316485446086683,False
14,feature_143,True,-0.3502488969017627,0.3502488969017627,False
14,feature_144,True,-0.046637581070756454,0.046637581070756454,False
14,feature_145,True,-0.41948435530596345,0.41948435530596345,False
14,feature_146,True,-0.20497118726229702,0.20497118726229702,False
14,feature_147,True,0.012906322586079344,0.012906322586079344,False
14,feature_148,True,-0.25172291561989324,0.25172291561989324,False
14,feature_149,False,,,False
14,feature_150,True,0.02817352443048429,0.02817352443048429,False
14,feature_151,True,-0.36458766609363913,0.36458766609363913,False
14,feature_152,True,-0.107027658419067,0.107027658419067,False
14,feature_153,True,-0.12694849450115536,0.12694849450115536,False
14,feature_154,True,0.15746351787419252,0.15746351787419252,False
14,feature_155,True,-0.276156766386971,0.276156766386971,False
14,feature_156,True,0.04371079383196774,0.04371079383196774,False
14,feature_157,True,-0.457413229984967,0.457413229984967,False
14,feature_158,True,0.12848285895352599,0.12848285895352599,False
14,feature_159,True,0.1956086338915716,0.1956086338915716,False
14,feature_160,True,0.21430670735142554,0.21430670735142554,False
14,feature_161,True,-0.0993650369603585,0.0993650369603585,False
14,feature_162,True,-0.23714149652339706,0.23714149652339706,False
14,feature_163,True,0.11766433626416532,0.11766433626416532,False
14,feature_164,True,-0.6388043515092711,0.6388043515092711,False
14,feature_165,True,-0.34817080657419786,0.34817080657419786,False
14,feature_166,True,0.0005062504394682812,0.0005062504394682812,False
14,feature_167,True,-0.25613001090288506,0.25613001090288506,False
14,feature_168,True,0.4530316444804913,0.4530316444804913,False
14,feature_169,True,0.029263409199411654,0.029263409199411654,False
14,feature_170,True,0.12953228855532298,0.12953228855532298,False
14,feature_171,True,-0.2509946169785067,0.2509946169785067,False
14,feature_172,True,0.41720672201566794,0.41720672201566794,False
14,feature_173,True,-0.03938271351021345,0.03938271351021345,False
14,feature_174,True,0.4171656877777127,0.4171656877777127,False
14,feature_175,True,-0.21767105705957968,0.21767105705957968,False
14,feature_176,True,0.09490397141348421,0.09490397141348421,False
14,feature_177,True,-0.21058079274986424,0.21058079274986424,False
14,feature_178,False,,,False
14,feature_179,False,,,False
14,feature_180,True,-0.07214676038907678,0.07214676038907678,False
14,feature_181,True,0.15922631477442872,0.15922631477442872,False
14,feature_182,True,-0.07824980078633761,0.07824980078633761,False
14,feature_183,True,0.2292535872367206,0.2292535872367206,False
14,feature_184,True,0.3932159081013164,0.3932159081013164,False
14,feature_185,True,-0.2976149429536797,0.2976149429536797,False
14,feature_186,False,,,False
14,feature_187,True,0.13436780240459073,0.13436780240459073,False
14,feature_188,True,0.5354771233941648,0.5354771233941648,False
14,feature_189,False,,,False
14,feature_190,False,,,False
14,feature_191,False,,,False
14,feature_192,False,,,False
14,feature_193,False,,,False
14,feature_194,False,,,False
14,feature_195,True,0.12097167571629733,0.12097167571629733,False
14,feature_196,True,-0.20952193089524218,0.20952193089524218,False
14,feature_197,True,0.34403074983664056,0.34403074983664056,False
14,feature_198,True,0.12558735030758053,0.12558735030758053,False
14,feature_199,True,0.18810640960947628,0.18810640960947628,False
14,feature_200,True,0.2995112638032159,0.2995112638032159,False
14,feature_201,True,0.6331388814636475,0.6331388814636475,False
14,feature_202,True,-0.17126190513574172,0.17126190513574172,False
14,feature_203,True,0.14326491516305936,0.14326491516305936,False
14,feature_204,True,-0.45597044837932715,0.45597044837932715,False
14,feature_205,True,0.7473426537655538,0.7473426537655538,True
14,feature_206,True,0.014293229356188927,0.014293229356188927,False
14,feature_207,True,-0.15901031680563757,0.15901031680563757,False
14,feature_208,True,-0.23711802724272726,0.23711802724272726,False
14,feature_209,True,0.014293229356188927,0.014293229356188927,False
14,feature_210,True,-0.6724706845148394,0.6724706845148394,True
14,feature_211,True,0.0828579593148478,0.0828579593148478,False
14,feature_212,True,-0.22101868550669698,0.22101868550669698,False
14,feature_213,True,0.3049132661247237,0.3049132661247237,False
14,feature_214,True,-0.3172402502812328,0.3172402502812328,False
14,feature_215,True,-0.18783233195652693,0.18783233195652693,False
14,feature_216,True,0.8868143411619113,0.8868143411619113,True
14,feature_217,True,0.1319266269502484,0.1319266269502484,False
14,feature_218,True,-0.011474796972898355,0.011474796972898355,False
14,feature_219,True,-0.03281729926043537,0.03281729926043537,False
14,feature_220,True,0.0058060925263678,0.0058060925263678,False
14,feature_221,True,-0.47454041091109234,0.47454041091109234,False
14,feature_222,True,0.0372514133087896,0.0372514133087896,False
14,feature_223,True,-0.3423237663489467,0.3423237663489467,False
14,feature_224,True,-0.04669951091270185,0.04669951091270185,False
14,feature_225,True,0.17730550035035575,0.17730550035035575,False
14,feature_226,False,,,False
14,feature_227,True,-0.2926227097423029,0.2926227097423029,False
14,feature_228,True,0.09111799783989911,0.09111799783989911,False
14,feature_229,False,,,False
14,feature_230,False,,,False
14,feature_231,False,,,False
14,feature_232,False,,,False
14,feature_233,False,,,False
14,feature_234,False,,,False
14,feature_235,False,,,False
14,feature_236,False,,,False
14,feature_237,False,,,False
14,feature_238,True,-0.30983496050245457,0.30983496050245457,False
14,feature_239,True,-0.30048815407144974,0.30048815407144974,False
14,feature_240,False,,,False
14,feature_241,False,,,False
14,feature_242,False,,,False
14,feature_243,False,,,False
14,feature_244,True,-0.13531658414741338,0.13531658414741338,False
14,feature_245,True,0.21845359750124824,0.21845359750124824,False
14,feature_246,True,-0.11478956142655054,0.11478956142655054,False
14,feature_247,True,-0.21018429676828068,0.21018429676828068,False
14,feature_248,True,-0.3441641805656784,0.3441641805656784,False
14,feature_249,True,0.404411990495082,0.404411990495082,False
14,feature_250,True,-0.12638293194798345,0.12638293194798345,False
14,feature_251,True,-0.19602687626640267,0.19602687626640267,False
14,feature_252,True,0.6072849355127153,0.6072849355127153,False
14,feature_253,True,-0.1441363855769653,0.1441363855769653,False
14,feature_254,True,-0.01796017691442863,0.01796017691442863,False
14,feature_255,True,0.06987138409403251,0.06987138409403251,False
14,feature_256,False,,,False
14,feature_257,False,,,False
14,feature_258,False,,,False
14,feature_259,False,,,False
14,feature_260,False,,,False
14,feature_261,False,,,False
14,feature_262,False,,,False
14,feature_263,False,,,False
14,feature_264,False,,,False
14,feature_265,False,,,False
14,feature_266,False,,,False
14,feature_267,True,-0.1584578191341262,0.1584578191341262,False
14,feature_268,True,-0.3248710243072553,0.3248710243072553,False
14,feature_269,True,0.13159373766745583,0.13159373766745583,False
14,feature_270,True,-0.16387515477179584,0.16387515477179584,False
14,feature_271,True,-0.1555509727437344,0.1555509727437344,False
14,feature_272,True,0.13603837497085433,0.13603837497085433,False
14,feature_273,True,-0.30136319616946067,0.30136319616946067,False
14,feature_274,True,-0.34828660895445873,0.34828660895445873,False
14,feature_275,True,-0.09906397921936523,0.09906397921936523,False
14,feature_276,False,,,False
14,feature_277,True,0.4640461631515297,0.4640461631515297,False
14,feature_278,True,0.7250716519377532,0.7250716519377532,True
14,feature_279,True,0.4904574011088727,0.4904574011088727,False
14,feature_280,True,-0.014234332108321871,0.014234332108321871,False
14,feature_281,True,0.028473593092321437,0.028473593092321437,False
14,feature_282,True,0.07931129801340199,0.07931129801340199,False
14,feature_283,True,-0.29599224059041246,0.29599224059041246,False
14,feature_284,False,,,False
14,feature_285,True,-0.2524365296993538,0.2524365296993538,False
14,feature_286,True,-0.44651569610456965,0.44651569610456965,False
14,feature_287,True,-0.125280795278265,0.125280795278265,False
14,feature_288,True,-0.020118089993418093,0.020118089993418093,False
14,feature_289,True,-0.062163941785544415,0.062163941785544415,False
14,feature_290,True,0.19668542283489637,0.19668542283489637,False
14,feature_291,True,0.20316770027832837,0.20316770027832837,False
14,feature_292,True,-0.6889201519903289,0.6889201519903289,True
14,feature_293,True,-0.3314657837380385,0.3314657837380385,False
14,feature_294,True,0.05618337931022639,0.05618337931022639,False
14,feature_295,True,0.22582186312559882,0.22582186312559882,False
14,feature_296,True,0.20413965994240083,0.20413965994240083,False
14,feature_297,True,0.0015040496503602788,0.0015040496503602788,False
14,feature_298,True,0.06411031944106445,0.06411031944106445,False
14,feature_299,True,-0.5740198934836195,0.5740198934836195,False
14,feature_300,True,-0.21697402411281355,0.21697402411281355,False
14,feature_301,True,0.19822597068837575,0.19822597068837575,False
14,feature_302,True,0.28109559923654287,0.28109559923654287,False
14,feature_303,True,0.06552227168167767,0.06552227168167767,False
14,feature_304,True,-0.4387456404476466,0.4387456404476466,False
14,feature_305,True,-0.46155039948041054,0.46155039948041054,False
14,feature_306,True,-0.15279231993042397,0.15279231993042397,False
14,feature_307,True,-0.2684170089153504,0.2684170089153504,False
14,feature_308,True,-0.26111039553638943,0.26111039553638943,False
14,feature_309,True,-0.2690553864462115,0.2690553864462115,False
14,feature_310,True,0.5190576273954772,0.5190576273954772,False
14,feature_311,True,0.053127005410993876,0.053127005410993876,False
14,feature_312,True,-0.07852810805458542,0.07852810805458542,False
14,feature_313,False,,,False
14,feature_314,False,,,False
14,feature_315,False,,,False
14,feature_316,True,-0.11988981995367151,0.11988981995367151,False
14,feature_317,True,-0.6850907745216445,0.6850907745216445,True
14,feature_318,True,-0.01934007393941762,0.01934007393941762,False
14,feature_319,True,0.43427746566763326,0.43427746566763326,False
14,feature_320,True,-0.1497441473262443,0.1497441473262443,False
14,feature_321,True,-0.2015117956421479,0.2015117956421479,False
14,feature_322,False,,,False
14,feature_323,True,0.2720380433006045,0.2720380433006045,False
14,feature_324,True,-0.5535980917536786,0.5535980917536786,False
14,feature_325,False,,,False
14,feature_326,False,,,False
14,feature_327,False,,,False
14,feature_328,False,,,False
14,feature_329,False,,,False
14,feature_330,False,,,False
14,feature_331,True,0.18096928118615363,0.18096928118615363,False
14,feature_332,True,-0.5545569080951959,0.5545569080951959,False
14,feature_333,True,0.3580565530377001,0.3580565530377001,False
14,feature_334,True,-0.14656471627215978,0.14656471627215978,False
14,feature_335,True,-0.07266260416626924,0.07266260416626924,False
14,feature_336,True,-0.04104325447468204,0.04104325447468204,False
14,feature_337,True,0.24513011084258104,0.24513011084258104,False
14,feature_338,True,-0.41825352537380256,0.41825352537380256,False
14,feature_339,True,-0.044417369142992484,0.044417369142992484,False
14,feature_340,True,-0.489329832934565,0.489329832934565,False
14,feature_341,True,0.4841654946329206,0.4841654946329206,False
14,feature_342,True,0.014293229356188947,0.014293229356188947,False
14,feature_343,True,-0.45637223823265405,0.45637223823265405,False
14,feature_344,True,-0.23572193077507175,0.23572193077507175,False
14,feature_345,True,0.2533609363776349,0.2533609363776349,False
14,feature_346,True,0.40535290109189126,0.40535290109189126,False
14,feature_347,True,0.014293229356189027,0.014293229356189027,False
14,feature_348,True,0.9257076665173607,0.9257076665173607,True
14,feature_349,True,0.5112103879119434,0.5112103879119434,False
14,feature_350,True,-0.0011128794728964254,0.0011128794728964254,False
14,feature_351,True,0.2488285649118281,0.2488285649118281,False
14,feature_352,True,-0.4287453357848149,0.4287453357848149,False
14,feature_353,True,0.0698918450623871,0.0698918450623871,False
14,feature_354,True,-0.5974587691129712,0.5974587691129712,False
14,feature_355,True,0.18630267448469368,0.18630267448469368,False
14,feature_356,True,-0.35252177985330807,0.35252177985330807,False
14,feature_357,True,-0.020055047644424225,0.020055047644424225,False
14,feature_358,True,0.2880896928479573,0.2880896928479573,False
14,feature_359,True,0.5396031990663814,0.5396031990663814,False
14,feature_360,True,0.11331383569658303,0.11331383569658303,False
14,feature_361,True,0.1484018735086247,0.1484018735086247,False
14,feature_362,True,-0.03533656183873977,0.03533656183873977,False
14,feature_363,True,-0.4558142637744007,0.4558142637744007,False
14,feature_364,False,,,False
14,feature_365,True,0.6847051501943804,0.6847051501943804,True
14,feature_366,True,-0.3114724692718842,0.3114724692718842,False
14,feature_367,True,0.30794372937460707,0.30794372937460707,False
14,feature_368,True,-0.45538085544622575,0.45538085544622575,False
14,feature_369,False,,,False
14,feature_370,False,,,False
14,feature_371,False,,,False
14,feature_372,False,,,False
14,feature_373,False,,,False
14,feature_374,False,,,False
14,feature_375,False,,,False
14,feature_376,True,0.2947558330128624,0.2947558330128624,False
14,feature_377,True,-0.16745090413681007,0.16745090413681007,False
14,feature_378,False,,,False
14,feature_379,False,,,False
14,feature_380,False,,,False
14,feature_381,False,,,False
14,feature_382,True,-0.14344372974744593,0.14344372974744593,False
14,feature_383,True,0.1657003673584775,0.1657003673584775,False
14,feature_384,True,-0.2166602823505285,0.2166602823505285,False
14,feature_385,True,0.1902220595052238,0.1902220595052238,False
14,feature_386,True,-0.21157510965623844,0.21157510965623844,False
14,feature_387,True,0.4009387789766265,0.4009387789766265,False
14,feature_388,True,0.4196160908893747,0.4196160908893747,False
14,feature_389,True,-0.19914221383689457,0.19914221383689457,False
14,feature_390,True,-0.6522374442481651,0.6522374442481651,False
14,feature_391,True,0.3663891875796625,0.3663891875796625,False
14,feature_392,True,-0.029762975549768717,0.029762975549768717,False
14,feature_393,True,-0.011066229022568708,0.011066229022568708,False
14,feature_394,False,,,False
14,feature_395,False,,,False
14,feature_396,False,,,False
14,feature_397,False,,,False
14,feature_398,False,,,False
14,feature_399,False,,,False
14,feature_400,False,,,False
14,feature_401,False,,,False
14,feature_402,False,,,False
14,feature_403,False,,,False
14,feature_404,False,,,False
14,feature_405,True,0.027247820880820065,0.027247820880820065,False
14,feature_406,True,0.4120312602490758,0.4120312602490758,False
14,feature_407,True,-0.07117700064849163,0.07117700064849163,False
14,feature_408,True,0.18066246488839546,0.18066246488839546,False
14,feature_409,True,-0.0678429385301097,0.0678429385301097,False
14,feature_410,True,0.029253333115382703,0.029253333115382703,False
14,feature_411,True,0.06557353218510117,0.06557353218510117,False
14,feature_412,True,0.15595956443752107,0.15595956443752107,False
14,feature_413,True,0.4995111259303899,0.4995111259303899,False
14,feature_414,False,,,False
14,feature_415,True,-0.5167296434687585,0.5167296434687585,False
14,feature_416,True,-0.35537397561909334,0.35537397561909334,False
14,feature_417,True,-0.2532697007977273,0.2532697007977273,False
14,feature_418,True,-0.3370574836099767,0.3370574836099767,False
14,feature_419,True,0.13288736531337444,0.13288736531337444,False
14,feature_420,True,-0.01202239428009921,0.01202239428009921,False
14,feature_421,True,-0.2588940406100793,0.2588940406100793,False
14,feature_422,False,,,False
14,feature_423,True,0.4117821206929544,0.4117821206929544,False
14,feature_424,True,-0.09209730539801075,0.09209730539801075,False
14,feature_425,True,0.9692547763403834,0.9692547763403834,True
14,feature_426,True,-0.1093021315460027,0.1093021315460027,False
14,feature_427,True,0.11216369796080333,0.11216369796080333,False
14,feature_428,True,-0.18935095055221257,0.18935095055221257,False
14,feature_429,True,0.02803735703378011,0.02803735703378011,False
14,feature_430,True,0.10020910033415194,0.10020910033415194,False
14,feature_431,True,0.10072753866947504,0.10072753866947504,False
14,feature_432,True,-0.3333115128438351,0.3333115128438351,False
14,feature_433,True,0.2126925570640503,0.2126925570640503,False
14,feature_434,True,-0.14396181208449907,0.14396181208449907,False
14,feature_435,True,-0.281542815034416,0.281542815034416,False
14,feature_436,True,-0.2980964139346647,0.2980964139346647,False
14,feature_437,True,0.18810901056334547,0.18810901056334547,False
14,feature_438,True,-0.3464018730018758,0.3464018730018758,False
14,feature_439,True,0.06365019364601605,0.06365019364601605,False
14,feature_440,True,-0.17200014310638861,0.17200014310638861,False
14,feature_441,True,0.10354474588661304,0.10354474588661304,False
14,feature_442,True,-0.16076964225455426,0.16076964225455426,False
14,feature_443,True,0.4043824444884883,0.4043824444884883,False
14,feature_444,True,0.000780726753932466,0.000780726753932466,False
14,feature_445,True,0.4215577051389891,0.4215577051389891,False
14,feature_446,True,-0.22935381546765093,0.22935381546765093,False
14,feature_447,True,0.10225417339346998,0.10225417339346998,False
14,feature_448,True,-0.23812593566734536,0.23812593566734536,False
14,feature_449,False,,,False
14,feature_450,False,,,False
14,feature_451,False,,,False
14,feature_452,True,-0.08781557309287327,0.08781557309287327,False
14,feature_453,True,0.14004695256827887,0.14004695256827887,False
14,feature_454,True,-0.2551477767559368,0.2551477767559368,False
14,feature_455,True,0.2391444022754859,0.2391444022754859,False
14,feature_456,True,0.07557432556846456,0.07557432556846456,False
14,feature_457,True,-0.26046012230216464,0.26046012230216464,False
14,feature_458,False,,,False
14,feature_459,True,0.1494984234066817,0.1494984234066817,False
14,feature_460,True,0.6462530342657468,0.6462530342657468,False
14,feature_461,False,,,False
14,feature_462,False,,,False
14,feature_463,False,,,False
14,feature_464,False,,,False
14,feature_465,False,,,False
14,feature_466,False,,,False
14,feature_467,True,0.1351026560037761,0.1351026560037761,False
14,feature_468,True,-0.02250666555953909,0.02250666555953909,False
14,feature_469,True,0.2060067256087455,0.2060067256087455,False
14,feature_470,True,0.08495970550049152,0.08495970550049152,False
14,feature_471,True,0.5786143267186222,0.5786143267186222,False
14,feature_472,True,-0.03467234292824409,0.03467234292824409,False
14,feature_473,True,-0.02573168213741102,0.02573168213741102,False
14,feature_474,True,-0.6367084228297794,0.6367084228297794,False
14,feature_475,True,0.19023411798977125,0.19023411798977125,False
14,feature_476,True,-0.2717503239285432,0.2717503239285432,False
14,feature_477,True,0.5344939976709581,0.5344939976709581,False
14,feature_478,True,0.014293229356189027,0.014293229356189027,False
14,feature_479,True,-0.1057087700314939,0.1057087700314939,False
14,feature_480,True,-0.4171281873923541,0.4171281873923541,False
14,feature_481,False,,,False
14,feature_482,True,-0.0298060287164373,0.0298060287164373,False
14,feature_483,True,0.28792439182064156,0.28792439182064156,False
14,feature_484,True,0.18573272740750812,0.18573272740750812,False
14,feature_485,True,0.008054736491646555,0.008054736491646555,False
14,feature_486,True,0.41696838180778917,0.41696838180778917,False
14,feature_487,True,0.3847186789577756,0.3847186789577756,False
14,feature_488,True,-0.5502621662713781,0.5502621662713781,False
14,feature_489,True,0.21595869819463073,0.21595869819463073,False
14,feature_490,True,0.13529567271569712,0.13529567271569712,False
14,feature_491,True,0.3861630670617712,0.3861630670617712,False
14,feature_492,True,-0.09418339192338086,0.09418339192338086,False
14,feature_493,True,-0.4918381487925736,0.4918381487925736,False
14,feature_494,True,0.05602005994336034,0.05602005994336034,False
14,feature_495,True,-0.30981718698075283,0.30981718698075283,False
14,feature_496,True,0.13645857310034584,0.13645857310034584,False
14,feature_497,True,0.23299650871102703,0.23299650871102703,False
14,feature_498,False,,,False
14,feature_499,True,-0.34985066883535204,0.34985066883535204,False
14,feature_500,True,0.8008537056945445,0.8008537056945445,True
14,feature_501,False,,,False
14,feature_502,False,,,False
14,feature_503,False,,,False
14,feature_504,False,,,False
14,feature_505,False,,,False
14,feature_506,False,,,False
14,feature_507,False,,,False
14,feature_508,False,,,False
14,feature_509,False,,,False
14,feature_510,True,-0.06791016158968906,0.06791016158968906,False
14,feature_511,True,0.22819504901771162,0.22819504901771162,False
14,feature_512,False,,,False
14,feature_513,False,,,False
14,feature_514,False,,,False
14,feature_515,False,,,False
14,feature_516,True,-0.14498504018996886,0.14498504018996886,False
14,feature_517,True,0.1716674018783951,0.1716674018783951,False
14,feature_518,True,-0.120680646262024,0.120680646262024,False
14,feature_519,True,-0.2288306339084533,0.2288306339084533,False
14,feature_520,True,-0.3265516221201109,0.3265516221201109,False
14,feature_521,True,0.03264657686761835,0.03264657686761835,False
14,feature_522,True,0.05122251755364216,0.05122251755364216,False
14,feature_523,True,-0.1927578512425406,0.1927578512425406,False
14,feature_524,True,0.555989205899558,0.555989205899558,False
14,feature_525,True,-0.24180836321928142,0.24180836321928142,False
14,feature_526,True,-0.015571811858789508,0.015571811858789508,False
14,feature_527,True,0.09468554361251286,0.09468554361251286,False
14,feature_528,False,,,False
14,feature_529,False,,,False
14,feature_530,False,,,False
14,feature_531,False,,,False
14,feature_532,False,,,False
14,feature_533,False,,,False
14,feature_534,False,,,False
14,feature_535,False,,,False
14,feature_536,False,,,False
14,feature_537,False,,,False
14,feature_538,False,,,False
14,feature_539,True,-0.1922308519543118,0.1922308519543118,False
14,feature_540,True,-0.33326748600199946,0.33326748600199946,False
14,feature_541,True,0.2409674524719006,0.2409674524719006,False
14,feature_542,True,0.5775748962771001,0.5775748962771001,False
14,feature_543,True,-0.007657439335661485,0.007657439335661485,False
14,feature_544,True,-0.35943206125298566,0.35943206125298566,False
14,feature_545,True,0.03166741874743315,0.03166741874743315,False
14,feature_546,True,0.21083074657661235,0.21083074657661235,False
14,feature_547,True,0.7451172391678782,0.7451172391678782,True
14,feature_548,True,-0.4406804818486677,0.4406804818486677,False
14,feature_549,True,-0.2890967432691403,0.2890967432691403,False
14,feature_550,True,-0.15321789465979954,0.15321789465979954,False
14,feature_551,True,0.23678509037072987,0.23678509037072987,False
14,feature_552,True,-0.2046495606149187,0.2046495606149187,False
14,feature_553,True,-0.2539310018662174,0.2539310018662174,False
14,feature_554,True,0.1871915127077009,0.1871915127077009,False
14,feature_555,True,-0.2914991537414789,0.2914991537414789,False
14,feature_556,True,-0.1352493433267254,0.1352493433267254,False
14,feature_557,True,0.30558461025167627,0.30558461025167627,False
14,feature_558,True,0.1765810052512534,0.1765810052512534,False
14,feature_559,True,0.07694282902484711,0.07694282902484711,False
14,feature_560,True,-0.3097657554305911,0.3097657554305911,False
14,feature_561,True,0.31072060851759914,0.31072060851759914,False
14,feature_562,True,-0.40885818724940426,0.40885818724940426,False
14,feature_563,True,-1.1865961850791646,1.1865961850791646,True
14,feature_564,True,0.19569207038908654,0.19569207038908654,False
14,feature_565,True,0.06859494300687584,0.06859494300687584,False
14,feature_566,True,-0.42411839217468245,0.42411839217468245,False
14,feature_567,True,0.43589447859592945,0.43589447859592945,False
14,feature_568,True,0.14553953473793038,0.14553953473793038,False
14,feature_569,True,0.26793802846468223,0.26793802846468223,False
14,feature_570,True,-0.48151022060663307,0.48151022060663307,False
14,feature_571,True,-0.13133055434308513,0.13133055434308513,False
14,feature_572,True,0.024998041825418916,0.024998041825418916,False
14,feature_573,True,-0.6776928841545848,0.6776928841545848,True
14,feature_574,True,-0.2715015013444751,0.2715015013444751,False
14,feature_575,True,0.09149716629915604,0.09149716629915604,False
14,feature_576,True,0.36015607619417567,0.36015607619417567,False
14,feature_577,True,-0.6505799833176658,0.6505799833176658,False
14,feature_578,True,-0.5082267608400591,0.5082267608400591,False
14,feature_579,True,0.12695710089127507,0.12695710089127507,False
14,feature_580,True,0.34587934662345454,0.34587934662345454,False
14,feature_581,True,-0.5857458878953727,0.5857458878953727,False
14,feature_582,True,0.14339249369904344,0.14339249369904344,False
14,feature_583,True,-0.07430351934013783,0.07430351934013783,False
14,feature_584,True,0.15153434114188313,0.15153434114188313,False
14,feature_585,True,-0.06803444189814954,0.06803444189814954,False
14,feature_586,True,-0.051043364835358485,0.051043364835358485,False
14,feature_587,True,0.20769850395682496,0.20769850395682496,False
14,feature_588,True,0.1296623053488425,0.1296623053488425,False
14,feature_589,True,0.17444338178349775,0.17444338178349775,False
15,feature_000,True,-0.22270519290252677,0.22270519290252677,False
15,feature_001,True,0.11302620450473212,0.11302620450473212,False
15,feature_002,True,0.21816926949105675,0.21816926949105675,False
15,feature_003,True,-0.16098776372524484,0.16098776372524484,False
15,feature_004,True,-0.11346043353198874,0.11346043353198874,False
15,feature_005,False,,,False
15,feature_006,True,-0.3708765981812562,0.3708765981812562,False
15,feature_007,True,-0.0733668572661321,0.0733668572661321,False
15,feature_008,True,-0.06333177378528025,0.06333177378528025,False
15,feature_009,True,-0.35088996841077463,0.35088996841077463,False
15,feature_010,True,-0.2740121824564118,0.2740121824564118,False
15,feature_011,True,0.04991664044765167,0.04991664044765167,False
15,feature_012,True,0.2580198619304372,0.2580198619304372,False
15,feature_013,False,,,False
15,feature_014,True,-0.39741750662213293,0.39741750662213293,False
15,feature_015,True,-0.03806871736424475,0.03806871736424475,False
15,feature_016,True,0.3549478778369634,0.3549478778369634,False
15,feature_017,True,0.3905759087190974,0.3905759087190974,False
15,feature_018,True,-0.052245533711663454,0.052245533711663454,False
15,feature_019,True,0.06903269437055247,0.06903269437055247,False
15,feature_020,True,-0.10650364657711278,0.10650364657711278,False
15,feature_021,True,0.5415273414351252,0.5415273414351252,False
15,feature_022,True,-0.13613995480719399,0.13613995480719399,False
15,feature_023,True,0.3698183963495502,0.3698183963495502,False
15,feature_024,True,-0.23323846830729855,0.23323846830729855,False
15,feature_025,True,0.6738772668790415,0.6738772668790415,False
15,feature_026,True,-0.411665539998049,0.411665539998049,False
15,feature_027,True,-0.05885435206877052,0.05885435206877052,False
15,feature_028,True,-0.26217889817354384,0.26217889817354384,False
15,feature_029,True,0.5774895610934713,0.5774895610934713,False
15,feature_030,True,-0.5688366601246849,0.5688366601246849,False
15,feature_031,True,0.08572152328400376,0.08572152328400376,False
15,feature_032,True,0.07926839549033535,0.07926839549033535,False
15,feature_033,True,0.3820888667865247,0.3820888667865247,False
15,feature_034,True,-0.14067649134166496,0.14067649134166496,False
15,feature_035,True,-0.26375309498728006,0.26375309498728006,False
15,feature_036,True,0.14064690040222963,0.14064690040222963,False
15,feature_037,True,-0.016645577941775784,0.016645577941775784,False
15,feature_038,True,-0.0298484661645719,0.0298484661645719,False
15,feature_039,True,-0.1110998400660396,0.1110998400660396,False
15,feature_040,True,-0.990267547661078,0.990267547661078,True
15,feature_041,True,-0.42602967140119136,0.42602967140119136,False
15,feature_042,False,,,False
15,feature_043,True,-0.518893690724992,0.518893690724992,False
15,feature_044,True,0.15463542187490747,0.15463542187490747,False
15,feature_045,True,0.3387707396084675,0.3387707396084675,False
15,feature_046,True,0.5232422017713327,0.5232422017713327,False
15,feature_047,True,-0.14904807815174384,0.14904807815174384,False
15,feature_048,True,0.036560697962023186,0.036560697962023186,False
15,feature_049,False,,,False
15,feature_050,True,-0.0458952652813365,0.0458952652813365,False
15,feature_051,True,-0.004361718463418837,0.004361718463418837,False
15,feature_052,False,,,False
15,feature_053,True,-0.38897965844311483,0.38897965844311483,False
15,feature_054,True,-0.38115715687334845,0.38115715687334845,False
15,feature_055,True,-0.43871054487365607,0.43871054487365607,False
15,feature_056,True,0.7284729719464352,0.7284729719464352,False
15,feature_057,True,0.02513380339657239,0.02513380339657239,False
15,feature_058,True,0.5339191481634136,0.5339191481634136,False
15,feature_059,True,1.2919497510552562,1.2919497510552562,True
15,feature_060,True,0.8618893134271953,0.8618893134271953,True
15,feature_061,True,0.661113163383618,0.661113163383618,False
15,feature_062,True,-0.44138134279883606,0.44138134279883606,False
15,feature_063,True,-0.37922403798257176,0.37922403798257176,False
15,feature_064,True,0.7082697788691551,0.7082697788691551,False
15,feature_065,True,-0.10786128663754314,0.10786128663754314,False
15,feature_066,True,0.507265096083095,0.507265096083095,False
15,feature_067,True,-0.6840075638760297,0.6840075638760297,False
15,feature_068,True,-0.6600614883139162,0.6600614883139162,False
15,feature_069,False,,,False
15,feature_070,True,-0.2209799851493553,0.2209799851493553,False
15,feature_071,True,0.6236286754667197,0.6236286754667197,False
15,feature_072,True,0.3154547435383956,0.3154547435383956,False
15,feature_073,True,0.21608343813868436,0.21608343813868436,False
15,feature_074,False,,,False
15,feature_075,True,0.29016758804044473,0.29016758804044473,False
15,feature_076,True,0.6019136837463064,0.6019136837463064,False
15,feature_077,True,0.17536261960817628,0.17536261960817628,False
15,feature_078,True,-1.328877866249381,1.328877866249381,True
15,feature_079,True,-0.11894946616280813,0.11894946616280813,False
15,feature_080,True,-0.2601818786091775,0.2601818786091775,False
15,feature_081,True,0.03544977119015863,0.03544977119015863,False
15,feature_082,True,0.07717685088403008,0.07717685088403008,False
15,feature_083,True,0.12275659742005027,0.12275659742005027,False
15,feature_084,True,0.16456945491600844,0.16456945491600844,False
15,feature_085,True,-0.14244144512386153,0.14244144512386153,False
15,feature_086,True,0.42839483055658845,0.42839483055658845,False
15,feature_087,True,0.060915812334947576,0.060915812334947576,False
15,feature_088,True,-0.2583507372687223,0.2583507372687223,False
15,feature_089,True,0.14464694412424264,0.14464694412424264,False
15,feature_090,True,-0.3493065292548654,0.3493065292548654,False
15,feature_091,True,-0.03602564847191145,0.03602564847191145,False
15,feature_092,True,0.04896202554434772,0.04896202554434772,False
15,feature_093,True,-0.6470619096482271,0.6470619096482271,False
15,feature_094,True,-0.7837823017875847,0.7837823017875847,True
15,feature_095,True,0.15180996219363263,0.15180996219363263,False
15,feature_096,True,-0.18466370281109934,0.18466370281109934,False
15,feature_097,False,,,False
15,feature_098,True,0.2242267150246812,0.2242267150246812,False
15,feature_099,True,0.18929820535267744,0.18929820535267744,False
15,feature_100,True,0.6029821599712465,0.6029821599712465,False
15,feature_101,True,0.019461398393416433,0.019461398393416433,False
15,feature_102,True,-0.39231745040097205,0.39231745040097205,False
15,feature_103,True,-0.7680419232164618,0.7680419232164618,True
15,feature_104,True,-0.22724549000623892,0.22724549000623892,False
15,feature_105,True,-0.1827314049926799,0.1827314049926799,False
15,feature_106,True,0.35768852949523977,0.35768852949523977,False
15,feature_107,True,0.6776977235078269,0.6776977235078269,False
15,feature_108,True,-0.28535080416104397,0.28535080416104397,False
15,feature_109,True,-0.13873383133547423,0.13873383133547423,False
15,feature_110,True,-0.13225844024945974,0.13225844024945974,False
15,feature_111,True,-0.5260800795866578,0.5260800795866578,False
15,feature_112,True,0.10873868839035253,0.10873868839035253,False
15,feature_113,True,0.5241285345414919,0.5241285345414919,False
15,feature_114,True,-0.302950146094845,0.302950146094845,False
15,feature_115,True,0.0754312851126104,0.0754312851126104,False
15,feature_116,True,-0.1474754345152575,0.1474754345152575,False
15,feature_117,True,-0.3630821389136001,0.3630821389136001,False
15,feature_118,True,-0.06321250929095379,0.06321250929095379,False
15,feature_119,True,-0.3458499300833249,0.3458499300833249,False
15,feature_120,True,-0.4130584145473287,0.4130584145473287,False
15,feature_121,True,0.2037241134304241,0.2037241134304241,False
15,feature_122,True,-0.13307468558086144,0.13307468558086144,False
15,feature_123,True,-0.07792781148137079,0.07792781148137079,False
15,feature_124,True,-0.5812555630330001,0.5812555630330001,False
15,feature_125,True,0.10996869143161132,0.10996869143161132,False
15,feature_126,True,0.3163812672239256,0.3163812672239256,False
15,feature_127,True,-0.3266140119009159,0.3266140119009159,False
15,feature_128,True,0.00825029249392864,0.00825029249392864,False
15,feature_129,True,0.6894115231615169,0.6894115231615169,False
15,feature_130,True,0.5535049635335352,0.5535049635335352,False
15,feature_131,True,0.5794993573218522,0.5794993573218522,False
15,feature_132,True,-1.2972863836641348,1.2972863836641348,True
15,feature_133,True,0.6042921261474956,0.6042921261474956,False
15,feature_134,True,-0.39739951551005964,0.39739951551005964,False
15,feature_135,True,0.07060354178925822,0.07060354178925822,False
15,feature_136,True,-0.25086624866681684,0.25086624866681684,False
15,feature_137,True,0.07709106744282321,0.07709106744282321,False
15,feature_138,True,0.3192678988759401,0.3192678988759401,False
15,feature_139,True,0.12210814028793568,0.12210814028793568,False
15,feature_140,True,-0.08330233904116593,0.08330233904116593,False
15,feature_141,False,,,False
15,feature_142,True,-0.5472371968791007,0.5472371968791007,False
15,feature_143,True,-0.180272466215582,0.180272466215582,False
15,feature_144,True,-0.04744811788019191,0.04744811788019191,False
15,feature_145,True,-0.372689177187199,0.372689177187199,False
15,feature_146,True,-0.398257731064224,0.398257731064224,False
15,feature_147,True,0.24592970742493578,0.24592970742493578,False
15,feature_148,True,-0.3217318659140632,0.3217318659140632,False
15,feature_149,False,,,False
15,feature_150,True,0.3612156936821189,0.3612156936821189,False
15,feature_151,True,-0.08653227960600206,0.08653227960600206,False
15,feature_152,True,-0.040784631373542116,0.040784631373542116,False
15,feature_153,True,-0.07154252489416665,0.07154252489416665,False
15,feature_154,True,-0.1774841584603332,0.1774841584603332,False
15,feature_155,True,-0.3537156522820839,0.3537156522820839,False
15,feature_156,True,-0.3523135391338033,0.3523135391338033,False
15,feature_157,True,-0.5054543164607066,0.5054543164607066,False
15,feature_158,True,0.37318040389365154,0.37318040389365154,False
15,feature_159,True,0.024913623051214365,0.024913623051214365,False
15,feature_160,True,0.09452158695484003,0.09452158695484003,False
15,feature_161,True,-0.29388248502813147,0.29388248502813147,False
15,feature_162,True,-0.2897602345784202,0.2897602345784202,False
15,feature_163,True,-0.09468132966373607,0.09468132966373607,False
15,feature_164,True,-0.5149460214254611,0.5149460214254611,False
15,feature_165,True,-0.39127632879807456,0.39127632879807456,False
15,feature_166,True,-0.20459417789526527,0.20459417789526527,False
15,feature_167,True,0.2167473365887918,0.2167473365887918,False
15,feature_168,True,0.7787562295978224,0.7787562295978224,True
15,feature_169,True,-0.22314366130779054,0.22314366130779054,False
15,feature_170,True,0.3460168341582027,0.3460168341582027,False
15,feature_171,True,-0.06896688522159543,0.06896688522159543,False
15,feature_172,True,0.1965943319188098,0.1965943319188098,False
15,feature_173,True,-0.22073541420129028,0.22073541420129028,False
15,feature_174,True,0.1986718191169642,0.1986718191169642,False
15,feature_175,True,-0.22260684032136732,0.22260684032136732,False
15,feature_176,True,0.08108614228446381,0.08108614228446381,False
15,feature_177,True,-0.24602137791751638,0.24602137791751638,False
15,feature_178,False,,,False
15,feature_179,False,,,False
15,feature_180,True,0.09079217672555426,0.09079217672555426,False
15,feature_181,True,-0.07379762127022892,0.07379762127022892,False
15,feature_182,True,-0.27443750882832985,0.27443750882832985,False
15,feature_183,True,0.36289126169382163,0.36289126169382163,False
15,feature_184,True,0.49760304835157604,0.49760304835157604,False
15,feature_185,True,-0.048199717549317,0.048199717549317,False
15,feature_186,False,,,False
15,feature_187,True,-0.14477305633703566,0.14477305633703566,False
15,feature_188,True,0.5314450503851387,0.5314450503851387,False
15,feature_189,False,,,False
15,feature_190,False,,,False
15,feature_191,False,,,False
15,feature_192,False,,,False
15,feature_193,False,,,False
15,feature_194,False,,,False
15,feature_195,True,0.11075755400775694,0.11075755400775694,False
15,feature_196,True,-0.35398138906099447,0.35398138906099447,False
15,feature_197,True,0.6380493268507069,0.6380493268507069,False
15,feature_198,True,0.020540225814810964,0.020540225814810964,False
15,feature_199,True,0.06597478714728358,0.06597478714728358,False
15,feature_200,True,0.09046749363390817,0.09046749363390817,False
15,feature_201,True,0.6764484636692204,0.6764484636692204,False
15,feature_202,True,0.2103419800179119,0.2103419800179119,False
15,feature_203,True,0.2646504418875107,0.2646504418875107,False
15,feature_204,True,-0.7675093542881816,0.7675093542881816,True
15,feature_205,True,0.9194258200183991,0.9194258200183991,True
15,feature_206,False,,,False
15,feature_207,True,-0.09632414908271618,0.09632414908271618,False
15,feature_208,True,-0.23533698457337082,0.23533698457337082,False
15,feature_209,False,,,False
15,feature_210,True,0.12148556386738454,0.12148556386738454,False
15,feature_211,True,0.15962444094765538,0.15962444094765538,False
15,feature_212,True,-0.15181758177315852,0.15181758177315852,False
15,feature_213,True,-0.1390255249702516,0.1390255249702516,False
15,feature_214,True,-0.6773801497978077,0.6773801497978077,False
15,feature_215,True,-0.3792119881928969,0.3792119881928969,False
15,feature_216,True,1.3267012540028542,1.3267012540028542,True
15,feature_217,True,0.1047347011964079,0.1047347011964079,False
15,feature_218,True,-0.387368900656663,0.387368900656663,False
15,feature_219,True,-0.018820401496144508,0.018820401496144508,False
15,feature_220,True,-0.05566730303568207,0.05566730303568207,False
15,feature_221,True,-0.4211112447179577,0.4211112447179577,False
15,feature_222,True,-0.11793206550521786,0.11793206550521786,False
15,feature_223,True,0.00015646654029923836,0.00015646654029923836,False
15,feature_224,True,0.20709134537750598,0.20709134537750598,False
15,feature_225,True,-0.047228046847609596,0.047228046847609596,False
15,feature_226,False,,,False
15,feature_227,True,-0.3071746860368339,0.3071746860368339,False
15,feature_228,True,-0.00012866656843526188,0.00012866656843526188,False
15,feature_229,False,,,False
15,feature_230,False,,,False
15,feature_231,False,,,False
15,feature_232,False,,,False
15,feature_233,False,,,False
15,feature_234,False,,,False
15,feature_235,False,,,False
15,feature_236,False,,,False
15,feature_237,False,,,False
15,feature_238,True,-0.1970044298358686,0.1970044298358686,False
15,feature_239,True,0.2273006988976783,0.2273006988976783,False
15,feature_240,False,,,False
15,feature_241,False,,,False
15,feature_242,False,,,False
15,feature_243,False,,,False
15,feature_244,True,-0.15263116119427364,0.15263116119427364,False
15,feature_245,True,0.12546823071984456,0.12546823071984456,False
15,feature_246,True,-0.00046135313399805415,0.00046135313399805415,False
15,feature_247,True,0.5231911695717838,0.5231911695717838,False
15,feature_248,True,-0.39070889338665404,0.39070889338665404,False
15,feature_249,True,0.8415273747719553,0.8415273747719553,True
15,feature_250,True,-0.1046975888342785,0.1046975888342785,False
15,feature_251,True,-0.3739513267505392,0.3739513267505392,False
15,feature_252,True,0.1598208839032652,0.1598208839032652,False
15,feature_253,True,-0.1171473759680748,0.1171473759680748,False
15,feature_254,True,0.006993511171426869,0.006993511171426869,False
15,feature_255,True,-0.00474989261853984,0.00474989261853984,False
15,feature_256,False,,,False
15,feature_257,False,,,False
15,feature_258,False,,,False
15,feature_259,False,,,False
15,feature_260,False,,,False
15,feature_261,False,,,False
15,feature_262,False,,,False
15,feature_263,False,,,False
15,feature_264,False,,,False
15,feature_265,False,,,False
15,feature_266,False,,,False
15,feature_267,True,-0.008563436570053231,0.008563436570053231,False
15,feature_268,True,-0.17510331431380388,0.17510331431380388,False
15,feature_269,True,0.2479754791425402,0.2479754791425402,False
15,feature_270,True,-0.8510514740588291,0.8510514740588291,True
15,feature_271,True,0.866725871271639,0.866725871271639,True
15,feature_272,True,-0.12301970801676441,0.12301970801676441,False
15,feature_273,True,0.1620568820054704,0.1620568820054704,False
15,feature_274,True,0.2659614236260626,0.2659614236260626,False
15,feature_275,True,-0.08308607602550927,0.08308607602550927,False
15,feature_276,False,,,False
15,feature_277,True,0.7088250210330537,0.7088250210330537,False
15,feature_278,True,-0.2762165335888486,0.2762165335888486,False
15,feature_279,True,-0.04383969776791945,0.04383969776791945,False
15,feature_280,True,-0.49921543486032155,0.49921543486032155,False
15,feature_281,True,-0.09611531060730254,0.09611531060730254,False
15,feature_282,True,0.3554314355295244,0.3554314355295244,False
15,feature_283,True,-0.364133320214851,0.364133320214851,False
15,feature_284,False,,,False
15,feature_285,True,-0.06400563518457127,0.06400563518457127,False
15,feature_286,True,-0.17160491969878958,0.17160491969878958,False
15,feature_287,True,-0.05165185703229695,0.05165185703229695,False
15,feature_288,True,0.03802196152830813,0.03802196152830813,False
15,feature_289,True,-0.41600030534779253,0.41600030534779253,False
15,feature_290,True,0.13312818321603234,0.13312818321603234,False
15,feature_291,True,-0.2550734394907347,0.2550734394907347,False
15,feature_292,True,0.24188682772025452,0.24188682772025452,False
15,feature_293,True,0.3074992435299555,0.3074992435299555,False
15,feature_294,True,0.2495664393571157,0.2495664393571157,False
15,feature_295,True,0.14520102110628738,0.14520102110628738,False
15,feature_296,True,-0.03507118698921203,0.03507118698921203,False
15,feature_297,True,0.20261947802937147,0.20261947802937147,False
15,feature_298,True,-0.07787030655545513,0.07787030655545513,False
15,feature_299,True,-0.36877840517382016,0.36877840517382016,False
15,feature_300,True,-0.2723267868923969,0.2723267868923969,False
15,feature_301,True,0.6375885998136249,0.6375885998136249,False
15,feature_302,True,0.006573795127985074,0.006573795127985074,False
15,feature_303,True,-0.26753880874339536,0.26753880874339536,False
15,feature_304,True,-0.08405534918676004,0.08405534918676004,False
15,feature_305,True,-0.9199274664276323,0.9199274664276323,True
15,feature_306,True,0.16362975190771567,0.16362975190771567,False
15,feature_307,True,0.10484737141974086,0.10484737141974086,False
15,feature_308,True,0.17945674549163898,0.17945674549163898,False
15,feature_309,True,0.10605742789409374,0.10605742789409374,False
15,feature_310,True,0.3491426711642304,0.3491426711642304,False
15,feature_311,True,0.07122514195003171,0.07122514195003171,False
15,feature_312,True,-0.021600383612188044,0.021600383612188044,False
15,feature_313,False,,,False
15,feature_314,False,,,False
15,feature_315,False,,,False
15,feature_316,True,-0.21783576533572738,0.21783576533572738,False
15,feature_317,True,-0.23084941776836937,0.23084941776836937,False
15,feature_318,True,-0.3420918421631743,0.3420918421631743,False
15,feature_319,True,0.25011842806431817,0.25011842806431817,False
15,feature_320,True,-0.2807524171809573,0.2807524171809573,False
15,feature_321,True,0.026939811228704882,0.026939811228704882,False
15,feature_322,False,,,False
15,feature_323,True,0.04364128008294173,0.04364128008294173,False
15,feature_324,True,-0.20307842275126062,0.20307842275126062,False
15,feature_325,False,,,False
15,feature_326,False,,,False
15,feature_327,False,,,False
15,feature_328,False,,,False
15,feature_329,False,,,False
15,feature_330,False,,,False
15,feature_331,True,0.28098088210734007,0.28098088210734007,False
15,feature_332,True,-0.5984780093511709,0.5984780093511709,False
15,feature_333,True,0.5862043714993227,0.5862043714993227,False
15,feature_334,True,-0.41840332129817964,0.41840332129817964,False
15,feature_335,True,-0.14566366025255414,0.14566366025255414,False
15,feature_336,True,-0.15319222371796523,0.15319222371796523,False
15,feature_337,True,0.050256273445912644,0.050256273445912644,False
15,feature_338,True,-0.35880948345271846,0.35880948345271846,False
15,feature_339,True,-0.2930454569180782,0.2930454569180782,False
15,feature_340,True,-0.7618876572967505,0.7618876572967505,False
15,feature_341,True,0.2806837443515195,0.2806837443515195,False
15,feature_342,False,,,False
15,feature_343,True,-0.20389470775317142,0.20389470775317142,False
15,feature_344,True,-0.5162145552665655,0.5162145552665655,False
15,feature_345,True,0.15200110381024481,0.15200110381024481,False
15,feature_346,True,0.4429106389753257,0.4429106389753257,False
15,feature_347,False,,,False
15,feature_348,True,0.5736463387815722,0.5736463387815722,False
15,feature_349,True,0.4194503219434142,0.4194503219434142,False
15,feature_350,True,-0.14203163607427688,0.14203163607427688,False
15,feature_351,True,-0.41851353727501517,0.41851353727501517,False
15,feature_352,True,-0.7273255503524771,0.7273255503524771,False
15,feature_353,True,0.02649837453612613,0.02649837453612613,False
15,feature_354,True,-0.6927764387761338,0.6927764387761338,False
15,feature_355,True,0.41656307332496556,0.41656307332496556,False
15,feature_356,True,0.4088322933181158,0.4088322933181158,False
15,feature_357,True,0.12617668689135006,0.12617668689135006,False
15,feature_358,True,0.5457156487156793,0.5457156487156793,False
15,feature_359,True,0.287652938026477,0.287652938026477,False
15,feature_360,True,0.1348331367362643,0.1348331367362643,False
15,feature_361,True,0.3128355932831189,0.3128355932831189,False
15,feature_362,True,-0.0398822261048971,0.0398822261048971,False
15,feature_363,True,-0.5943193919046067,0.5943193919046067,False
15,feature_364,False,,,False
15,feature_365,True,0.5047297871709335,0.5047297871709335,False
15,feature_366,True,-0.2303792643200166,0.2303792643200166,False
15,feature_367,True,0.11731040899842551,0.11731040899842551,False
15,feature_368,True,-0.021280891658394738,0.021280891658394738,False
15,feature_369,False,,,False
15,feature_370,False,,,False
15,feature_371,False,,,False
15,feature_372,False,,,False
15,feature_373,False,,,False
15,feature_374,False,,,False
15,feature_375,False,,,False
15,feature_376,True,-0.26371204733588505,0.26371204733588505,False
15,feature_377,True,0.14650127075212238,0.14650127075212238,False
15,feature_378,False,,,False
15,feature_379,False,,,False
15,feature_380,False,,,False
15,feature_381,False,,,False
15,feature_382,True,-0.14711796651177714,0.14711796651177714,False
15,feature_383,True,0.1410504943556311,0.1410504943556311,False
15,feature_384,True,-0.19647930432153438,0.19647930432153438,False
15,feature_385,True,-0.21996698433609047,0.21996698433609047,False
15,feature_386,True,-0.14027033566510685,0.14027033566510685,False
15,feature_387,True,0.7976856569400579,0.7976856569400579,True
15,feature_388,True,0.4880982066657828,0.4880982066657828,False
15,feature_389,True,-0.3407618961453167,0.3407618961453167,False
15,feature_390,True,0.1320313743899173,0.1320313743899173,False
15,feature_391,True,0.21102961442840446,0.21102961442840446,False
15,feature_392,True,0.10032085840433824,0.10032085840433824,False
15,feature_393,True,-0.17304148836569055,0.17304148836569055,False
15,feature_394,False,,,False
15,feature_395,False,,,False
15,feature_396,False,,,False
15,feature_397,False,,,False
15,feature_398,False,,,False
15,feature_399,False,,,False
15,feature_400,False,,,False
15,feature_401,False,,,False
15,feature_402,False,,,False
15,feature_403,False,,,False
15,feature_404,False,,,False
15,feature_405,True,-0.05738027851631855,0.05738027851631855,False
15,feature_406,True,0.6574213784993774,0.6574213784993774,False
15,feature_407,True,-0.43645782076903894,0.43645782076903894,False
15,feature_408,True,0.2066142350457453,0.2066142350457453,False
15,feature_409,True,-0.27697271308243915,0.27697271308243915,False
15,feature_410,True,0.05438759673380135,0.05438759673380135,False
15,feature_411,True,0.14578236404718864,0.14578236404718864,False
15,feature_412,True,-0.2612305861363315,0.2612305861363315,False
15,feature_413,True,0.3602080596534681,0.3602080596534681,False
15,feature_414,False,,,False
15,feature_415,True,-0.667695142313079,0.667695142313079,False
15,feature_416,True,0.08113566931091869,0.08113566931091869,False
15,feature_417,True,-0.22373400497581347,0.22373400497581347,False
15,feature_418,True,-0.31527615740246695,0.31527615740246695,False
15,feature_419,True,0.22762912783083739,0.22762912783083739,False
15,feature_420,True,0.21181764645411477,0.21181764645411477,False
15,feature_421,True,-0.39132710889811523,0.39132710889811523,False
15,feature_422,False,,,False
15,feature_423,True,0.14810525174779407,0.14810525174779407,False
15,feature_424,True,0.004633437373262504,0.004633437373262504,False
15,feature_425,True,0.8930798546725582,0.8930798546725582,True
15,feature_426,True,-0.04236767126307809,0.04236767126307809,False
15,feature_427,True,-0.1875514981040641,0.1875514981040641,False
15,feature_428,True,-0.19809083265832736,0.19809083265832736,False
15,feature_429,True,-0.28748983861980976,0.28748983861980976,False
15,feature_430,True,0.23360748489262523,0.23360748489262523,False
15,feature_431,True,0.18250135374619414,0.18250135374619414,False
15,feature_432,True,-0.16646429288804096,0.16646429288804096,False
15,feature_433,True,0.6298872812916316,0.6298872812916316,False
15,feature_434,True,0.0727367026090897,0.0727367026090897,False
15,feature_435,True,0.02623239496113832,0.02623239496113832,False
15,feature_436,True,-0.1043417980619606,0.1043417980619606,False
15,feature_437,True,-0.023800017462796242,0.023800017462796242,False
15,feature_438,True,-0.44641454579149054,0.44641454579149054,False
15,feature_439,True,-0.1418939285118602,0.1418939285118602,False
15,feature_440,True,-0.20623491908483013,0.20623491908483013,False
15,feature_441,True,0.3650790823310944,0.3650790823310944,False
15,feature_442,True,-0.06407387326513408,0.06407387326513408,False
15,feature_443,True,0.16509918235317403,0.16509918235317403,False
15,feature_444,True,-0.2011394876896277,0.2011394876896277,False
15,feature_445,True,0.20811493633716902,0.20811493633716902,False
15,feature_446,True,-0.22427437622876462,0.22427437622876462,False
15,feature_447,True,0.0863246945462243,0.0863246945462243,False
15,feature_448,True,-0.2586955579694289,0.2586955579694289,False
15,feature_449,False,,,False
15,feature_450,False,,,False
15,feature_451,False,,,False
15,feature_452,True,0.03301057505631061,0.03301057505631061,False
15,feature_453,True,-0.10881890527986271,0.10881890527986271,False
15,feature_454,True,-0.3669555972583259,0.3669555972583259,False
15,feature_455,True,0.3751828278751104,0.3751828278751104,False
15,feature_456,True,0.14813925628938585,0.14813925628938585,False
15,feature_457,True,-0.071711011219681,0.071711011219681,False
15,feature_458,False,,,False
15,feature_459,True,-0.11997309776112294,0.11997309776112294,False
15,feature_460,True,-0.07020327147225312,0.07020327147225312,False
15,feature_461,False,,,False
15,feature_462,False,,,False
15,feature_463,False,,,False
15,feature_464,False,,,False
15,feature_465,False,,,False
15,feature_466,False,,,False
15,feature_467,True,0.08394104510263939,0.08394104510263939,False
15,feature_468,True,-0.4000685530659367,0.4000685530659367,False
15,feature_469,True,0.5152512383433129,0.5152512383433129,False
15,feature_470,True,-0.06755595653323083,0.06755595653323083,False
15,feature_471,True,0.5642654880293216,0.5642654880293216,False
15,feature_472,True,-0.3127936054729158,0.3127936054729158,False
15,feature_473,True,0.48726443291898786,0.48726443291898786,False
15,feature_474,True,-0.03208121728090095,0.03208121728090095,False
15,feature_475,True,0.36604693210672634,0.36604693210672634,False
15,feature_476,True,-0.05419713348271558,0.05419713348271558,False
15,feature_477,True,0.5046603072123358,0.5046603072123358,False
15,feature_478,False,,,False
15,feature_479,True,-0.026031079031060448,0.026031079031060448,False
15,feature_480,True,0.05587873703723956,0.05587873703723956,False
15,feature_481,False,,,False
15,feature_482,True,0.38473466205838663,0.38473466205838663,False
15,feature_483,True,0.24036288818532986,0.24036288818532986,False
15,feature_484,True,-0.12114899535052474,0.12114899535052474,False
15,feature_485,True,-0.19367992169485182,0.19367992169485182,False
15,feature_486,True,0.30971376739441364,0.30971376739441364,False
15,feature_487,True,-0.17550517380550437,0.17550517380550437,False
15,feature_488,True,-0.28287159782401167,0.28287159782401167,False
15,feature_489,True,0.2687462963281444,0.2687462963281444,False
15,feature_490,True,-0.29001383931202235,0.29001383931202235,False
15,feature_491,True,0.3483973929084209,0.3483973929084209,False
15,feature_492,True,0.04938061237244242,0.04938061237244242,False
15,feature_493,True,-0.42343661136874994,0.42343661136874994,False
15,feature_494,True,-0.0557053943993194,0.0557053943993194,False
15,feature_495,True,-0.2164432975825246,0.2164432975825246,False
15,feature_496,True,-0.032865661088714526,0.032865661088714526,False
15,feature_497,True,-0.03757796576326738,0.03757796576326738,False
15,feature_498,False,,,False
15,feature_499,True,-0.2835498271423078,0.2835498271423078,False
15,feature_500,True,0.3353050835912086,0.3353050835912086,False
15,feature_501,False,,,False
15,feature_502,False,,,False
15,feature_503,False,,,False
15,feature_504,False,,,False
15,feature_505,False,,,False
15,feature_506,False,,,False
15,feature_507,False,,,False
15,feature_508,False,,,False
15,feature_509,False,,,False
15,feature_510,True,0.8877355097365016,0.8877355097365016,True
15,feature_511,True,0.4054247820000974,0.4054247820000974,False
15,feature_512,False,,,False
15,feature_513,False,,,False
15,feature_514,False,,,False
15,feature_515,False,,,False
15,feature_516,True,-0.1612056474703774,0.1612056474703774,False
15,feature_517,True,0.08983949273033599,0.08983949273033599,False
15,feature_518,True,-0.010874503658255348,0.010874503658255348,False
15,feature_519,True,0.02740165987893569,0.02740165987893569,False
15,feature_520,True,-0.4367143035421832,0.4367143035421832,False
15,feature_521,True,-0.3950371242431248,0.3950371242431248,False
15,feature_522,True,0.037995932688192,0.037995932688192,False
15,feature_523,True,-0.35385591538033456,0.35385591538033456,False
15,feature_524,True,0.24363131288308534,0.24363131288308534,False
15,feature_525,True,-0.07140502444707944,0.07140502444707944,False
15,feature_526,True,-0.023600441575683508,0.023600441575683508,False
15,feature_527,True,0.05791684723684826,0.05791684723684826,False
15,feature_528,False,,,False
15,feature_529,False,,,False
15,feature_530,False,,,False
15,feature_531,False,,,False
15,feature_532,False,,,False
15,feature_533,False,,,False
15,feature_534,False,,,False
15,feature_535,False,,,False
15,feature_536,False,,,False
15,feature_537,False,,,False
15,feature_538,False,,,False
15,feature_539,True,-0.05483124163419565,0.05483124163419565,False
15,feature_540,True,-0.18775274647813664,0.18775274647813664,False
15,feature_541,True,0.43327126387247217,0.43327126387247217,False
15,feature_542,True,0.04872800887500528,0.04872800887500528,False
15,feature_543,True,-0.14301538778018788,0.14301538778018788,False
15,feature_544,True,-0.2161525565471595,0.2161525565471595,False
15,feature_545,True,-0.022888398866132618,0.022888398866132618,False
15,feature_546,True,-0.28278164181678006,0.28278164181678006,False
15,feature_547,True,0.32062235690096397,0.32062235690096397,False
15,feature_548,True,-0.5854018101654327,0.5854018101654327,False
15,feature_549,True,-0.003819843260704897,0.003819843260704897,False
15,feature_550,True,-0.25084930592665505,0.25084930592665505,False
15,feature_551,True,0.27137074541744105,0.27137074541744105,False
15,feature_552,True,0.21551484053761066,0.21551484053761066,False
15,feature_553,True,0.09983679665563125,0.09983679665563125,False
15,feature_554,True,0.2619120991492576,0.2619120991492576,False
15,feature_555,True,-0.419509167248674,0.419509167248674,False
15,feature_556,True,-0.3355744475110355,0.3355744475110355,False
15,feature_557,True,0.27420490187200985,0.27420490187200985,False
15,feature_558,True,-0.12395604245739857,0.12395604245739857,False
15,feature_559,True,-0.14009657266259365,0.14009657266259365,False
15,feature_560,True,0.2685339242524614,0.2685339242524614,False
15,feature_561,True,-0.02978533437541903,0.02978533437541903,False
15,feature_562,True,-0.2630650680911131,0.2630650680911131,False
15,feature_563,True,-0.24348480127679928,0.24348480127679928,False
15,feature_564,True,0.2918454284528304,0.2918454284528304,False
15,feature_565,True,0.08273664903302809,0.08273664903302809,False
15,feature_566,True,-0.4868838409258017,0.4868838409258017,False
15,feature_567,True,0.5114715312702097,0.5114715312702097,False
15,feature_568,True,0.15333975057409122,0.15333975057409122,False
15,feature_569,True,-0.24415093572912608,0.24415093572912608,False
15,feature_570,True,0.4729229870567013,0.4729229870567013,False
15,feature_571,True,-0.2356347347484323,0.2356347347484323,False
15,feature_572,True,0.0005481626139920755,0.0005481626139920755,False
15,feature_573,True,-0.6447270133140798,0.6447270133140798,False
15,feature_574,True,-0.05445687529263141,0.05445687529263141,False
15,feature_575,True,0.4412235765996233,0.4412235765996233,False
15,feature_576,True,-0.03350908432830424,0.03350908432830424,False
15,feature_577,True,-0.7765880504232996,0.7765880504232996,True
15,feature_578,True,-0.4377129023561033,0.4377129023561033,False
15,feature_579,True,0.19372381364103608,0.19372381364103608,False
15,feature_580,True,0.09239010717803099,0.09239010717803099,False
15,feature_581,True,-0.8592113357342183,0.8592113357342183,True
15,feature_582,True,-0.014537800547811572,0.014537800547811572,False
15,feature_583,True,0.14673246670371534,0.14673246670371534,False
15,feature_584,True,-0.018055545511478584,0.018055545511478584,False
15,feature_585,True,0.0879834301134178,0.0879834301134178,False
15,feature_586,True,-0.09498697239376698,0.09498697239376698,False
15,feature_587,True,-0.19999800476452526,0.19999800476452526,False
15,feature_588,True,0.7261701576933739,0.7261701576933739,False
15,feature_589,True,0.054666551614378556,0.054666551614378556,False
