fold,feature,ap_permutation_importance_mean,ap_permutation_importance_std,in_top_k
1,feature_000,-0.0026829485058436353,0.0035144728353748737,False
1,feature_001,-0.0035567874179855685,0.0023541188729059707,False
1,feature_002,-0.0009962167353021651,0.001099864808583333,False
1,feature_003,-0.0009453815622532021,0.00017249319402056385,False
1,feature_004,-0.0024285891241725512,0.0004971466527980088,False
1,feature_005,0.0,0.0,False
1,feature_006,-0.0024220329513603978,0.0010314497504086506,False
1,feature_007,-0.001468578808877315,0.001004430216471833,False
1,feature_008,-0.004151257859378116,0.002887904642306834,False
1,feature_009,-0.0015480058728400692,0.00023396070008169684,False
1,feature_010,-0.0006597512322279823,0.0019103620677819164,False
1,feature_011,-8.131625755978625e-06,0.0007161881833650946,False
1,feature_012,-0.0019954523622592404,0.0012614853688895195,False
1,feature_013,0.0,0.0,False
1,feature_014,-0.0006095372596786145,0.0017177687864449187,False
1,feature_015,-0.0035228572368570985,0.001305582839135666,False
1,feature_016,-0.003628638481199866,0.00017844374848829212,False
1,feature_017,0.0007526926830752068,0.0010356095363439723,False
1,feature_018,-0.0019689315997484247,0.0013816549546108025,False
1,feature_019,-0.00047499390591496105,0.0024475165674936036,False
1,feature_020,0.00035811467483087833,0.0005848521515038645,False
1,feature_021,0.0028664664791044903,0.004295751084966114,True
1,feature_022,-0.0008857313263332759,0.00036352612807201613,False
1,feature_023,-0.002453265547427983,0.0012724840552202222,False
1,feature_024,-0.0016349216109458424,0.00020881964776123414,False
1,feature_025,-0.0027860127979370355,0.0013036911918729887,False
1,feature_026,-0.00014800158910256248,0.0007298509406598064,False
1,feature_027,-0.0008442812864210744,0.0005774067708490626,False
1,feature_028,-0.004709969602579476,0.001933749293758637,False
1,feature_029,0.0004865132114724076,0.0009732085575150276,False
1,feature_030,0.00159203378190087,0.0015479743526619527,False
1,feature_031,0.00823259239261609,0.005110299295842336,True
1,feature_032,-0.0025747383177991043,0.0020857529765301456,False
1,feature_033,-0.00899172320503433,0.013658267237597957,False
1,feature_034,-0.0023983563055227086,0.0011276133892365702,False
1,feature_035,-0.0026890206167868766,0.0008820159222855243,False
1,feature_036,-2.804727645586147e-05,0.001534644401581554,False
1,feature_037,-0.01420074694902082,0.01373732085415206,False
1,feature_038,-0.003992399250733682,0.002525230811613996,False
1,feature_039,0.0027451135244358584,0.0012007371307205764,True
1,feature_040,-0.0033174048872211814,0.003346554028330717,False
1,feature_041,-0.003723474683619258,0.0008449472228876993,False
1,feature_042,0.0,0.0,False
1,feature_043,-0.0004866634804175189,0.0008858849426052782,False
1,feature_044,-0.0035600106556181086,0.00013552667409260277,False
1,feature_045,-0.0029232930985619945,0.0004891712471253028,False
1,feature_046,0.00017541674758927983,0.0010220940452115013,False
1,feature_047,-0.0019085108849083248,0.0010097436869300836,False
1,feature_048,0.0013740357412505195,0.00028221925117883056,False
1,feature_049,0.0,0.0,False
1,feature_050,-0.0026694379588514117,0.0024546999751107737,False
1,feature_051,-0.0005626546911331465,0.00041973358280243255,False
1,feature_052,0.0,0.0,False
1,feature_053,-0.003739184285476732,0.0013355135357246452,False
1,feature_054,-0.0003805302135389821,0.0005752183310955577,False
1,feature_055,-0.0018878711137134037,0.0009713070674699198,False
1,feature_056,-0.0032325663818105568,0.002564670055055521,False
1,feature_057,-0.0021743635905818273,0.0009945728866130794,False
1,feature_058,-0.005705427871829871,0.002159621622715834,False
1,feature_059,0.014482993100040892,0.007450893351899628,True
1,feature_060,-0.001958515809683999,0.0015461679063364822,False
1,feature_061,-0.002843347170840569,0.0021050159804039737,False
1,feature_062,-0.0024719315881197392,0.001109003590056213,False
1,feature_063,-0.001839058727919581,0.0008683544660991135,False
1,feature_064,-0.000534460093281508,0.004038571412783451,False
1,feature_065,-0.004036333091747585,0.00437191594130817,False
1,feature_066,-0.004710213547135393,0.0012654593200058207,False
1,feature_067,-0.002735889188333849,0.002712983812589228,False
1,feature_068,-0.0012126662823380892,0.00022085621466767902,False
1,feature_069,0.0,0.0,False
1,feature_070,-0.004050898218407817,0.002378730710618415,False
1,feature_071,-0.004625112071397551,0.0010120157639546359,False
1,feature_072,-0.0015648077187837561,0.0007960001091031728,False
1,feature_073,-0.003533364849649214,0.0015127048638099545,False
1,feature_074,0.0,0.0,False
1,feature_075,-0.0043000953589047335,0.002423192710088625,False
1,feature_076,-0.001667826896999569,0.001385893698595736,False
1,feature_077,-0.0017794537515079996,0.0012286495923973218,False
1,feature_078,-0.0008367311653606121,0.0016502575581625303,False
1,feature_079,-0.00381362465617933,0.0031964609011694025,False
1,feature_080,-0.003189039058702131,0.001094793047962601,False
1,feature_081,0.0017147324489902211,0.0031574218786104328,True
1,feature_082,0.0006590687471087209,0.0006765641772565301,False
1,feature_083,-0.003450022415340583,0.0011873686270876698,False
1,feature_084,4.254070227162806e-05,0.001671668724543087,False
1,feature_085,1.4733357505162617e-05,3.998842462363796e-05,False
1,feature_086,-0.0014667984259823612,0.0009829492668254134,False
1,feature_087,0.0011698785200499235,0.001345522044667879,False
1,feature_088,-0.015204505386701012,0.012631725778279004,False
1,feature_089,-0.002878828813879066,0.0013387695829518086,False
1,feature_090,0.0018059452573215655,0.0024838233011899896,True
1,feature_091,-0.0021640932653322897,0.0019768673909578626,False
1,feature_092,-0.0017013227633818166,0.0028326041355797903,False
1,feature_093,-0.0023906576576032588,0.001441992754202857,False
1,feature_094,0.0009603425623230707,0.001253805073122235,False
1,feature_095,-0.0007642980575433,0.0012651265689186783,False
1,feature_096,-0.0002565247937565777,0.0022539229946942256,False
1,feature_097,0.0,0.0,False
1,feature_098,-0.0008130381967761483,0.0007962180448459913,False
1,feature_099,-0.000825097590309474,0.0012706012494096818,False
1,feature_100,-0.0011088161907575795,0.0005198168718168278,False
1,feature_101,-0.001346537761506524,0.00025404294613088046,False
1,feature_102,0.0022301925664289235,0.0017105479873477404,True
1,feature_103,-0.0002233082522134037,0.010490532275634106,False
1,feature_104,-0.00044037810348447154,0.001684655275012808,False
1,feature_105,0.0015634604149082447,0.0008204659766308461,False
1,feature_106,-0.0023367124862982702,0.0008879823988630503,False
1,feature_107,-0.0018414306254182315,0.001670197614401631,False
1,feature_108,-0.0014291916614365037,0.0015636729937738366,False
1,feature_109,0.0002419931879732625,0.0001546783791359627,False
1,feature_110,-0.00023975649097926488,0.00015415639490833552,False
1,feature_111,-0.0014711564519688802,0.000967926629897526,False
1,feature_112,0.0005137385986666854,0.0007201726129168244,False
1,feature_113,0.0006138592567879742,0.0008136770902845719,False
1,feature_114,5.040788376280599e-05,3.568793682382667e-05,False
1,feature_115,-0.009250869106888484,0.014321625779209035,False
1,feature_116,-0.0008074552005476557,0.0011533145989808472,False
1,feature_117,-0.0047304751060021355,0.002360907076344603,False
1,feature_118,-0.0009971410485391057,0.00011372485108087122,False
1,feature_119,-0.001806367736577219,0.0013758467635379707,False
1,feature_120,-0.006285286795399349,0.0030034753323129426,False
1,feature_121,-0.0033788629742414846,0.0003837034194766483,False
1,feature_122,-0.0017087154240675029,0.00034503569326697914,False
1,feature_123,-0.007365034463821908,0.0013309216458987404,False
1,feature_124,-0.00792885136175353,0.0007250663934374609,False
1,feature_125,-0.0011246897607661104,0.0021394328374516524,False
1,feature_126,0.00017849317255005012,0.0008573075047940185,False
1,feature_127,-0.0023389301878671185,0.0030820952267745934,False
1,feature_128,-0.002378053382741182,0.0006036840811763772,False
1,feature_129,-0.011060539153128527,0.017332455039914877,False
1,feature_130,-0.005144974770873963,0.002110267544524819,False
1,feature_131,-0.0013979234229868631,0.0010443606399718182,False
1,feature_132,-0.0026289424050997454,0.0010033413245853244,False
1,feature_133,-0.003435317997327788,0.00023773238509904862,False
1,feature_134,0.0006940567750940615,0.0006606438913480402,False
1,feature_135,-0.0033141014948986636,0.001110592658984129,False
1,feature_136,-0.0010421319346257025,0.00043215005211375446,False
1,feature_137,0.003532757266038161,0.003985876357591991,True
1,feature_138,-0.00011771660611546257,0.00028904426843088865,False
1,feature_139,-0.0016256771425836036,0.00023339851693573953,False
1,feature_140,-0.004268829741718948,0.0008166230209744148,False
1,feature_141,0.0,0.0,False
1,feature_142,0.0007694406889753683,0.0002993626405419437,False
1,feature_143,0.00019910685123705751,0.00035449113119759664,False
1,feature_144,-0.0029100328517318954,0.002641583891364937,False
1,feature_145,-0.004371582217850491,0.0011316468416251986,False
1,feature_146,-0.0010572320669255582,0.0015798609840213436,False
1,feature_147,-0.00018039875638266775,0.0002931835612090596,False
1,feature_148,-0.001085012526656437,0.00030729436689254906,False
1,feature_149,0.0,0.0,False
1,feature_150,-0.0044482001700144325,0.001270240137496253,False
1,feature_151,-0.0031269198915851817,0.001187241003926491,False
1,feature_152,-0.002238450615932345,0.0008204007426602773,False
1,feature_153,-0.002862783146627144,0.0016643140259446777,False
1,feature_154,-0.0011771562648768275,0.00010469721121453179,False
1,feature_155,0.0007160960363189103,0.0005498687315612671,False
1,feature_156,-0.003326807274224695,0.0012450381292516564,False
1,feature_157,-0.00018159621404552814,0.00019732142763630812,False
1,feature_158,-0.0003057911188297328,0.00017137496914291137,False
1,feature_159,6.996125709051355e-05,0.0005081367448886484,False
1,feature_160,-0.002245383244449219,0.0019249715934364932,False
1,feature_161,-6.523702675551024e-05,0.0014438030596465492,False
1,feature_162,-0.003605511837533317,0.001420010444852097,False
1,feature_163,0.002936683871858664,0.0015337562243863407,True
1,feature_164,-0.0008201634989165688,0.0005249619825172167,False
1,feature_165,-0.0012300182882437338,0.0012197753784662663,False
1,feature_166,-0.004645805137485405,0.00020555505348242195,False
1,feature_167,-0.0009734279434481149,0.00064291176284395,False
1,feature_168,-0.0024329346374262206,0.0018460289125482286,False
1,feature_169,-2.7453517501737266e-06,0.0010920225481309415,False
1,feature_170,0.0004941402885397886,0.00026866351017598857,False
1,feature_171,-0.0018009303806586496,0.0004396446352831024,False
1,feature_172,-0.0013384311598757526,0.0010377855860349342,False
1,feature_173,-0.0006307218487317893,0.0001797883328879122,False
1,feature_174,3.5967056232183436e-05,0.0012723873196160552,False
1,feature_175,0.002816311147026407,0.0010092484489987793,True
1,feature_176,5.249744211332138e-05,0.0011525034679972684,False
1,feature_177,0.0003869413678138182,0.0004592800563985429,False
1,feature_178,0.0,0.0,False
1,feature_179,0.0,0.0,False
1,feature_180,0.001886318645629011,0.0002809468784785749,True
1,feature_181,-0.004591996310693773,0.001233102643978923,False
1,feature_182,-0.003215836858410148,0.0002274308896900788,False
1,feature_183,-0.0009260070155270306,0.0010607592789131993,False
1,feature_184,-7.210377222243343e-05,0.0009154270235560756,False
1,feature_185,-0.003974486121371329,0.0001881913309590483,False
1,feature_186,0.0,0.0,False
1,feature_187,-0.002580073385892556,0.0019103885528760137,False
1,feature_188,0.00043907147245577277,0.0003215445913365372,False
1,feature_189,0.0,0.0,False
1,feature_190,0.0,0.0,False
1,feature_191,0.0,0.0,False
1,feature_192,0.0,0.0,False
1,feature_193,0.0,0.0,False
1,feature_194,0.0,0.0,False
1,feature_195,0.001829488233968446,0.0012600985294872896,True
1,feature_196,-0.0033075376553467852,0.001453387931539642,False
1,feature_197,-0.004542303882050337,0.0019768153658231476,False
1,feature_198,-0.0008187634301643395,0.0011019631766118671,False
1,feature_199,-0.0016148377583103946,0.0006252105913925691,False
1,feature_200,0.0007910018953596332,0.0024563697640660287,False
1,feature_201,-0.0015530653576144304,0.001722592560231082,False
1,feature_202,-0.001411589174551577,0.0014993037058522775,False
1,feature_203,-0.00692016281504923,0.0025490069753483003,False
1,feature_204,-0.0017693418068620292,0.0012639555963278952,False
1,feature_205,-0.0032888464671991893,0.0023374431934364095,False
1,feature_206,0.0,0.0,False
1,feature_207,0.0010742467433124958,0.0010514518445651016,False
1,feature_208,-0.004869824484625686,0.0005822292223770069,False
1,feature_209,0.0,0.0,False
1,feature_210,-0.0041902776417272565,0.000831934890118319,False
1,feature_211,-2.5480242482380417e-05,0.0008581173552615453,False
1,feature_212,-0.0013188519515419754,0.0006045293244777762,False
1,feature_213,-0.01829487413096122,0.015448631354102564,False
1,feature_214,0.0014940161927788909,0.0006113411117547545,False
1,feature_215,0.0015127216512008934,0.0002863757297207603,False
1,feature_216,-0.0005090365313022612,0.0007034095065098432,False
1,feature_217,0.000875519734768293,0.0009902643542995671,False
1,feature_218,-0.0019740596363477525,0.0012670860741992827,False
1,feature_219,0.00031455648422393234,0.0005998712440775929,False
1,feature_220,-3.4043227172690184e-05,4.617423803629481e-05,False
1,feature_221,-0.0014307245244815174,0.000846993289329723,False
1,feature_222,0.0003418120927870712,0.0010561258114906726,False
1,feature_223,-0.0028119797643207656,0.0018879428565148166,False
1,feature_224,-0.0003526155655021179,0.0010316628924295337,False
1,feature_225,-0.002060254093777719,0.0015297262591543988,False
1,feature_226,0.0,0.0,False
1,feature_227,-0.004430101149271458,0.0023406938046881933,False
1,feature_228,-0.005747019786117968,0.0022591018101469893,False
1,feature_229,0.0,0.0,False
1,feature_230,0.0,0.0,False
1,feature_231,0.0,0.0,False
1,feature_232,0.0,0.0,False
1,feature_233,0.0,0.0,False
1,feature_234,0.0,0.0,False
1,feature_235,0.0,0.0,False
1,feature_236,0.0,0.0,False
1,feature_237,0.0,0.0,False
1,feature_238,0.00028589601539810716,0.0006077571890042038,False
1,feature_239,-0.0010414154201126569,0.00041454097553061714,False
1,feature_240,0.0,0.0,False
1,feature_241,0.0,0.0,False
1,feature_242,0.0,0.0,False
1,feature_243,0.0,0.0,False
1,feature_244,0.0002776107899532809,0.00037569492234467713,False
1,feature_245,-0.0014404826116311646,0.00017803636940468765,False
1,feature_246,5.304287976095242e-05,0.0001790493760641248,False
1,feature_247,-0.0022664929435637824,0.0012827358273597984,False
1,feature_248,-3.6313319566142845e-06,0.0012539616667366542,False
1,feature_249,0.0,0.0,False
1,feature_250,-0.0010716373208791985,0.0027036305598332013,False
1,feature_251,-0.0029295232109296334,0.0013837527802785083,False
1,feature_252,-0.0050149382062605425,0.0038358143899385414,False
1,feature_253,0.0009503154676951305,0.0006755878474764126,False
1,feature_254,-0.0005837471836982374,0.0014384191442159998,False
1,feature_255,-0.002115138098638928,0.003921373991801301,False
1,feature_256,0.0,0.0,False
1,feature_257,0.0,0.0,False
1,feature_258,0.0,0.0,False
1,feature_259,0.0,0.0,False
1,feature_260,0.0,0.0,False
1,feature_261,0.0,0.0,False
1,feature_262,0.0,0.0,False
1,feature_263,0.0,0.0,False
1,feature_264,0.0,0.0,False
1,feature_265,0.0,0.0,False
1,feature_266,0.0,0.0,False
1,feature_267,0.0006029048080499755,0.0004184568139222336,False
1,feature_268,-0.004315052232782214,0.0011991134023257263,False
1,feature_269,-0.002024753903357638,0.0003268338300561747,False
1,feature_270,0.0005939496097421282,0.0011556263362639471,False
1,feature_271,-0.00010190441812059821,0.0009490851342084179,False
1,feature_272,0.0007838058378341617,0.0014273060689261434,False
1,feature_273,-0.0012349196947150087,0.0025611178653989672,False
1,feature_274,-0.00017174945612057532,0.0009004620877104588,False
1,feature_275,-0.0038934178760981486,0.0008455133447815347,False
1,feature_276,0.0,0.0,False
1,feature_277,-6.784249916495326e-06,0.0007394937118243968,False
1,feature_278,-0.0016155435603593116,0.001215040385773952,False
1,feature_279,-0.0009633289538369302,0.0008198455252678923,False
1,feature_280,-0.0006985805454684616,0.0006001791697016121,False
1,feature_281,-7.134812146110854e-06,0.00042322900468944616,False
1,feature_282,0.0003723224866513571,0.0005631341272866788,False
1,feature_283,0.0004843143462840427,0.0005438097565953567,False
1,feature_284,0.0,0.0,False
1,feature_285,-0.0009039018654480776,0.0025286836425547523,False
1,feature_286,-0.0012049843410127288,0.0007481233615253894,False
1,feature_287,-0.00020506984066373524,0.0014610846408378093,False
1,feature_288,-0.0017801126373891512,0.0006975500831956976,False
1,feature_289,-0.0015154369563540326,0.0003740377008309179,False
1,feature_290,-0.00014469823183100675,0.00019415178211536736,False
1,feature_291,-7.999830531465098e-05,0.0013350848056082212,False
1,feature_292,1.6204829039051516e-05,2.2917089002964024e-05,False
1,feature_293,-0.0003766100963531749,0.00036767673332384056,False
1,feature_294,0.002012050278572902,0.0005068573505446546,True
1,feature_295,-0.004437373775070891,0.002191876671753783,False
1,feature_296,-0.001288686644955526,0.0022461021020304846,False
1,feature_297,-0.00277003311427218,0.001080405664261896,False
1,feature_298,-0.001712841172875984,0.0006674613277102876,False
1,feature_299,-0.002327817817355767,0.0020642079120791784,False
1,feature_300,-0.0022917288612021394,0.0004418043493224248,False
1,feature_301,-0.0045414638951972635,0.001060324669709275,False
1,feature_302,-0.0027316070609782936,0.0015568883283135543,False
1,feature_303,-0.002082739364179418,0.0009914007650898896,False
1,feature_304,-0.0009127338798719242,0.0010962734536092344,False
1,feature_305,0.0009792211562317337,0.0004431213524887628,False
1,feature_306,-0.0022124636695254976,0.001126855953942492,False
1,feature_307,0.0002866281407203075,0.00125135307559697,False
1,feature_308,-0.0011031263647932703,0.001161335880042874,False
1,feature_309,-0.0011272331831347255,0.001438094890914097,False
1,feature_310,-0.0010057568332774158,0.0006529250499125357,False
1,feature_311,-0.0011117529811094189,0.001461629372681175,False
1,feature_312,-0.0021609719558635296,0.0002938329655965865,False
1,feature_313,0.0,0.0,False
1,feature_314,0.0,0.0,False
1,feature_315,0.0,0.0,False
1,feature_316,-0.007670708674547333,0.0014210179645776666,False
1,feature_317,-0.0018178780119923372,0.001409509879483941,False
1,feature_318,-0.004923419800734703,0.000659937489004768,False
1,feature_319,-0.00043327754347047276,0.002530556091604114,False
1,feature_320,-0.0008419546874079697,0.000588952447731431,False
1,feature_321,-0.004380855048485954,0.0001538609812635036,False
1,feature_322,0.0,0.0,False
1,feature_323,-0.0006695867786389031,0.0010630828191821333,False
1,feature_324,0.0010468207369751514,0.00030570210325655184,False
1,feature_325,0.0,0.0,False
1,feature_326,0.0,0.0,False
1,feature_327,0.0,0.0,False
1,feature_328,0.0,0.0,False
1,feature_329,0.0,0.0,False
1,feature_330,0.0,0.0,False
1,feature_331,0.000666047085547942,0.0014607348527908004,False
1,feature_332,-0.0017457919340937895,0.0007866003165994853,False
1,feature_333,-0.0006903274257762104,0.0021171500467080454,False
1,feature_334,-0.00012280933584308631,0.000786589722683528,False
1,feature_335,-0.0012847486973623183,0.00021106556434306417,False
1,feature_336,0.0003145981666284973,0.0011195431939581492,False
1,feature_337,-0.002736749514760606,0.00011898765202263335,False
1,feature_338,-0.0022970307187342165,0.0014875799963958518,False
1,feature_339,-0.0019448939547318338,0.0018950178911496356,False
1,feature_340,-7.969668294616206e-05,0.0003994636297711707,False
1,feature_341,-0.006949479175457102,0.0030340031978216306,False
1,feature_342,0.0,0.0,False
1,feature_343,0.00034649901006405154,0.0005393523895189388,False
1,feature_344,-0.009927214059696663,0.0044185402336628125,False
1,feature_345,-0.0036651359922720284,0.0009258055906299595,False
1,feature_346,-0.0016834618073641172,0.00288658737480467,False
1,feature_347,0.0,0.0,False
1,feature_348,-0.0034349547213810374,0.000436717517180796,False
1,feature_349,-0.0012721598512138537,0.00024028379699941855,False
1,feature_350,-0.0034579138874890982,0.0007896543769628115,False
1,feature_351,-9.792286848713434e-05,0.0002442962748770928,False
1,feature_352,0.0005116370355259525,0.002010971243181902,False
1,feature_353,-0.002255979508694254,0.001143183381691909,False
1,feature_354,-0.0040733745862539155,0.0007451802555986054,False
1,feature_355,-0.003695570147227073,0.002767962278617235,False
1,feature_356,-0.0007586378011619673,0.0006898566951077033,False
1,feature_357,-0.0002918106567612137,0.0009656561432854415,False
1,feature_358,0.0,0.0,False
1,feature_359,-0.00023388984792675296,0.00038063545427867315,False
1,feature_360,0.0003837170168949448,0.0003609590183294144,False
1,feature_361,-0.001180781824167837,0.0004592062927953834,False
1,feature_362,-0.0022213036191121582,0.0005660991440092181,False
1,feature_363,-0.0014078381462309202,0.000743893797669925,False
1,feature_364,0.0,0.0,False
1,feature_365,-0.0033535118121506093,0.001174956678424088,False
1,feature_366,-0.006380771655632149,0.0007118490111957232,False
1,feature_367,-0.002577856767810508,0.0016040306911538416,False
1,feature_368,-0.001444090332884738,0.0007515343408986942,False
1,feature_369,0.0,0.0,False
1,feature_370,0.0,0.0,False
1,feature_371,0.0,0.0,False
1,feature_372,0.0,0.0,False
1,feature_373,0.0,0.0,False
1,feature_374,0.0,0.0,False
1,feature_375,0.0,0.0,False
1,feature_376,-0.001226584356530484,0.0005088192972600704,False
1,feature_377,0.0014935900231958326,0.0011440142987112294,False
1,feature_378,0.0,0.0,False
1,feature_379,0.0,0.0,False
1,feature_380,0.0,0.0,False
1,feature_381,0.0,0.0,False
1,feature_382,-0.0005738821024083943,0.0004032922617280895,False
1,feature_383,0.00038586794750115433,0.0006166576046483868,False
1,feature_384,-0.0007453753803592275,0.00026973656629002905,False
1,feature_385,-0.0009745979006163715,0.0010642562306385586,False
1,feature_386,0.00010060122091773427,0.0011078512674158915,False
1,feature_387,2.4479204915421143e-05,3.4618823587498716e-05,False
1,feature_388,-0.0007685457925293108,0.0003264274698162756,False
1,feature_389,0.0010902414959757707,0.0008150494412781564,False
1,feature_390,0.0013209119050042184,0.002242785557506521,False
1,feature_391,-0.0013146148978361305,0.0010829587146526383,False
1,feature_392,-0.0010168994397713738,0.00038888005354406727,False
1,feature_393,-0.0013686420252593072,0.0007924278456201427,False
1,feature_394,0.0,0.0,False
1,feature_395,0.0,0.0,False
1,feature_396,0.0,0.0,False
1,feature_397,0.0,0.0,False
1,feature_398,0.0,0.0,False
1,feature_399,0.0,0.0,False
1,feature_400,0.0,0.0,False
1,feature_401,0.0,0.0,False
1,feature_402,0.0,0.0,False
1,feature_403,0.0,0.0,False
1,feature_404,0.0,0.0,False
1,feature_405,-0.0032754003984698334,0.0007248350219250891,False
1,feature_406,-0.001745380844834434,0.00028664158684524365,False
1,feature_407,-0.0025397577237116498,0.0011270984310914626,False
1,feature_408,-0.0032330938752384666,0.001982630888556966,False
1,feature_409,-0.001830267577463777,0.0007881911910976348,False
1,feature_410,-0.0013231565471555813,0.000818819423003014,False
1,feature_411,-0.0022220325129532017,0.0018244322730269185,False
1,feature_412,2.209022909388514e-05,0.00028264209765308825,False
1,feature_413,-0.0009406398424436635,0.0006757073628180689,False
1,feature_414,0.0,0.0,False
1,feature_415,-0.002953243640774437,0.0021051541455921518,False
1,feature_416,-0.006278459409841286,0.0022610956126418212,False
1,feature_417,0.0015150862148984219,0.0018163274613327983,False
1,feature_418,-0.0033395175487401876,0.0018253896730458248,False
1,feature_419,-0.0018314760639503158,0.0015925424895414347,False
1,feature_420,-0.0008925310801492595,0.0013887024978007985,False
1,feature_421,-0.00037929510777987935,0.0004668724758065358,False
1,feature_422,0.0,0.0,False
1,feature_423,-0.0008522843476612696,0.0007335017020101419,False
1,feature_424,-0.0005981978395059503,0.0004294845660140668,False
1,feature_425,-0.010964546389094018,0.014476199411172846,False
1,feature_426,-0.0013205185961393435,0.001380772292574336,False
1,feature_427,-0.004740798716129868,0.0011534221864628288,False
1,feature_428,-0.0014212825115706151,0.00041708117665375627,False
1,feature_429,5.3404294916227966e-05,0.00034046167003925506,False
1,feature_430,0.0010527278756726304,0.0006179866218279724,False
1,feature_431,-0.0004053206888107082,0.0006145689846696298,False
1,feature_432,0.00013587324520987024,0.00038615193062110003,False
1,feature_433,-0.0016103580601124583,0.0006716849786172526,False
1,feature_434,-9.911315335879115e-06,0.0010611816830040585,False
1,feature_435,-0.00016762821986300117,0.0005964979730122913,False
1,feature_436,0.0007418818239062949,0.00043435231103365537,False
1,feature_437,0.0008411030130670849,0.00038649511130373375,False
1,feature_438,-0.0029530831745866923,0.0011496087972632423,False
1,feature_439,-0.0012182660309777253,0.0010608734326394867,False
1,feature_440,7.328141264053197e-05,8.012653864568998e-05,False
1,feature_441,0.000505594145951869,0.00023930843332990945,False
1,feature_442,-0.0004364995054357464,0.0004332978771348949,False
1,feature_443,-0.002432334122290094,0.0018484714985028427,False
1,feature_444,-0.004598747045639275,0.0013167091691939272,False
1,feature_445,-0.002036046091468171,0.0015471074340060566,False
1,feature_446,0.0035137270947559938,0.00016627939663306173,True
1,feature_447,-0.0010562637422427597,0.0012401450229929624,False
1,feature_448,-0.000832141078258288,0.00026387006764626975,False
1,feature_449,0.0,0.0,False
1,feature_450,0.0,0.0,False
1,feature_451,0.0,0.0,False
1,feature_452,0.0020986443541815003,0.0007983893167555524,True
1,feature_453,-1.8247346908880264e-05,0.00039705835850855037,False
1,feature_454,-0.003072549118165032,0.00031203346100158085,False
1,feature_455,-0.0019819614076822998,0.0029157314294227295,False
1,feature_456,-0.001111938022259118,0.000411364717412928,False
1,feature_457,0.001522876481980573,0.0007921060268041979,False
1,feature_458,0.0,0.0,False
1,feature_459,-0.0013092361190591428,0.0030032434460993017,False
1,feature_460,-0.0019768334572502397,0.004599953228816402,False
1,feature_461,0.0,0.0,False
1,feature_462,0.0,0.0,False
1,feature_463,0.0,0.0,False
1,feature_464,0.0,0.0,False
1,feature_465,0.0,0.0,False
1,feature_466,0.0,0.0,False
1,feature_467,-0.005204460642564847,0.0014766395564210536,False
1,feature_468,-0.0009887185012034672,0.002659996295168378,False
1,feature_469,-1.9143158996694682e-05,0.0011024362741702055,False
1,feature_470,0.0006797864968803302,0.0008263262635492018,False
1,feature_471,-0.0012177650631717645,0.0008624462210370751,False
1,feature_472,-0.0020731710317685634,0.0006801415769604046,False
1,feature_473,-0.0023462922519074483,0.0014188296082580233,False
1,feature_474,-0.0015310924896347795,0.0010334942221809716,False
1,feature_475,-0.0014766238437314005,0.0018367717293961108,False
1,feature_476,-0.002476877311546536,0.00046970761206173634,False
1,feature_477,-0.008960663640832608,0.003924681167612246,False
1,feature_478,0.0,0.0,False
1,feature_479,0.0018327219682089946,0.0005761078452806962,True
1,feature_480,-0.005931150627273636,0.0026157190080293977,False
1,feature_481,0.0,0.0,False
1,feature_482,-0.0004552866694996956,0.00023669135025056897,False
1,feature_483,0.0009171958729540242,0.0007186161694496355,False
1,feature_484,0.0005315727639877699,0.001372091328863625,False
1,feature_485,-6.532862139889868e-05,0.0010531719639681751,False
1,feature_486,-0.0018685941088484037,0.0014780465300548292,False
1,feature_487,-0.0014824406699858554,0.0005283113688237175,False
1,feature_488,0.002501996642372125,0.0007108181955683147,True
1,feature_489,-0.0003906928389754427,0.005383887727173962,False
1,feature_490,-0.012148012358120075,0.0182302576642242,False
1,feature_491,-2.673437316305649e-05,0.0005426616621838189,False
1,feature_492,0.0,0.0,False
1,feature_493,0.0006479812449021368,0.0013121628790614172,False
1,feature_494,-0.0005134308895293945,0.0011535939595276477,False
1,feature_495,-0.005852681311208373,0.0014749353239101454,False
1,feature_496,-0.003011058787546613,0.002440848338831834,False
1,feature_497,0.0014846124346815925,0.002333897388346341,False
1,feature_498,0.0,0.0,False
1,feature_499,-0.0036455622872006064,0.00034043045256849154,False
1,feature_500,-0.00046357155259182936,0.001642965172244649,False
1,feature_501,0.0,0.0,False
1,feature_502,0.0,0.0,False
1,feature_503,0.0,0.0,False
1,feature_504,0.0,0.0,False
1,feature_505,0.0,0.0,False
1,feature_506,0.0,0.0,False
1,feature_507,0.0,0.0,False
1,feature_508,0.0,0.0,False
1,feature_509,0.0,0.0,False
1,feature_510,-0.01639098944042346,0.013287608486726298,False
1,feature_511,-0.0016068192236807222,0.00024958050765557785,False
1,feature_512,0.0,0.0,False
1,feature_513,0.0,0.0,False
1,feature_514,0.0,0.0,False
1,feature_515,0.0,0.0,False
1,feature_516,-0.0005995944614813157,0.0007704428851186641,False
1,feature_517,-0.00017233724481587517,0.0002982562110362758,False
1,feature_518,0.00016146846979761542,0.0005054167488930952,False
1,feature_519,-0.0033671787281790064,0.0014487694536839575,False
1,feature_520,-0.0005140613365549884,0.0008805729828458488,False
1,feature_521,0.0,0.0,False
1,feature_522,-0.0011688202193261092,0.0009464190260049755,False
1,feature_523,-0.002257018116862769,0.0023184634073428988,False
1,feature_524,-0.003752063398403551,0.003796649826270534,False
1,feature_525,-0.001548186386820601,2.2508752758430014e-05,False
1,feature_526,-0.0028202930474149532,0.0009734686287994434,False
1,feature_527,-0.0008450993667450576,0.0011541315168610085,False
1,feature_528,0.0,0.0,False
1,feature_529,0.0,0.0,False
1,feature_530,0.0,0.0,False
1,feature_531,0.0,0.0,False
1,feature_532,0.0,0.0,False
1,feature_533,0.0,0.0,False
1,feature_534,0.0,0.0,False
1,feature_535,0.0,0.0,False
1,feature_536,0.0,0.0,False
1,feature_537,0.0,0.0,False
1,feature_538,0.0,0.0,False
1,feature_539,-2.3400035023860937e-05,0.0014641582200488434,False
1,feature_540,-0.0010943634449062933,0.0001472222160372445,False
1,feature_541,-0.0025594106310429707,0.0004766185328817919,False
1,feature_542,-0.00169910861329343,0.0009934816106572275,False
1,feature_543,-0.00048603117743592494,0.00020073899776831957,False
1,feature_544,-0.00037661967853542627,6.95564442141333e-05,False
1,feature_545,-0.00021494300415823378,0.00014279246131098625,False
1,feature_546,-0.0015316195183968189,0.00038438666878186687,False
1,feature_547,-0.0021078342641343193,0.0010588568208013687,False
1,feature_548,0.0005890931849263092,0.000417875197713081,False
1,feature_549,4.052119965564094e-05,0.0002800726364410239,False
1,feature_550,-0.0026409395379503042,0.0024026707906091294,False
1,feature_551,-0.003933738596642922,0.00274328246099824,False
1,feature_552,-0.0019546212810521066,0.000955135555257433,False
1,feature_553,-4.116123465541799e-06,0.0006311198851414141,False
1,feature_554,-0.0025990287366179643,0.00127261841561616,False
1,feature_555,-0.0028021197280940955,0.0015423786257872543,False
1,feature_556,-4.5201598199271866e-05,0.00015881578495341323,False
1,feature_557,-0.004104370646123123,0.0011719099094566518,False
1,feature_558,0.0008152342478417174,0.0004040798340039201,False
1,feature_559,-0.000849907561122141,0.001603340675202655,False
1,feature_560,0.0025329650597127515,0.001546446506264451,True
1,feature_561,-0.0005623016918329579,0.0010792754084003077,False
1,feature_562,-0.0009090746400027735,0.001121012275463812,False
1,feature_563,0.0018640899881995816,0.0004540162991846352,True
1,feature_564,-0.0016941268606076125,0.0003983156761821722,False
1,feature_565,-0.00037397182431814224,0.00033848036338800285,False
1,feature_566,0.00012901722686472125,0.00022388352590024368,False
1,feature_567,0.00014041308491011262,0.00083945866390542,False
1,feature_568,-0.00023837233848885328,0.00031493381089853245,False
1,feature_569,-0.0007224308513670008,0.0002942965244066373,False
1,feature_570,-0.002168155885938485,0.00034602247820769667,False
1,feature_571,-0.0039060273712463456,0.0030428764036994405,False
1,feature_572,-0.0002622654984677693,0.0007196410393761523,False
1,feature_573,0.0005760096780240606,0.0011267915910987537,False
1,feature_574,-0.0010288878313834589,0.0011369778244586257,False
1,feature_575,0.0006796352090341998,0.0006771790663685065,False
1,feature_576,-0.003150337926000261,0.0008108523763724095,False
1,feature_577,-0.0016360827713051602,0.0008048452468073334,False
1,feature_578,-0.0030247830612297653,0.0025103429864371304,False
1,feature_579,0.0010658035622550428,0.0007240261981089116,False
1,feature_580,-0.00013746309277460714,0.0003463939100159543,False
1,feature_581,-6.967617263788546e-05,0.0005426507301395275,False
1,feature_582,-0.005620201461895245,0.0005265386703976254,False
1,feature_583,-0.0007554262825603028,0.0010808579122090771,False
1,feature_584,0.0010371690482608071,0.0003458100687415718,False
1,feature_585,-0.0035821514253321827,0.0006125293350297776,False
1,feature_586,0.00016372955454879712,0.0006041975346672074,False
1,feature_587,0.003064634572963696,0.0007159102395546267,True
1,feature_588,0.0006162850543260748,0.0011688861544971172,False
1,feature_589,-0.0002469524273958079,0.0023555296831869925,False
2,feature_000,0.005437668832941463,0.0014732863005303995,False
2,feature_001,-0.005375951232702773,0.002585384669201745,False
2,feature_002,-0.0033861950948091226,0.002423688211405731,False
2,feature_003,-0.001795774304562477,0.003913745486004726,False
2,feature_004,-0.002562587884003783,0.0018105537899300388,False
2,feature_005,0.0,0.0,False
2,feature_006,-0.004358977162819373,0.0014788211497942696,False
2,feature_007,-0.005880620510605024,0.005193290022023476,False
2,feature_008,0.0004554255130847784,0.0024003554412695967,False
2,feature_009,-0.001434675001967367,0.0006562568112869693,False
2,feature_010,-0.006193101356533966,0.0022124545110296765,False
2,feature_011,-0.00508918320402757,0.0033835438749767856,False
2,feature_012,9.296591743535958e-05,0.002602549239168558,False
2,feature_013,0.0,0.0,False
2,feature_014,0.00987824962926473,0.0011757474263556732,True
2,feature_015,0.002967752606703853,0.0042305773198300775,False
2,feature_016,-0.0080209693466054,0.007563738009422872,False
2,feature_017,-0.000849044703344635,0.0020712036784867795,False
2,feature_018,-0.0033693359071963656,0.004559360474654049,False
2,feature_019,0.0017392909081083245,0.0019763007527430435,False
2,feature_020,0.0010686004964376161,0.0015034422696685406,False
2,feature_021,0.0012632044387236308,0.001319316777980168,False
2,feature_022,-0.0021748696563181347,0.002540677512861501,False
2,feature_023,-0.005424522484876089,0.004382753025247711,False
2,feature_024,-0.008430342313992756,0.001768449878390356,False
2,feature_025,-0.006152788672769897,0.002452101344972641,False
2,feature_026,0.002196286431320841,0.00381148871872446,False
2,feature_027,-0.004332253692198733,0.0020017661296023274,False
2,feature_028,-0.00030204634042919437,0.004461832008037423,False
2,feature_029,-0.0009528324032330449,0.00374606592299912,False
2,feature_030,0.0008638693667648208,0.003502594837133206,False
2,feature_031,0.007468020266497659,0.011664532769234348,True
2,feature_032,-0.009760028893949058,0.0009853706773202448,False
2,feature_033,0.02308865486654399,0.005044939832218635,True
2,feature_034,-0.0005426117326441845,0.004262548530667125,False
2,feature_035,-0.0005412914654719936,0.00213809396197615,False
2,feature_036,-0.0022590882027873627,0.002701473210231698,False
2,feature_037,-0.007465968054466365,0.00750492254362594,False
2,feature_038,-0.00027120443543233547,0.002552885102293281,False
2,feature_039,-0.003991391679497895,0.0033354176117533917,False
2,feature_040,-0.002988613610903579,0.002683988016735527,False
2,feature_041,0.0010086988468493245,0.001852013567100696,False
2,feature_042,0.0,0.0,False
2,feature_043,-0.0007354124994701413,0.0008233162790455615,False
2,feature_044,-0.0053411798087156055,0.004974317538390798,False
2,feature_045,-0.005825530672672534,0.0020633686826674706,False
2,feature_046,-0.007261812757557736,0.0004191848136860613,False
2,feature_047,-0.007166013610474198,0.0007159331155436269,False
2,feature_048,-0.0032643084840093075,0.0013167314583050866,False
2,feature_049,0.0,0.0,False
2,feature_050,-0.006483596115083368,0.0020533042777093895,False
2,feature_051,0.0016622990884746225,0.0013024777320810627,False
2,feature_052,0.0,0.0,False
2,feature_053,0.0008805832573701063,0.0006605498114970138,False
2,feature_054,-0.0004122008759203562,0.0018296143077363694,False
2,feature_055,-0.006265233871141677,0.0051418224006218715,False
2,feature_056,-0.008907849592112826,0.0032101881618550143,False
2,feature_057,-0.003346826277017989,0.005258044804602215,False
2,feature_058,0.0009260969779022743,0.006930675646867481,False
2,feature_059,-0.0068880396965186885,0.002980386620572988,False
2,feature_060,0.0002910904979224009,0.0009890249362421782,False
2,feature_061,-0.0046931989440643545,0.0043381270369960015,False
2,feature_062,-0.004521867683760718,0.009002405840427606,False
2,feature_063,-0.008299215586615135,0.002161508439934483,False
2,feature_064,0.0018951369058236023,0.004575217243130442,False
2,feature_065,-0.0053600396775812425,0.008035775514748314,False
2,feature_066,0.0015817762927166634,0.000729762677329084,False
2,feature_067,-0.0004361905130746968,0.0007657713865152172,False
2,feature_068,-0.004845425317881606,0.0035338394855555766,False
2,feature_069,0.0,0.0,False
2,feature_070,0.0005475600183121784,0.0034245345532640486,False
2,feature_071,0.002797093863565812,0.0021297199741082897,False
2,feature_072,0.00032022435809799427,0.0008941678510920759,False
2,feature_073,-0.00026145124775358203,0.0014754480799580188,False
2,feature_074,0.0,0.0,False
2,feature_075,-0.0032262483547166876,0.0033231446657215656,False
2,feature_076,0.009837471352118135,0.0017249926420867636,True
2,feature_077,-0.0017023711627439468,0.001970129356210493,False
2,feature_078,-0.006622970954745344,0.0002885381223305375,False
2,feature_079,-0.0033322491939871968,0.00969470846340592,False
2,feature_080,0.0007490446721078828,7.61484010833649e-05,False
2,feature_081,-0.008398224648021424,0.002344927789817537,False
2,feature_082,-0.0062380557766090194,0.0015903192936785912,False
2,feature_083,-0.0036218442366121226,0.0014564642187531523,False
2,feature_084,0.0005366115825726492,0.00129325816354912,False
2,feature_085,-0.0001912558576612581,0.00028705622359483985,False
2,feature_086,-0.004188053999138371,0.001495157341260292,False
2,feature_087,-0.0019452132360924061,0.0024754094347863085,False
2,feature_088,-0.006748345184215872,0.004966923103213886,False
2,feature_089,-0.00822447307179247,0.005465943294875287,False
2,feature_090,-0.0009324320208282481,0.004584938613106812,False
2,feature_091,-0.0020354676708876176,0.0028877367517417315,False
2,feature_092,-0.008348383776244214,0.00458544080850252,False
2,feature_093,-0.0010421510066816648,0.0018720796001978446,False
2,feature_094,-0.003383724974799459,0.000888107281244001,False
2,feature_095,0.0017097201886153064,0.0013820089636423676,False
2,feature_096,0.002744280377202165,0.0013328157648607095,False
2,feature_097,0.0,0.0,False
2,feature_098,-0.0001601531917710027,0.0030110964599922192,False
2,feature_099,-0.007007207199966299,0.002477988879959165,False
2,feature_100,0.002002865113695009,0.0004062528793694949,False
2,feature_101,0.0019701441168951763,0.0012614020060930696,False
2,feature_102,-0.006874429105522458,0.0034261690047047966,False
2,feature_103,0.011955279866520951,0.004900716831657919,True
2,feature_104,0.0035331649950790245,0.0002615566993098058,False
2,feature_105,0.0007644670789592282,0.002100838352409486,False
2,feature_106,-0.0022192802530949796,0.002949881196601966,False
2,feature_107,0.0004262030942055646,0.003136893830915524,False
2,feature_108,-0.005428485574388631,0.0012021099987188557,False
2,feature_109,-0.0004429738594070957,0.00047039007147115023,False
2,feature_110,0.0014073200488938324,0.001040771154807913,False
2,feature_111,0.000592878498092031,0.0005667928806863883,False
2,feature_112,0.00402845852419396,0.0009947499575524562,False
2,feature_113,-0.001157527937537095,0.0016805329478000604,False
2,feature_114,0.0,0.0,False
2,feature_115,0.005009562588941613,0.006878498472169869,False
2,feature_116,-0.0029742572856680805,0.002256227180883252,False
2,feature_117,-0.0006063108683490489,0.003949710475520167,False
2,feature_118,0.0018444549797459002,0.002590416412741987,False
2,feature_119,-0.00014439271065386228,0.0009083571277703967,False
2,feature_120,-0.006475894743595112,0.004281780281833248,False
2,feature_121,0.006275799171533129,0.00658916486757645,False
2,feature_122,0.011480308763394545,0.0025258203371240746,True
2,feature_123,-0.001801139300373363,0.00203948158886182,False
2,feature_124,0.0022785749939083035,0.008314812910639707,False
2,feature_125,0.023268878341270394,0.006765099693475887,True
2,feature_126,0.0070902069254573,0.0011621023256621664,True
2,feature_127,0.01389128645343097,0.005534032292789419,True
2,feature_128,-0.0013236833463679265,0.007775633653645628,False
2,feature_129,-0.0021412966875424453,0.001163425519541506,False
2,feature_130,0.012664530727114681,0.008840495527016132,True
2,feature_131,0.007397433502951745,0.004930815283542637,True
2,feature_132,0.006806234786147947,0.002776894377267661,True
2,feature_133,0.0049148038493571815,0.0034610814710247053,False
2,feature_134,-0.012104833452624827,0.006481012899293822,False
2,feature_135,0.00410917343374793,0.004612414393638428,False
2,feature_136,-0.012282618432103412,0.0035972252106026854,False
2,feature_137,-0.0019807214689757102,0.0020989852453058874,False
2,feature_138,-0.002071142700006634,0.002362273439740948,False
2,feature_139,-0.007182902175902321,0.0014413397581947056,False
2,feature_140,-0.005371542933881941,0.001639702858301709,False
2,feature_141,0.0,0.0,False
2,feature_142,0.002119001012345504,0.002752329119994328,False
2,feature_143,-0.0020224805844912077,0.0012182954520352865,False
2,feature_144,0.0005629568968210005,0.004437248365343473,False
2,feature_145,-0.003951084594644143,0.004072689856330814,False
2,feature_146,-0.0004694303028118056,0.003726566030618974,False
2,feature_147,-0.011107498835365362,0.0045561187509894074,False
2,feature_148,8.590521821655317e-05,0.0007808306495506109,False
2,feature_149,0.0,0.0,False
2,feature_150,-0.003458862413784569,0.0020601181216032506,False
2,feature_151,-0.01520625177506226,0.004027617342117315,False
2,feature_152,0.0016678952972474514,0.002615305982078402,False
2,feature_153,2.061871049073109e-05,0.0021127148152852108,False
2,feature_154,-0.0021204399567048746,0.0024235794634471204,False
2,feature_155,0.0043449180571755175,0.0027136936023616247,False
2,feature_156,-0.002999612008093159,0.0002629327665276866,False
2,feature_157,-0.0001233225276631352,0.00011368880034623971,False
2,feature_158,0.0,0.0,False
2,feature_159,-0.002062765877852498,0.0010982181954612845,False
2,feature_160,-0.0027887951409662493,0.0027040854957495275,False
2,feature_161,-0.010893614803567708,0.0012795978042301618,False
2,feature_162,-0.01266424793160903,0.0018723326519378752,False
2,feature_163,-0.00409622596830489,0.0022085414421541684,False
2,feature_164,-0.0024170880096295124,0.0008280090847733103,False
2,feature_165,-0.005327463328551829,0.003757239443364762,False
2,feature_166,-0.0008755259902976283,0.0006174455068376739,False
2,feature_167,-0.0020009584344251228,0.0038030326378210586,False
2,feature_168,-0.0029685303663730678,0.005409907806949094,False
2,feature_169,-0.0019243111901209309,0.0015940440672786182,False
2,feature_170,-0.0004941327381403626,0.0009032618921619396,False
2,feature_171,0.0014879059616001074,0.001072888701357035,False
2,feature_172,0.0013717713390214898,0.007517653049463562,False
2,feature_173,-0.007030467057360675,0.001573205335063917,False
2,feature_174,0.006603445910432659,0.002381469870504317,True
2,feature_175,-0.0016643596690869844,0.006626496343721356,False
2,feature_176,0.00478379641462696,0.011302793843003459,False
2,feature_177,-0.0043788547449344906,0.003727717434669973,False
2,feature_178,0.0,0.0,False
2,feature_179,0.0,0.0,False
2,feature_180,-0.005745583621501331,0.007849771174409666,False
2,feature_181,-0.0005161003670093681,0.0013015134418094597,False
2,feature_182,-0.00044923597022211714,0.002299479541572586,False
2,feature_183,-0.00490664993831208,0.0028458204665085442,False
2,feature_184,-0.006023795427033203,0.00278567702463001,False
2,feature_185,0.0027684002107969488,0.001122964400914079,False
2,feature_186,0.0,0.0,False
2,feature_187,-0.0009729611274928626,0.000593548278126702,False
2,feature_188,-0.002797943021459859,0.0035570625605534376,False
2,feature_189,0.0,0.0,False
2,feature_190,0.0,0.0,False
2,feature_191,0.0,0.0,False
2,feature_192,0.0,0.0,False
2,feature_193,0.0,0.0,False
2,feature_194,0.0,0.0,False
2,feature_195,-0.005149096410963339,0.003689867808639756,False
2,feature_196,-0.0017858793448533583,0.0009881892369563586,False
2,feature_197,-0.006305873448767985,0.0016780071158951568,False
2,feature_198,-0.001926834768008201,0.004430656256287001,False
2,feature_199,-0.0021431824933453116,0.002429041680779718,False
2,feature_200,-0.007337681624671244,0.001805080805904899,False
2,feature_201,-0.003721692893392692,0.004320117448764511,False
2,feature_202,-0.000909636179064921,0.0006768104113295631,False
2,feature_203,-0.003920530724012809,0.002822766372661283,False
2,feature_204,0.0015713257947329955,0.0005202151065244962,False
2,feature_205,0.01665365879198802,0.009371877855033777,True
2,feature_206,0.0,0.0,False
2,feature_207,0.00020167270664860534,0.002162103865866968,False
2,feature_208,-0.001661305213765803,0.0007969294336350692,False
2,feature_209,0.0,0.0,False
2,feature_210,-0.008278713997371992,0.003564862223528397,False
2,feature_211,0.0013624456953235757,0.0007807746861416139,False
2,feature_212,-0.0027398738394132463,0.00024237854866804626,False
2,feature_213,0.00598665395021918,0.011560996145739749,False
2,feature_214,0.00034512029250642157,0.0011033982816758393,False
2,feature_215,-0.0004023130634851953,0.004012514926519094,False
2,feature_216,-0.00714218762770974,0.0010732004110771034,False
2,feature_217,-0.0007323311749085163,0.002103731862669026,False
2,feature_218,-0.0016677151527871674,0.0009859885013234059,False
2,feature_219,0.0004612033209039727,0.0012026026839357966,False
2,feature_220,-0.00018758487359811968,0.0002914690848228891,False
2,feature_221,0.002755815360498413,0.0021482091243847506,False
2,feature_222,-0.0032226639841212803,0.0031318951855979723,False
2,feature_223,-0.006072210723962579,0.0029766462704454407,False
2,feature_224,-0.005232616377519668,0.0020462450511983888,False
2,feature_225,0.0006550501704912041,0.004086239063526351,False
2,feature_226,0.0,0.0,False
2,feature_227,0.0018149034170093874,0.0005561507761486455,False
2,feature_228,0.0002676855397725682,0.0026807895143374227,False
2,feature_229,0.0,0.0,False
2,feature_230,0.0,0.0,False
2,feature_231,0.0,0.0,False
2,feature_232,0.0,0.0,False
2,feature_233,0.0,0.0,False
2,feature_234,0.0,0.0,False
2,feature_235,0.0,0.0,False
2,feature_236,0.0,0.0,False
2,feature_237,0.0,0.0,False
2,feature_238,0.005055821451172042,0.0026149481174527925,False
2,feature_239,0.0018343786088520497,0.0006505283023976818,False
2,feature_240,0.0,0.0,False
2,feature_241,0.0,0.0,False
2,feature_242,0.0,0.0,False
2,feature_243,0.0,0.0,False
2,feature_244,-0.0014937904982301926,5.3543591628449775e-05,False
2,feature_245,5.038802889826647e-05,7.353736326973344e-05,False
2,feature_246,-0.002127405703157522,0.001481538079970712,False
2,feature_247,-0.011039331567343528,0.0016420222469970562,False
2,feature_248,-0.007743393343613699,0.0013271979514943876,False
2,feature_249,8.736438045016856e-06,1.2355189170095124e-05,False
2,feature_250,-0.003475639530142516,0.003323494212948348,False
2,feature_251,0.0007155931782369396,0.00016564035427954853,False
2,feature_252,-0.001957507907848488,0.0038166084556887797,False
2,feature_253,-0.014060475020869379,0.008625487592511728,False
2,feature_254,-0.0006662990018253637,0.0021741764866495534,False
2,feature_255,-0.0003140234640219101,0.0010200724075532636,False
2,feature_256,0.0,0.0,False
2,feature_257,0.0,0.0,False
2,feature_258,0.0,0.0,False
2,feature_259,0.0,0.0,False
2,feature_260,0.0,0.0,False
2,feature_261,0.0,0.0,False
2,feature_262,0.0,0.0,False
2,feature_263,0.0,0.0,False
2,feature_264,0.0,0.0,False
2,feature_265,0.0,0.0,False
2,feature_266,0.0,0.0,False
2,feature_267,-0.0038924573483995104,0.0014484297368093397,False
2,feature_268,0.00034751927238153385,0.002155002002333688,False
2,feature_269,-0.000363841863845545,0.000560911474428706,False
2,feature_270,0.00591733557483375,0.001372278864159835,False
2,feature_271,-0.005386541862213341,0.002087786786045317,False
2,feature_272,0.007098420819529679,0.006660302531310636,True
2,feature_273,0.0004466653497570879,0.00473430028838978,False
2,feature_274,-0.004316502232898238,0.0034661578803641744,False
2,feature_275,0.0032744583550022486,0.0037601030695362516,False
2,feature_276,0.0,0.0,False
2,feature_277,0.001265311406154231,0.0016326850987311862,False
2,feature_278,-0.003250160910029868,0.0009031343847977086,False
2,feature_279,0.0007448882589038789,0.00321661591378527,False
2,feature_280,-0.003294888961381248,0.006469009138995221,False
2,feature_281,-0.0023357154774354405,0.0028353555595756618,False
2,feature_282,-0.007169915808310186,0.003390853087829994,False
2,feature_283,-0.0005893134563525563,0.003907267393506049,False
2,feature_284,0.0,0.0,False
2,feature_285,-7.591784721303989e-05,0.0005710791301229791,False
2,feature_286,-0.008714431446639045,0.0035860242223678266,False
2,feature_287,0.0026447889418231563,0.0024221106719089906,False
2,feature_288,-0.0029619554309160876,0.0033189104016678596,False
2,feature_289,0.0038374787812521884,0.0021107710066500425,False
2,feature_290,-0.009445959695293105,0.0020725552975527427,False
2,feature_291,-0.0003969018508181062,0.005331766349180044,False
2,feature_292,0.0002262529316771067,1.994940841265185e-05,False
2,feature_293,-0.0007286419514302792,0.0012213221780889266,False
2,feature_294,-0.002038708310964458,0.001521395748746257,False
2,feature_295,-0.009579326668288738,0.00401006013948096,False
2,feature_296,-0.015744712188098142,0.000863580874978337,False
2,feature_297,-0.002518035800795108,0.0021649392640106617,False
2,feature_298,-0.0007089037375513733,0.006211104297105692,False
2,feature_299,0.0019103395136605046,0.0009672873716621289,False
2,feature_300,-0.006839515123951645,0.0037343000315029928,False
2,feature_301,-0.002581009580020166,0.00010224420243213897,False
2,feature_302,0.0003308075382185786,0.0013848115943637493,False
2,feature_303,0.0011042383169234393,0.0006710237257628275,False
2,feature_304,-0.0016617661397817136,0.0012493529160352193,False
2,feature_305,-0.006881654282708464,0.002394859058362113,False
2,feature_306,0.002962185095041453,0.003346050294191508,False
2,feature_307,0.00655123369527108,0.004015980481933793,False
2,feature_308,-0.005169709112212299,0.0016991366888891898,False
2,feature_309,-0.0012548729056926038,0.0035866909746733143,False
2,feature_310,0.0031534948246317307,0.001342844412836522,False
2,feature_311,0.0021849320848248144,0.0043421064797995275,False
2,feature_312,-0.0012972143695010134,0.002718885069643981,False
2,feature_313,0.0,0.0,False
2,feature_314,0.0,0.0,False
2,feature_315,0.0,0.0,False
2,feature_316,-0.002659097457204921,0.0012930100237742962,False
2,feature_317,-0.009050573525714848,0.009182991061943415,False
2,feature_318,-0.0020909075988166013,0.002806434041674464,False
2,feature_319,-0.016714058747428873,0.0038504680722667053,False
2,feature_320,-0.00028060185072337207,0.0012150784862434004,False
2,feature_321,-0.005989994114823945,0.0004430872336431006,False
2,feature_322,0.0,0.0,False
2,feature_323,0.00017661576632871379,0.0003207123410210327,False
2,feature_324,0.0029124372441519477,0.003266795334824764,False
2,feature_325,0.0,0.0,False
2,feature_326,0.0,0.0,False
2,feature_327,0.0,0.0,False
2,feature_328,0.0,0.0,False
2,feature_329,0.0,0.0,False
2,feature_330,0.0,0.0,False
2,feature_331,-0.00719658254262473,0.005150634001274721,False
2,feature_332,-0.0036507144047133178,0.00288111278669264,False
2,feature_333,-0.00807680650331947,0.0035974048319824953,False
2,feature_334,-0.002410698136830647,0.002701700491781842,False
2,feature_335,-0.006194733364183552,0.00635103063886802,False
2,feature_336,0.0006589279209356554,0.0017935378427645417,False
2,feature_337,-0.0005939580835771877,0.0002985738429504677,False
2,feature_338,-0.0011373703205640278,0.0019228953817993471,False
2,feature_339,-0.002431828711369414,0.002290792222062662,False
2,feature_340,-0.00271531352877998,0.002064793903756076,False
2,feature_341,0.0014250116294189652,0.00256389697235234,False
2,feature_342,0.0,0.0,False
2,feature_343,0.0035232127967490165,0.004582112079136784,False
2,feature_344,0.00042125516861574175,0.0013309697750315487,False
2,feature_345,-0.0028940325720917905,0.0020106513278086656,False
2,feature_346,-0.006279891281412042,0.003204353364227397,False
2,feature_347,0.0,0.0,False
2,feature_348,-0.0017799349651101415,0.005514473978483653,False
2,feature_349,-1.0986379094616676e-06,0.0013341572998237909,False
2,feature_350,-0.0036927481596942258,0.0032096395187906604,False
2,feature_351,-0.0004641344150034625,0.007688099335543237,False
2,feature_352,0.0001697176847497243,0.0018852023169177758,False
2,feature_353,-0.006035761298843941,0.003334498072595618,False
2,feature_354,0.00020160151823794825,0.0024165446363565196,False
2,feature_355,0.00022119706151859284,0.00045482547332813614,False
2,feature_356,-0.0021030666702493797,0.002212768633463497,False
2,feature_357,-0.0036239522547856784,0.0011977410107057468,False
2,feature_358,0.0,0.0,False
2,feature_359,-0.009263122590240333,0.0013489893162036875,False
2,feature_360,-0.003391688518337155,0.0006363235315503831,False
2,feature_361,-0.00772354253370966,0.0011501447509665644,False
2,feature_362,-0.008731285264660715,3.67708558981687e-05,False
2,feature_363,0.0009383743710042284,0.0013744232497911973,False
2,feature_364,0.0,0.0,False
2,feature_365,-0.0017065771973882964,0.0007468980149921711,False
2,feature_366,-0.003964105923364714,0.003743478876819737,False
2,feature_367,0.0013344312210617864,0.002687089724586952,False
2,feature_368,-0.004874839554668238,0.004850829967039906,False
2,feature_369,0.0,0.0,False
2,feature_370,0.0,0.0,False
2,feature_371,0.0,0.0,False
2,feature_372,0.0,0.0,False
2,feature_373,0.0,0.0,False
2,feature_374,0.0,0.0,False
2,feature_375,0.0,0.0,False
2,feature_376,0.00035248909462431977,0.0006602304212759524,False
2,feature_377,0.005179122806139201,0.004234460776010571,False
2,feature_378,0.0,0.0,False
2,feature_379,0.0,0.0,False
2,feature_380,0.0,0.0,False
2,feature_381,0.0,0.0,False
2,feature_382,-0.00448022930623206,0.0032719067516498645,False
2,feature_383,-0.0008021419067036906,0.0043012766116586314,False
2,feature_384,-0.000851465892539723,7.186570955605225e-05,False
2,feature_385,0.007288901838748178,0.0036417264161763678,True
2,feature_386,-0.0018959765310900822,0.0009162657019014031,False
2,feature_387,0.0,0.0,False
2,feature_388,-0.0018516949326219945,0.001655672735198774,False
2,feature_389,-0.003449376687463442,0.002038530290532313,False
2,feature_390,-0.005929354427598214,0.002300723634401559,False
2,feature_391,-0.004594781409405964,0.0036340145944274704,False
2,feature_392,-0.00012711595545184898,0.0018708766373581305,False
2,feature_393,-0.00218581038329424,0.002884229353026741,False
2,feature_394,0.0,0.0,False
2,feature_395,0.0,0.0,False
2,feature_396,0.0,0.0,False
2,feature_397,0.0,0.0,False
2,feature_398,0.0,0.0,False
2,feature_399,0.0,0.0,False
2,feature_400,0.0,0.0,False
2,feature_401,0.0,0.0,False
2,feature_402,0.0,0.0,False
2,feature_403,0.0,0.0,False
2,feature_404,0.0,0.0,False
2,feature_405,0.002039872936229518,0.0006575493665150591,False
2,feature_406,0.0019650478475007893,0.0032750422546985515,False
2,feature_407,0.003363889376829521,0.00034623089620764596,False
2,feature_408,0.003912625974051842,0.0030462534626290246,False
2,feature_409,-0.006411354435523727,0.0013313333336942036,False
2,feature_410,-0.00020689517760745976,0.0018429745665191027,False
2,feature_411,-0.004826918383053195,0.0009735937143738539,False
2,feature_412,-0.0005708044289958747,0.0014082162923741864,False
2,feature_413,-0.0013819766444019093,0.000937848909539288,False
2,feature_414,0.0,0.0,False
2,feature_415,-0.0018732134670360057,0.0034228377208283763,False
2,feature_416,4.246229740266968e-05,0.0033580392450947775,False
2,feature_417,-0.005160656666325074,0.0028164278626164833,False
2,feature_418,-0.008686159644553456,0.004931274981623949,False
2,feature_419,0.0006469549112409304,0.0008134812187981109,False
2,feature_420,-0.0011677522756399401,0.005161424427622952,False
2,feature_421,-0.008418934231615605,0.00023615060426034062,False
2,feature_422,0.0,0.0,False
2,feature_423,-0.00537711615551222,0.005174792134780982,False
2,feature_424,-0.004781036477260581,0.0012786981504252506,False
2,feature_425,0.002543842377647987,0.001446209879239329,False
2,feature_426,0.0030186828477574332,0.001645951610890427,False
2,feature_427,-0.0008431494553669908,0.0004687100445357179,False
2,feature_428,0.0014393425612673945,0.0005704976721575669,False
2,feature_429,-0.003290777876300962,0.002960742030713775,False
2,feature_430,-0.009521104479558099,0.0011292002978055724,False
2,feature_431,-0.001972275330913024,0.005501714401067817,False
2,feature_432,-0.007431082412772627,0.00021328534330474085,False
2,feature_433,-0.009085268862133641,0.0043069586572214704,False
2,feature_434,-0.0009138932735533086,0.00031223596119043097,False
2,feature_435,-0.0015795341224603503,0.0020729806857452044,False
2,feature_436,-0.003109432407277383,0.0020720175008720042,False
2,feature_437,-0.0008455775871491026,0.0027593713638199334,False
2,feature_438,-0.0057393213066159925,0.003040532977053926,False
2,feature_439,-0.002518447245506187,0.0027420225711610683,False
2,feature_440,-0.0032915354199190006,0.0025788894787425434,False
2,feature_441,-0.002972257300548379,0.000934866808807108,False
2,feature_442,-0.0020140718333299854,0.002513454590924459,False
2,feature_443,-0.001409811408726656,0.0061468022886106075,False
2,feature_444,-0.006417924973134463,0.001132242925794225,False
2,feature_445,-0.000645820746937457,0.0012660068394683244,False
2,feature_446,-0.0059840001609414535,0.0011732635669898421,False
2,feature_447,-0.005696818633064889,0.0013276884425886951,False
2,feature_448,-0.0050615235866621755,0.003510209489179183,False
2,feature_449,0.0,0.0,False
2,feature_450,0.0,0.0,False
2,feature_451,0.0,0.0,False
2,feature_452,-0.014480561701532205,0.005045484102669855,False
2,feature_453,-0.004643716339890358,0.0012169623197566069,False
2,feature_454,-0.005217662286727219,0.005881340056771744,False
2,feature_455,0.003599672831872717,0.001464478756247701,False
2,feature_456,0.0016452043099220715,0.000791186700754927,False
2,feature_457,-0.007003365174646448,0.0016158041947930306,False
2,feature_458,0.0,0.0,False
2,feature_459,-9.381300043918387e-06,0.0013619551460018911,False
2,feature_460,-7.00086729967427e-06,0.005142335745073085,False
2,feature_461,0.0,0.0,False
2,feature_462,0.0,0.0,False
2,feature_463,0.0,0.0,False
2,feature_464,0.0,0.0,False
2,feature_465,0.0,0.0,False
2,feature_466,0.0,0.0,False
2,feature_467,-0.006089705127482174,0.005633500593107148,False
2,feature_468,-0.004903988986663443,0.005739773151651103,False
2,feature_469,-0.006903350475968868,0.002900304474047053,False
2,feature_470,-0.004715545705206992,0.000841429529065345,False
2,feature_471,-0.00208583221975663,0.002557303009062655,False
2,feature_472,-0.0007611649106794571,0.00031902515630155396,False
2,feature_473,-0.0008300325475753545,0.0003147462325236101,False
2,feature_474,-0.0005859722809658519,0.0027956447581053375,False
2,feature_475,-0.0008269928200350293,0.0009723153931366382,False
2,feature_476,-0.004478251010527956,0.0011614361294125248,False
2,feature_477,0.017241247732385417,0.00438954631691658,True
2,feature_478,0.0,0.0,False
2,feature_479,-0.0070238707297402185,0.0020546392344296767,False
2,feature_480,0.001089492911013984,0.0014309693678942477,False
2,feature_481,0.0,0.0,False
2,feature_482,-0.010096914576632218,0.0003502639128003433,False
2,feature_483,-0.003561076661779757,0.0010164212041851271,False
2,feature_484,0.0013508419766171769,0.0014889801361332056,False
2,feature_485,0.0012896667348034259,0.0009852915833448977,False
2,feature_486,-0.0038919705728903873,0.003027296871997966,False
2,feature_487,0.002971940456804869,0.0009795317252769729,False
2,feature_488,-0.0036857097277725923,0.003951548260413282,False
2,feature_489,0.0005905351784473803,0.004705988097700617,False
2,feature_490,-7.190542228094343e-05,0.003135770320220164,False
2,feature_491,-0.0034404182163485877,0.0020892026610546234,False
2,feature_492,0.00023164482077819848,0.0,False
2,feature_493,0.003568574862102399,0.0003450200476970658,False
2,feature_494,0.0013197707764421862,0.0007534538132513782,False
2,feature_495,-0.00036084599958633817,0.000783453551229365,False
2,feature_496,-0.0031886580131310813,0.002711724745352401,False
2,feature_497,0.000646918129925835,0.00214685278536685,False
2,feature_498,0.0,0.0,False
2,feature_499,0.002692020668707921,0.006104552588791943,False
2,feature_500,0.007574882548348326,0.0006858345544158037,True
2,feature_501,0.0,0.0,False
2,feature_502,0.0,0.0,False
2,feature_503,0.0,0.0,False
2,feature_504,0.0,0.0,False
2,feature_505,0.0,0.0,False
2,feature_506,0.0,0.0,False
2,feature_507,0.0,0.0,False
2,feature_508,0.0,0.0,False
2,feature_509,0.0,0.0,False
2,feature_510,-0.002820089599324782,0.007935426380332272,False
2,feature_511,-0.0046772796766713825,0.0011483854693422788,False
2,feature_512,0.0,0.0,False
2,feature_513,0.0,0.0,False
2,feature_514,0.0,0.0,False
2,feature_515,0.0,0.0,False
2,feature_516,0.0004880683052510548,0.0019136677164603227,False
2,feature_517,0.0017713276316297932,0.0011902482366943988,False
2,feature_518,-0.0016190018869390126,0.0006328181816367199,False
2,feature_519,0.0028776370093043144,0.011249329247638254,False
2,feature_520,-0.0033689720162863313,0.0014295318316705373,False
2,feature_521,8.736438045016856e-06,1.2355189170095124e-05,False
2,feature_522,-6.063012326651407e-05,0.0009369721970411667,False
2,feature_523,-0.0045619394348715425,0.0004620677146226721,False
2,feature_524,0.006879191842620554,0.00013604668040664316,True
2,feature_525,-0.013384643542352118,0.008801956684250172,False
2,feature_526,-0.002360142457427735,0.0010675770505543518,False
2,feature_527,-0.002974507575892978,0.00026213227484526026,False
2,feature_528,0.0,0.0,False
2,feature_529,0.0,0.0,False
2,feature_530,0.0,0.0,False
2,feature_531,0.0,0.0,False
2,feature_532,0.0,0.0,False
2,feature_533,0.0,0.0,False
2,feature_534,0.0,0.0,False
2,feature_535,0.0,0.0,False
2,feature_536,0.0,0.0,False
2,feature_537,0.0,0.0,False
2,feature_538,0.0,0.0,False
2,feature_539,-0.001524311514619477,0.0013379703837514323,False
2,feature_540,-0.0005411824397083079,0.0025836132383964313,False
2,feature_541,-0.0016706675911070483,0.0015815723711208257,False
2,feature_542,0.0034826663508757127,0.0032239861483318684,False
2,feature_543,-0.002302196507362936,0.0030182925540651784,False
2,feature_544,-0.0007032726361188383,0.0002611138314995899,False
2,feature_545,0.0002987687020656882,0.004262480175845492,False
2,feature_546,-0.0011134320446835415,0.001284308333993595,False
2,feature_547,-0.006049310876652614,0.002685899802211624,False
2,feature_548,-0.0005706862655280309,0.0021393143377742146,False
2,feature_549,-0.0013429392770365385,0.006286268400944975,False
2,feature_550,0.00027851756636851355,0.004595569603378089,False
2,feature_551,-0.0027468029980786124,0.0020488895558006693,False
2,feature_552,-0.0004532106164020407,0.004532162211382711,False
2,feature_553,-0.008862975371050056,0.0038014491278361416,False
2,feature_554,-0.003525587949423888,0.0003406144097703277,False
2,feature_555,-0.0025267894125410675,0.002883404932072984,False
2,feature_556,-0.0009715563334647773,0.0006697721392616358,False
2,feature_557,-0.0022351120276663528,0.0028314045174136536,False
2,feature_558,-0.01681321521566866,0.005441390839833094,False
2,feature_559,0.00158612649225968,0.0026360556877281314,False
2,feature_560,-0.0008659621483291616,0.000941854469731063,False
2,feature_561,0.0005035973476459251,0.0022590601093574816,False
2,feature_562,-0.004669577812116262,0.004581536453949904,False
2,feature_563,-0.010286980597940809,0.00336148886915514,False
2,feature_564,-0.002295369657920173,0.0002965141874952975,False
2,feature_565,-0.0039986590029924,0.0013551097235274773,False
2,feature_566,-0.0027854980805193663,0.0005355547851177208,False
2,feature_567,-0.003006442056000184,0.0015142348937558,False
2,feature_568,-0.0012427387155332648,0.002930659383171313,False
2,feature_569,-0.0021547292163848577,0.0018053931928392478,False
2,feature_570,-0.00083589221588067,0.001322784731035918,False
2,feature_571,-0.00594637407255159,0.00044714456745806845,False
2,feature_572,0.006296562219787305,0.0024060124574412974,False
2,feature_573,-0.007386141346392039,0.0017845839739005337,False
2,feature_574,-0.0023149609274157323,0.00409357741878316,False
2,feature_575,-0.010366384685093747,0.0007865371780646613,False
2,feature_576,0.002858750974789742,0.00228745083284087,False
2,feature_577,-0.004378356532776739,0.0043943522945873335,False
2,feature_578,0.002008475885704436,0.0006792477542048752,False
2,feature_579,0.0020178080311304782,0.0006102524195875403,False
2,feature_580,1.4106361969246084e-05,1.994940841265185e-05,False
2,feature_581,-0.0016478757414966072,0.0010001362954575304,False
2,feature_582,-0.003454199524756322,0.003650825452921807,False
2,feature_583,-0.006786156302695671,0.0016174094578187508,False
2,feature_584,-0.00018543008884843357,0.0005825181359639536,False
2,feature_585,0.000647125750132177,0.0013866986445433271,False
2,feature_586,-0.0045748257204083305,0.0013969723094574536,False
2,feature_587,0.009963978106929422,0.0017935110401076906,True
2,feature_588,0.0057026917371302555,0.001520934395682386,False
2,feature_589,-0.0025491994359218006,0.0011578177430315185,False
3,feature_000,0.0025918306444403703,0.0028141303803897143,False
3,feature_001,0.006099980088155692,0.014452517314065914,False
3,feature_002,0.0019302480833428743,0.0017097220626219839,False
3,feature_003,-0.0009581394089674955,0.0007035594106383542,False
3,feature_004,0.0031196182979976914,0.00047205124236172983,False
3,feature_005,0.0,0.0,False
3,feature_006,0.005986131392073657,0.00241312207078766,False
3,feature_007,0.0016441520968752028,0.007266562880436977,False
3,feature_008,-0.0030470863380752853,0.0015667279256158123,False
3,feature_009,0.001188329352454054,0.0019845005502544064,False
3,feature_010,0.006967940955968273,0.005372409283094866,False
3,feature_011,-0.018826876985664136,0.014867270151646772,False
3,feature_012,-0.0004124457430553045,0.0004699331284932029,False
3,feature_013,0.0,0.0,False
3,feature_014,0.007472171558075058,0.004343759018195008,False
3,feature_015,-0.00018586958776789508,0.002533296848046543,False
3,feature_016,-0.0015723664650218832,0.015649893410412084,False
3,feature_017,0.014915034063629559,0.004373733229705057,True
3,feature_018,0.0009010204900547306,0.0018212426046137781,False
3,feature_019,0.015527438563814036,0.005162515648616828,True
3,feature_020,0.004605774144959829,0.004697719572100682,False
3,feature_021,0.007060311323670872,0.004788158449254788,False
3,feature_022,0.0011403134261257497,0.0014182217608951042,False
3,feature_023,0.002733841690844452,0.0014251479695054808,False
3,feature_024,0.001203948624325953,0.001957291469836181,False
3,feature_025,0.01058772675310593,0.00434519506275424,False
3,feature_026,0.011661087505887494,0.0020766682089580052,False
3,feature_027,0.0048518392447335175,0.006056144368825437,False
3,feature_028,0.006085893495268946,0.007137451004443857,False
3,feature_029,0.0001568656619916342,0.00017567938988646183,False
3,feature_030,0.009649327808722777,0.003375186815420907,False
3,feature_031,0.002056659180953657,0.015085672283892139,False
3,feature_032,0.010791418011639187,0.0007714578465632648,False
3,feature_033,0.02238721146548169,0.006903262187235742,True
3,feature_034,0.005639079399057075,0.002604054912034091,False
3,feature_035,0.0030866497117661984,0.004363234367462317,False
3,feature_036,-0.00015306470044309148,0.0015442887551602958,False
3,feature_037,-0.0011309259120103794,0.014473374857467408,False
3,feature_038,0.014587232120752377,0.0018036906770985018,True
3,feature_039,0.009755259747971201,0.0062088569978694065,False
3,feature_040,0.014879249810437312,0.003825362014411468,True
3,feature_041,0.003813760530125091,0.0012385436944992551,False
3,feature_042,0.0,0.0,False
3,feature_043,0.0006637097360917554,0.01850930211771224,False
3,feature_044,-0.0004250709763827798,0.0010749566361572998,False
3,feature_045,-0.0003056459028544049,0.00222113170862279,False
3,feature_046,0.0011734578496659005,0.0019437627383901994,False
3,feature_047,0.006684068219350951,0.007316158381981378,False
3,feature_048,0.01130203122597769,0.005185835698715785,False
3,feature_049,0.0,0.0,False
3,feature_050,0.008401435966837992,0.00467753129982611,False
3,feature_051,0.004849003539432424,0.001115117575103214,False
3,feature_052,0.0,0.0,False
3,feature_053,0.021393174823747474,0.005769922739152177,True
3,feature_054,0.012831408545866915,0.004264405192589146,False
3,feature_055,-0.004309490470251531,0.0016098527363514346,False
3,feature_056,0.0027134091399971436,0.001388194255812275,False
3,feature_057,0.0010842874608794257,0.0010642108829197622,False
3,feature_058,0.013574145458270551,0.004680675605384377,False
3,feature_059,0.03008244097432607,0.015087429766140529,True
3,feature_060,0.012806662258232996,0.001260732227639865,False
3,feature_061,0.006671346665007849,0.005821754646976232,False
3,feature_062,0.009301589152260722,0.004361634488554725,False
3,feature_063,-0.0005702171739368304,0.0035054391094235305,False
3,feature_064,0.01250482228479142,0.0008243043472522207,False
3,feature_065,-0.0012180260666667293,0.0026221048135852873,False
3,feature_066,0.009627153524274845,0.008216065388260767,False
3,feature_067,0.0052380664997782045,0.005557514106376582,False
3,feature_068,-0.001247341683717355,0.0007708419474064562,False
3,feature_069,0.0,0.0,False
3,feature_070,0.00498546365075031,0.0021025845776471066,False
3,feature_071,7.892316428522357e-05,9.368293692554149e-05,False
3,feature_072,0.0025516619828665674,0.00477194133496221,False
3,feature_073,-0.003156688407271476,0.0025455343714713427,False
3,feature_074,0.0,0.0,False
3,feature_075,0.00373364856534845,0.012392387690658195,False
3,feature_076,0.0048560866511931184,0.003982691944689219,False
3,feature_077,0.005874174258264493,0.006266442404029385,False
3,feature_078,-0.0015571189257742775,0.004713607499391918,False
3,feature_079,0.004740297123958959,0.0069822040772543415,False
3,feature_080,0.0013819139353471084,0.0012225880498859746,False
3,feature_081,0.015685746426834235,0.005826827170307071,True
3,feature_082,2.6947851738345907e-05,0.00010651340997322337,False
3,feature_083,0.004328086864023324,0.0005549789799416128,False
3,feature_084,0.005623240280960284,0.0026031118720338513,False
3,feature_085,3.7941484745118714e-05,0.0,False
3,feature_086,-0.0021712148992570715,0.003956767273123174,False
3,feature_087,-0.0005602887090612185,0.0013325262551988372,False
3,feature_088,-0.013834684394603928,0.014230276019610768,False
3,feature_089,0.0010319939725641862,0.0010308502419494943,False
3,feature_090,0.009784223842872974,0.008576524439595699,False
3,feature_091,0.002727090038117367,0.004618294618226946,False
3,feature_092,0.0031872293157631515,0.0008435073808382583,False
3,feature_093,-0.005262083133078133,0.004940906635443956,False
3,feature_094,0.0003036009958559312,0.00047464794400586076,False
3,feature_095,0.003960086246933965,0.0004655417962835997,False
3,feature_096,0.0014210645025490114,0.0033002820401343024,False
3,feature_097,0.0,0.0,False
3,feature_098,-0.0002633592552035065,0.004200840869119897,False
3,feature_099,0.0031905173866563588,0.0007213017339533528,False
3,feature_100,0.00526379645884593,0.004425591647493301,False
3,feature_101,0.0023716578689114143,0.005256977054472844,False
3,feature_102,0.0048926160524926,0.00304027029282996,False
3,feature_103,0.00922355889409543,0.005485423661498736,False
3,feature_104,0.0014257845976853496,0.00016718954974867466,False
3,feature_105,0.004357489640941477,0.0018507648907858474,False
3,feature_106,-0.007835740879141184,0.00740586668492772,False
3,feature_107,0.006307492779083934,0.001233202454669262,False
3,feature_108,-0.0014374586862481165,0.006682652547926756,False
3,feature_109,0.004975750437135033,0.004486404598282427,False
3,feature_110,-0.0014720749673113136,0.0010133980899366193,False
3,feature_111,0.014528928002486194,0.009189999650057,True
3,feature_112,0.004021842217395655,0.0005060174483785086,False
3,feature_113,0.002286402786476349,0.001370745684778425,False
3,feature_114,0.0,0.0,False
3,feature_115,0.025323036316054166,0.00853613239890847,True
3,feature_116,0.004679528561013169,0.009552942093557592,False
3,feature_117,-0.006758033676529644,0.017408356176745937,False
3,feature_118,-0.01657895916659774,0.01655642917656473,False
3,feature_119,-0.0005042107186673342,0.001522617440323611,False
3,feature_120,0.0059026955428858234,0.005653109596808334,False
3,feature_121,0.006864005350444642,0.004316262927517443,False
3,feature_122,0.004522766155878821,0.007697024961367987,False
3,feature_123,0.007800761512435102,0.0008761418328221177,False
3,feature_124,0.012773826858915075,0.002722503877808812,False
3,feature_125,-0.005231840620885571,0.009610514790203188,False
3,feature_126,-0.011438640278598292,0.014261041076504862,False
3,feature_127,0.0075923273113977134,0.004152912211838319,False
3,feature_128,0.013556752073430415,0.002396088257223459,False
3,feature_129,0.007186717236773517,0.02270924361181845,False
3,feature_130,-0.008244637944576139,0.01446529050580045,False
3,feature_131,0.010791139760304602,0.0008722800922359941,False
3,feature_132,-0.0008646862614907028,0.006044212287396246,False
3,feature_133,0.008880156339267864,0.001005903010949165,False
3,feature_134,0.0026198953740599142,0.002413907955177382,False
3,feature_135,0.005428924522075422,0.004475546513336763,False
3,feature_136,0.0013786313252952727,0.005294366956117427,False
3,feature_137,0.004928564447942707,0.005342528762255691,False
3,feature_138,0.009810138049539119,0.0022484724798068866,False
3,feature_139,0.009216909764136083,0.003854863781149183,False
3,feature_140,-0.0015894763109878067,0.0035798498746701154,False
3,feature_141,0.0,0.0,False
3,feature_142,0.011998124312925703,0.001287242224525891,False
3,feature_143,0.0087142595837811,0.006349792609722928,False
3,feature_144,-0.002117414725921215,0.001400676092118932,False
3,feature_145,-0.002248447316380834,0.00448657998011283,False
3,feature_146,-0.013674407588285828,0.0008459212218465375,False
3,feature_147,0.0035247456220336057,0.0025117435793038565,False
3,feature_148,0.0028592677557323642,0.0008028289487866347,False
3,feature_149,0.0,0.0,False
3,feature_150,0.0019735327410014825,0.00643864496510486,False
3,feature_151,0.0011298573885082375,0.0013871876486956738,False
3,feature_152,0.01637543405480968,0.006086785922267821,True
3,feature_153,0.013193515643356338,0.0019925151945863902,False
3,feature_154,0.0003234790436554095,0.0026360653609363454,False
3,feature_155,0.003204129203242275,0.002152850671266241,False
3,feature_156,0.00609820848108622,0.005615646285221021,False
3,feature_157,0.0,0.0,False
3,feature_158,0.0009474540231708128,0.0005449919956473435,False
3,feature_159,0.00852976398150962,0.001047721622350506,False
3,feature_160,0.011136421268685767,0.0032062026839679617,False
3,feature_161,0.003911770887623863,0.004972292472209561,False
3,feature_162,0.004762400568628829,0.0009084984138932934,False
3,feature_163,0.0032932126615871824,0.004738288380197404,False
3,feature_164,0.0036097927464595614,0.004094548993212584,False
3,feature_165,0.0020878603938451756,0.004848307438065372,False
3,feature_166,0.004619054460579568,0.0008445922707512795,False
3,feature_167,0.0040621474419452,0.0038162833758027415,False
3,feature_168,0.00710375252188485,0.004234914029215684,False
3,feature_169,0.0016501910023485704,0.0009932910835561417,False
3,feature_170,0.0040979930922095216,0.002145670428826427,False
3,feature_171,0.00873307845409608,0.005018230851933951,False
3,feature_172,0.015737756530544805,0.004676341530581727,True
3,feature_173,-0.006928926860700106,0.0017849129484921317,False
3,feature_174,0.007212787602535724,0.002336395089533896,False
3,feature_175,0.005300696094303152,0.007269120014939323,False
3,feature_176,0.001613059096985577,0.0062174936111317304,False
3,feature_177,0.0038540134898464675,0.0029283837190145013,False
3,feature_178,0.0,0.0,False
3,feature_179,0.0,0.0,False
3,feature_180,0.01508728565305332,0.003131045059174292,True
3,feature_181,0.009055885220684104,0.0011497350665351691,False
3,feature_182,0.01392413092031917,0.009293770461190171,False
3,feature_183,0.014077742839932239,0.0022242772357246566,False
3,feature_184,0.008625381594786097,0.004443590793240901,False
3,feature_185,0.00795130644186596,0.004577964173465843,False
3,feature_186,0.0,0.0,False
3,feature_187,0.0061354059046338505,0.001047847362049427,False
3,feature_188,0.0008445457643849,0.0021097293906466507,False
3,feature_189,0.0,0.0,False
3,feature_190,0.0,0.0,False
3,feature_191,0.0,0.0,False
3,feature_192,0.0,0.0,False
3,feature_193,0.0,0.0,False
3,feature_194,0.0,0.0,False
3,feature_195,2.9207261365589893e-05,0.0010498537776223817,False
3,feature_196,0.0018845255842702135,0.00135180718824342,False
3,feature_197,0.008888980800485705,0.0032876261205196633,False
3,feature_198,-0.001588400832794749,0.00023889694324907186,False
3,feature_199,0.0006469328964043656,0.0010382036329332233,False
3,feature_200,0.011666092096300392,0.010810485650195597,False
3,feature_201,0.0050267043216996226,0.0010801693074176425,False
3,feature_202,0.005684720912917755,0.0015942742736835258,False
3,feature_203,0.0013391517725481565,0.0042637521371011195,False
3,feature_204,0.008830248836614521,0.005173076978071147,False
3,feature_205,-0.00036488183664412643,0.01149178196826045,False
3,feature_206,0.0,0.0,False
3,feature_207,0.005512273824918775,0.003507416018506333,False
3,feature_208,0.00136736161868987,0.0025236863515645525,False
3,feature_209,0.0,0.0,False
3,feature_210,0.012992352248448469,0.003911448899787948,False
3,feature_211,0.00512724832811338,0.005348635727534918,False
3,feature_212,-0.004541707501466615,0.0012720146466967622,False
3,feature_213,-0.006892096280945337,0.006557226113607323,False
3,feature_214,0.0002845450228700271,0.003974808756742605,False
3,feature_215,0.006830643929916891,0.00397461126913446,False
3,feature_216,0.007142187414540387,0.004191080900811364,False
3,feature_217,0.0023359968348879803,0.005518838253590844,False
3,feature_218,0.004550543983253774,0.009256346014806278,False
3,feature_219,0.006116685776937765,0.005066571019579377,False
3,feature_220,0.0032461273270492086,0.0014809710425138787,False
3,feature_221,0.0013035079290042995,0.007584908156018226,False
3,feature_222,0.0017324042332250527,0.0009236821862404143,False
3,feature_223,0.007704031690594877,0.004194517623058047,False
3,feature_224,0.010481383535894137,0.0006827704213622516,False
3,feature_225,0.007409543854221175,0.0036280622618840223,False
3,feature_226,0.0,0.0,False
3,feature_227,0.007239544835027552,0.002546559896613952,False
3,feature_228,0.0018953180676656856,0.001236095526204942,False
3,feature_229,0.0,0.0,False
3,feature_230,0.0,0.0,False
3,feature_231,0.0,0.0,False
3,feature_232,0.0,0.0,False
3,feature_233,0.0,0.0,False
3,feature_234,0.0,0.0,False
3,feature_235,0.0,0.0,False
3,feature_236,0.0,0.0,False
3,feature_237,0.0,0.0,False
3,feature_238,0.014250460174415133,0.0015786512407059662,False
3,feature_239,0.012391874576534326,0.0010726975556742961,False
3,feature_240,0.0,0.0,False
3,feature_241,0.0,0.0,False
3,feature_242,0.0,0.0,False
3,feature_243,0.0,0.0,False
3,feature_244,0.0004411240582144482,0.005681845763277949,False
3,feature_245,0.0035723590958814757,0.004306708064907414,False
3,feature_246,0.0020686756538235707,0.0010134373537101216,False
3,feature_247,-0.0067214822950252455,0.015045281642922926,False
3,feature_248,0.00669646918161243,0.004345358555062827,False
3,feature_249,0.0,0.0,False
3,feature_250,0.013173270133079914,0.0029670514664765905,False
3,feature_251,0.0021463053240097416,0.00216666655320215,False
3,feature_252,0.00310704791579978,0.0018573689720741103,False
3,feature_253,0.00934591163060224,0.00630774629584077,False
3,feature_254,-0.0024460239433984157,0.0020934116969706347,False
3,feature_255,0.003909753093916927,0.0030377573855422664,False
3,feature_256,0.0,0.0,False
3,feature_257,0.0,0.0,False
3,feature_258,0.0,0.0,False
3,feature_259,0.0,0.0,False
3,feature_260,0.0,0.0,False
3,feature_261,0.0,0.0,False
3,feature_262,0.0,0.0,False
3,feature_263,0.0,0.0,False
3,feature_264,0.0,0.0,False
3,feature_265,0.0,0.0,False
3,feature_266,0.0,0.0,False
3,feature_267,0.007156361646926772,0.004420818158472258,False
3,feature_268,0.000553572039619199,0.0027630100909914407,False
3,feature_269,0.011299735347801876,0.004829246165075972,False
3,feature_270,0.004170571281979803,0.00951468663184033,False
3,feature_271,0.00328704505892935,0.0037456596955140692,False
3,feature_272,-0.002412128407037898,0.016096169733344726,False
3,feature_273,0.006563243832137615,0.00492365340316206,False
3,feature_274,0.014993365359376102,0.001249585651873548,True
3,feature_275,0.002359730766042641,0.002725113187479376,False
3,feature_276,0.0,0.0,False
3,feature_277,0.001236010887111209,0.006084682510683261,False
3,feature_278,-0.0009160288310347356,0.001691917408885126,False
3,feature_279,-0.0022041349510144026,0.0058594403721366605,False
3,feature_280,-0.012179974538603866,0.01060273863992704,False
3,feature_281,-0.010580011322715577,0.006572761085545325,False
3,feature_282,0.011078008599010961,0.0014316583554137513,False
3,feature_283,0.004058536194040267,0.0017089276222571291,False
3,feature_284,0.0,0.0,False
3,feature_285,0.0018544585663755424,0.0006967258002969138,False
3,feature_286,-0.002958757403521639,0.005508446032730407,False
3,feature_287,0.007875089992584405,0.0054358655202204655,False
3,feature_288,0.010270563044272171,0.0014047566294044967,False
3,feature_289,0.0011080278979606062,0.001710486644022633,False
3,feature_290,0.007516776811970605,0.0022293543215160935,False
3,feature_291,0.010384622776934268,0.005701776468241522,False
3,feature_292,0.0,0.0,False
3,feature_293,-0.00017392176645147917,0.00017793338815042287,False
3,feature_294,0.002992080621287289,0.00023920153150009323,False
3,feature_295,0.005982014488395952,0.005591479371929529,False
3,feature_296,0.0021184599980102656,0.0014181040127733216,False
3,feature_297,0.003369786481221585,0.002800406198976324,False
3,feature_298,0.003413146073758292,0.004546707497329672,False
3,feature_299,0.0028129956075949223,0.0016515395560027363,False
3,feature_300,0.00412299872498099,0.0007129059811177477,False
3,feature_301,0.004188570070933077,0.0044822143387819,False
3,feature_302,0.0010182811921033985,0.003114844933004805,False
3,feature_303,0.001041436710921902,0.0019180883308216018,False
3,feature_304,-0.0011274324128637825,0.00165995701369193,False
3,feature_305,0.0024386905063432107,0.005536459003483572,False
3,feature_306,0.007442744653909687,0.005293720232824942,False
3,feature_307,0.01148945411323186,0.001483122275720246,False
3,feature_308,0.006739887603873988,0.0005282078235923872,False
3,feature_309,0.015250015268354086,0.004311705581955385,True
3,feature_310,0.008592826618978144,0.007801526114120874,False
3,feature_311,-0.0006601252971968896,0.0017478802938281615,False
3,feature_312,0.0020068553556821613,0.005010560910931286,False
3,feature_313,0.0,0.0,False
3,feature_314,0.0,0.0,False
3,feature_315,0.0,0.0,False
3,feature_316,0.01087441888252442,0.010830669655088325,False
3,feature_317,0.013589942027504595,0.0032755727129287126,False
3,feature_318,0.007970381683999272,0.006406426845824969,False
3,feature_319,0.012319283322546318,0.0027740312345193013,False
3,feature_320,0.011600229365607931,0.0022607736965533573,False
3,feature_321,0.0019403579151469619,0.001407650232648506,False
3,feature_322,0.0,0.0,False
3,feature_323,0.009374569117181078,0.0033350481331745527,False
3,feature_324,0.0011879008914300049,0.0010385802498087474,False
3,feature_325,0.0,0.0,False
3,feature_326,0.0,0.0,False
3,feature_327,0.0,0.0,False
3,feature_328,0.0,0.0,False
3,feature_329,0.0,0.0,False
3,feature_330,0.0,0.0,False
3,feature_331,0.005893688267340731,0.0029495293873005243,False
3,feature_332,-0.0006953678340080871,0.0016753369089543549,False
3,feature_333,0.002110342819295304,0.015971155676696956,False
3,feature_334,0.002628662779224744,0.0013704378601833626,False
3,feature_335,0.004884422264085715,0.0026057371629196026,False
3,feature_336,0.006228704948387102,0.003162173100335247,False
3,feature_337,-0.0004875512384113582,0.002370344840676507,False
3,feature_338,0.0060860416301977876,0.003165384515524374,False
3,feature_339,0.0017724620734160812,0.0019269351738075977,False
3,feature_340,0.008643200127752807,0.004239442075675931,False
3,feature_341,0.02410795169393563,0.00804390613313243,True
3,feature_342,0.0,0.0,False
3,feature_343,0.0032867107257503934,0.004210598551792214,False
3,feature_344,0.0026378962792431384,0.0013700919350254173,False
3,feature_345,0.008256419117580535,0.004937555103819145,False
3,feature_346,0.014708590428210896,0.0001360359284150969,True
3,feature_347,0.0,0.0,False
3,feature_348,-0.0035359889059401093,0.0008828425069005417,False
3,feature_349,0.0021324790123523063,0.004830039143397967,False
3,feature_350,0.007134701251144349,0.0020502056218560634,False
3,feature_351,-0.025090888283680945,0.01375340572423914,False
3,feature_352,-0.0017764466001414236,0.0018587920731176282,False
3,feature_353,0.006169301665376288,0.0010057886471585105,False
3,feature_354,0.002136283833803635,0.00040367926117686957,False
3,feature_355,0.0012149139040133112,0.0030315696653235523,False
3,feature_356,-0.0025792607806496837,0.017305940640647863,False
3,feature_357,0.0002262132490694254,0.0012918236048804512,False
3,feature_358,3.393226016951134e-05,4.798746253369532e-05,False
3,feature_359,-0.00042698562866583245,0.00248750206978575,False
3,feature_360,0.004603524232540994,5.992589335126853e-05,False
3,feature_361,0.010921062791627597,0.0030849209328849846,False
3,feature_362,0.007822620381274606,0.003287525125021222,False
3,feature_363,0.0006595082827132356,0.0013379889478656475,False
3,feature_364,0.0,0.0,False
3,feature_365,0.0010320020569990114,0.0009790707223736733,False
3,feature_366,0.0026156042937189503,0.0005718980568964059,False
3,feature_367,-0.0012048598722271264,0.000981434904533725,False
3,feature_368,0.004963801349878154,0.005063335737190486,False
3,feature_369,0.0,0.0,False
3,feature_370,0.0,0.0,False
3,feature_371,0.0,0.0,False
3,feature_372,0.0,0.0,False
3,feature_373,0.0,0.0,False
3,feature_374,0.0,0.0,False
3,feature_375,0.0,0.0,False
3,feature_376,0.013630580908261377,0.0019451758620039432,False
3,feature_377,-0.005020440504262387,0.01681802723461773,False
3,feature_378,0.0,0.0,False
3,feature_379,0.0,0.0,False
3,feature_380,0.0,0.0,False
3,feature_381,0.0,0.0,False
3,feature_382,0.003603413813609624,0.004402500100010427,False
3,feature_383,0.009212922855405611,0.005899808155398957,False
3,feature_384,-0.0006149167204832865,0.000556948442635745,False
3,feature_385,0.009190662015080009,0.00643904326194475,False
3,feature_386,-0.0016175514773046167,0.0010617340393069697,False
3,feature_387,0.0,0.0,False
3,feature_388,0.005315395805931007,0.004901988844379605,False
3,feature_389,0.0038231961541473716,0.002860727651153615,False
3,feature_390,0.002531898638055715,0.0037040883072772444,False
3,feature_391,0.01534004636170544,0.002246230001952039,True
3,feature_392,0.002253679830221659,0.003351045394947041,False
3,feature_393,0.007054519697922368,0.0026113863850782803,False
3,feature_394,0.0,0.0,False
3,feature_395,0.0,0.0,False
3,feature_396,0.0,0.0,False
3,feature_397,0.0,0.0,False
3,feature_398,0.0,0.0,False
3,feature_399,0.0,0.0,False
3,feature_400,0.0,0.0,False
3,feature_401,0.0,0.0,False
3,feature_402,0.0,0.0,False
3,feature_403,0.0,0.0,False
3,feature_404,0.0,0.0,False
3,feature_405,0.007787387889042041,0.0017385456980166967,False
3,feature_406,0.0036093427168985373,0.005005921482995132,False
3,feature_407,0.010122514532752072,0.0010566922143156838,False
3,feature_408,0.010343756401817764,0.0018744319664939508,False
3,feature_409,-0.0008618131794496479,0.0004974619222258529,False
3,feature_410,-0.004738768030954595,0.014711473234496186,False
3,feature_411,-0.003067688679193307,0.015373859610364296,False
3,feature_412,0.008097143507383034,0.0003944597489572656,False
3,feature_413,0.0006892489183792742,0.0016131032036773955,False
3,feature_414,0.0,0.0,False
3,feature_415,0.009384598927934529,0.004704037790913641,False
3,feature_416,0.009375861535830124,0.0014583056658149275,False
3,feature_417,0.0028314722608242526,0.0030380753784422683,False
3,feature_418,0.002668293497928335,0.00412069932937742,False
3,feature_419,0.004615967359475022,0.0022419718995044195,False
3,feature_420,0.0007576681694032769,0.0003325041133704744,False
3,feature_421,0.003765882772813367,0.005085556180922787,False
3,feature_422,0.0,0.0,False
3,feature_423,0.0074564329606946105,0.0024724994981209013,False
3,feature_424,0.000736664352536535,0.0007797741281501794,False
3,feature_425,0.004716189981466908,0.004118665416087432,False
3,feature_426,0.001041561723201967,0.004305487617376183,False
3,feature_427,0.008934321649534041,0.003509239876356174,False
3,feature_428,0.0031203442803725925,0.0012442074188961205,False
3,feature_429,0.013680570851642518,0.0033183994258120133,False
3,feature_430,0.011082303332271615,0.005031784067438781,False
3,feature_431,0.009319105745591952,0.007397713769259987,False
3,feature_432,0.00042916940861914554,0.00034715127392086334,False
3,feature_433,-0.001203808984229578,0.0007270974946696711,False
3,feature_434,0.009652391708506236,0.0030386994806584342,False
3,feature_435,0.0007092548904018373,0.0004102256953138255,False
3,feature_436,0.005630936556500728,0.0013081973530199708,False
3,feature_437,-0.008910620558189511,0.01630479603965873,False
3,feature_438,0.005635421756646127,0.0005040261098284215,False
3,feature_439,0.003540385641713347,0.00449467034228376,False
3,feature_440,0.0030547065317890754,0.0011221993934890629,False
3,feature_441,-0.013462756111408144,0.014152185567867327,False
3,feature_442,0.0030805813255389745,0.004154418597502719,False
3,feature_443,0.012061629600850646,0.006529541684124263,False
3,feature_444,-0.0015805372790598238,0.002183570894915452,False
3,feature_445,0.008351675398747186,0.0036614505530667947,False
3,feature_446,0.01010240164465063,0.00470784059861179,False
3,feature_447,0.003900476075195817,0.0011942831102325034,False
3,feature_448,0.009841039672529861,0.0016987666628384922,False
3,feature_449,0.0,0.0,False
3,feature_450,0.0,0.0,False
3,feature_451,0.0,0.0,False
3,feature_452,0.00549193539035094,0.004983939550895394,False
3,feature_453,0.006406721730629357,0.0038589204314482713,False
3,feature_454,0.009696626037802433,0.010055101333729216,False
3,feature_455,0.0016054411954212755,0.01532909701240877,False
3,feature_456,0.00427294680591304,0.001827063565116485,False
3,feature_457,0.0007934626934321676,0.001021155596709944,False
3,feature_458,0.0,0.0,False
3,feature_459,0.005433185688052363,0.0032039053663109793,False
3,feature_460,0.00027335304351859085,0.0039580144138314675,False
3,feature_461,0.0,0.0,False
3,feature_462,0.0,0.0,False
3,feature_463,0.0,0.0,False
3,feature_464,0.0,0.0,False
3,feature_465,0.0,0.0,False
3,feature_466,0.0,0.0,False
3,feature_467,0.008589569235344116,0.004179318138609374,False
3,feature_468,0.002671657554822663,0.0006110669536980361,False
3,feature_469,0.007692878058108125,0.0024431873096506683,False
3,feature_470,0.0037096493711632483,0.005927484027983154,False
3,feature_471,0.0064536843678500615,0.00262162136165293,False
3,feature_472,0.00394377438249488,0.0009170642509215362,False
3,feature_473,0.007088278209866276,0.0033582516803775417,False
3,feature_474,-0.0007039379522520983,0.0007100421161949187,False
3,feature_475,0.0017337708603026303,0.002888311319893073,False
3,feature_476,-0.0008303465093163117,0.0007274635222008332,False
3,feature_477,0.011433095650545844,0.0005730741413176094,False
3,feature_478,0.0,0.0,False
3,feature_479,0.004337447554669693,0.0030981624149285666,False
3,feature_480,0.011128499862279909,0.006450470091992871,False
3,feature_481,0.0,0.0,False
3,feature_482,0.0030677320712050316,0.0020231716378272453,False
3,feature_483,-0.002450228217182049,0.001586142931930707,False
3,feature_484,0.0045166686031690535,0.005144934609554922,False
3,feature_485,0.005921838538527384,0.0006838449581812472,False
3,feature_486,0.005342267260973754,0.003467888706063615,False
3,feature_487,-0.00020449026047723398,0.0015810213306425797,False
3,feature_488,0.003427753877530896,0.0010943236900376164,False
3,feature_489,-0.0006426688784375209,0.0139104875970677,False
3,feature_490,0.0033546206362446984,0.0014913345983956416,False
3,feature_491,0.0007309481769509999,0.005255771328352129,False
3,feature_492,0.0017999856001151837,0.0,False
3,feature_493,-0.003780867428402853,0.0006703780451622645,False
3,feature_494,-0.0007959117823872486,0.0013009802138702101,False
3,feature_495,0.005954749971761079,0.0033061056640145857,False
3,feature_496,-0.001153641236999477,0.001157565753049044,False
3,feature_497,-0.0016739308628867893,0.00939554161734048,False
3,feature_498,0.0,0.0,False
3,feature_499,0.008126409737887197,0.003447665474885341,False
3,feature_500,0.004318602440721038,0.0008932745720441703,False
3,feature_501,0.0,0.0,False
3,feature_502,0.0,0.0,False
3,feature_503,0.0,0.0,False
3,feature_504,0.0,0.0,False
3,feature_505,0.0,0.0,False
3,feature_506,0.0,0.0,False
3,feature_507,0.0,0.0,False
3,feature_508,0.0,0.0,False
3,feature_509,0.0,0.0,False
3,feature_510,0.004281458482273848,0.008345444485252651,False
3,feature_511,0.003281488259832229,0.0015350728056289023,False
3,feature_512,0.0,0.0,False
3,feature_513,0.0,0.0,False
3,feature_514,0.0,0.0,False
3,feature_515,0.0,0.0,False
3,feature_516,0.005753425276270725,0.004459328250651538,False
3,feature_517,0.0019883518948788184,0.0007364598190417568,False
3,feature_518,0.0018479395743679443,0.0015382699518523828,False
3,feature_519,-0.013339526682574024,0.013975299846989505,False
3,feature_520,0.001978544292361143,0.00512525185904912,False
3,feature_521,0.0,0.0,False
3,feature_522,0.009534501672077774,0.003439132487154567,False
3,feature_523,0.0029178137824985018,0.0047250076302989275,False
3,feature_524,0.006347002935636929,0.007976054327498002,False
3,feature_525,0.006762382431456641,0.0004731036044904755,False
3,feature_526,0.008167110361115596,0.004352390259012328,False
3,feature_527,-0.00042392486033924576,0.0007511732458582288,False
3,feature_528,0.0,0.0,False
3,feature_529,0.0,0.0,False
3,feature_530,0.0,0.0,False
3,feature_531,0.0,0.0,False
3,feature_532,0.0,0.0,False
3,feature_533,0.0,0.0,False
3,feature_534,0.0,0.0,False
3,feature_535,0.0,0.0,False
3,feature_536,0.0,0.0,False
3,feature_537,0.0,0.0,False
3,feature_538,0.0,0.0,False
3,feature_539,0.003934567281675183,0.0042009814495616955,False
3,feature_540,0.004338398662086851,0.005185845968982661,False
3,feature_541,0.017828821454216603,0.0053634188158809565,True
3,feature_542,0.007521440120238587,0.003989442325961631,False
3,feature_543,0.00020828525034118547,0.00022609672243976137,False
3,feature_544,-0.0006832568062910364,0.000648719122820137,False
3,feature_545,0.0008024635390162701,0.0017806261444216001,False
3,feature_546,0.0015988046198765298,0.0012004638181718405,False
3,feature_547,-0.010836487224153701,0.01420550320784839,False
3,feature_548,0.009519008504772017,0.000605109630584685,False
3,feature_549,0.011076475364993824,0.0033304371859587496,False
3,feature_550,0.003830712433621523,0.0009700018512045406,False
3,feature_551,0.001792882619965186,0.002231027274035012,False
3,feature_552,0.013626963209132056,0.0006760499487461017,False
3,feature_553,0.00044351700271575795,0.0014739563660629007,False
3,feature_554,0.009363021744541844,0.005453364631590263,False
3,feature_555,0.006380622459021897,0.005897865269849829,False
3,feature_556,0.0042208130071237915,0.0007613201172317198,False
3,feature_557,0.006737025254107539,0.0017761313640590108,False
3,feature_558,-0.0005901659162391529,0.00045315161167364256,False
3,feature_559,0.0006047861378332686,0.001991838164359173,False
3,feature_560,0.004596468125833956,0.005136995307458552,False
3,feature_561,-0.01971426836635287,0.017162923841491238,False
3,feature_562,0.0046798332748566596,0.0012874511896340522,False
3,feature_563,0.0019766759968907386,0.0027293576343292393,False
3,feature_564,0.0023870215524714467,0.0003678191594506256,False
3,feature_565,-0.00013945834379271624,0.000197223881177749,False
3,feature_566,0.000621561063165299,0.000643585333039726,False
3,feature_567,0.001604267574563445,0.0014383175333810912,False
3,feature_568,0.00029538392247232165,0.0025718456813766328,False
3,feature_569,0.005671171873999385,0.004672973071781733,False
3,feature_570,0.010561610968005916,0.00467602794062333,False
3,feature_571,0.002492685242138267,0.0029481895560480873,False
3,feature_572,0.003407243176727285,0.00235482417957885,False
3,feature_573,0.011318364722969284,0.0031724550821601296,False
3,feature_574,0.004827182507205281,0.007302840830358772,False
3,feature_575,-0.004156428419835527,0.0008776379015096267,False
3,feature_576,0.011247909618416133,0.004182895022798944,False
3,feature_577,-0.002988487549213862,0.003229506678690761,False
3,feature_578,0.0037616762043494365,0.001983392753370718,False
3,feature_579,0.001243968157287408,0.000984191969621465,False
3,feature_580,-0.009757427320783532,0.014304361263227997,False
3,feature_581,0.0008179836075736246,0.0006672192396705559,False
3,feature_582,0.0016344696102791694,0.00035024909839375437,False
3,feature_583,0.010767114010431752,0.002925501228842569,False
3,feature_584,-0.002862541819155462,0.0007376207222607613,False
3,feature_585,0.015678038519780207,0.0020781814552652766,True
3,feature_586,0.012774681312251493,0.002647984027100523,False
3,feature_587,0.007129602806571637,0.0009623127027576847,False
3,feature_588,0.005664913102426746,0.003548276867659505,False
3,feature_589,-0.0003650123002644963,0.0014604434688057924,False
4,feature_000,0.0012797841789501014,0.0015027781312609444,False
4,feature_001,0.0015411750863838687,0.0012908069783441288,False
4,feature_002,0.0011357400960396076,0.0010808091373724433,False
4,feature_003,-0.000973972376957862,0.0018086697315918701,False
4,feature_004,0.0002019002521301272,0.0013224773819301905,False
4,feature_005,0.0,0.0,False
4,feature_006,0.001233995639456975,0.0008791301194842569,False
4,feature_007,-0.005009271168942925,0.002123007058338141,False
4,feature_008,-0.002775993915254099,0.0010451387064765423,False
4,feature_009,-0.0038918870108226775,0.001444853454578941,False
4,feature_010,0.006447070077406626,0.0034950497572060406,True
4,feature_011,-0.0007980494674070341,0.00025687659699408835,False
4,feature_012,0.0024318391031168027,0.0025891076796440895,False
4,feature_013,0.0,0.0,False
4,feature_014,-0.0007415482722730274,0.001582259690353513,False
4,feature_015,-0.00031063609531821007,0.0016703721069494903,False
4,feature_016,-3.7048725538196825e-05,0.00024496155880709026,False
4,feature_017,-0.0019290046783801325,0.0026681709003663796,False
4,feature_018,-0.00029389664054188525,0.00047565091861793366,False
4,feature_019,-0.000297136840106275,0.0016177531189278678,False
4,feature_020,0.000890770952699238,0.0008639455115659185,False
4,feature_021,0.00020896286174336884,0.0018495903495507095,False
4,feature_022,-9.409143471631835e-05,0.0017120331328324381,False
4,feature_023,0.0007459284186318582,0.0004581113489541597,False
4,feature_024,0.0018650502213853244,0.0021966848576495724,False
4,feature_025,0.002783419046513552,0.0010093342548976592,False
4,feature_026,-0.0016054284682432511,0.0004973383463901883,False
4,feature_027,-0.000395503507798776,0.0015992614157501468,False
4,feature_028,0.001578927055084306,0.00017838758783372702,False
4,feature_029,0.0007786304230677962,0.0009620981334728136,False
4,feature_030,-0.002654843013259476,0.0008764671548663755,False
4,feature_031,0.010979194137912762,0.009257963014996009,True
4,feature_032,-0.0036735044259324687,0.002223135201596658,False
4,feature_033,0.011585395452491784,0.007869646215296327,True
4,feature_034,-0.0014323448413805968,0.00165051193805265,False
4,feature_035,-0.005201809736627742,0.002066414733211546,False
4,feature_036,-0.0005470120349345964,0.0012931742032560331,False
4,feature_037,0.0023117765732102538,0.0012672247366115501,False
4,feature_038,0.002606916764746429,0.0014258583219028352,False
4,feature_039,3.5821973888812884e-05,0.0033373446960505903,False
4,feature_040,0.00023608014317603546,0.0005371921293595185,False
4,feature_041,0.0012322815226557815,0.0002205905125480535,False
4,feature_042,0.0,0.0,False
4,feature_043,0.00026229675307935335,0.0011610553084429466,False
4,feature_044,0.0005497624478649025,0.0011382203398535968,False
4,feature_045,-0.0016104954259336761,0.0012133928687901013,False
4,feature_046,-0.004843736796857068,0.001077507421856598,False
4,feature_047,0.00023753743761497267,0.0010702122402920509,False
4,feature_048,-0.004214886308898787,0.00265647630945118,False
4,feature_049,0.0,0.0,False
4,feature_050,-0.0027424697206745543,0.0024424689738473137,False
4,feature_051,0.0006685165390076242,0.00127899693472666,False
4,feature_052,0.0,0.0,False
4,feature_053,-0.0009827026809012447,0.0005948757277266915,False
4,feature_054,0.0012647844641323718,0.002236255643160268,False
4,feature_055,-0.0010561962032884047,0.0009948264023281587,False
4,feature_056,0.0012802987824595546,0.003060130044010251,False
4,feature_057,0.0012412980103250943,0.00085900354651104,False
4,feature_058,4.40015719373558e-05,0.0012762357491081595,False
4,feature_059,0.010268444125467216,0.006966699068175469,True
4,feature_060,-0.002972294298742989,0.0005675318425647708,False
4,feature_061,-0.0009781028230940643,0.00035088491420834085,False
4,feature_062,-0.0024123775338862987,0.0012998507424386739,False
4,feature_063,0.004343020451779043,0.0005931436145562137,False
4,feature_064,0.008346065898030672,0.0006459659903785273,True
4,feature_065,-0.0027862663916045916,0.003651030973683689,False
4,feature_066,-0.003483415242452816,0.00346277537054823,False
4,feature_067,-0.0004310943230574534,0.00016278159460886773,False
4,feature_068,-0.005153319867769596,0.0014872191058131713,False
4,feature_069,0.0,0.0,False
4,feature_070,-0.0010088458635382676,0.0015827917636901505,False
4,feature_071,-0.003121902023461428,0.0030682553183128966,False
4,feature_072,0.000237450441582715,0.00041532462123134453,False
4,feature_073,0.0016248432804279826,0.001073172882092319,False
4,feature_074,0.0,0.0,False
4,feature_075,-0.00485188821101019,0.00012781862994669667,False
4,feature_076,0.00011942680117624227,0.0025800647206161444,False
4,feature_077,2.6223253069261137e-05,0.0010965552898497839,False
4,feature_078,-0.0006104469850082098,0.00018337715127449456,False
4,feature_079,0.0012568237806647453,0.001353807384508889,False
4,feature_080,0.0003287315263283315,0.0002973096201311239,False
4,feature_081,0.0009472393372876217,0.0029620970059748247,False
4,feature_082,-0.0005307623774163106,0.0008512916596565758,False
4,feature_083,-0.0033108843757125215,0.0015423212909951114,False
4,feature_084,0.0013259097270801508,0.0006616521103102503,False
4,feature_085,-2.6828844037818378e-05,2.386561819788039e-05,False
4,feature_086,-6.657171293795543e-05,0.00123047239112986,False
4,feature_087,0.0005156632686894221,0.0009196911338621756,False
4,feature_088,-0.0006019977510991759,0.001034015381897897,False
4,feature_089,-0.0006078269293214311,0.00042841643815425136,False
4,feature_090,0.0006811005215184204,0.001684353918099275,False
4,feature_091,-0.001374767950416263,0.001519345952513685,False
4,feature_092,-0.0006486797365545527,0.0011028758208355546,False
4,feature_093,0.000673689998604963,0.0003157392687424801,False
4,feature_094,6.684710214964935e-05,0.0009126777218433543,False
4,feature_095,0.0011431519043154463,0.001770495060700818,False
4,feature_096,-0.002436100824295878,0.0025770240507153614,False
4,feature_097,0.0,0.0,False
4,feature_098,-0.004877450590390677,0.0038363731422632447,False
4,feature_099,-0.00044992863664267135,0.0008689108209023891,False
4,feature_100,0.000589495033096484,0.00010438425582638645,False
4,feature_101,-1.1501514896363382e-05,0.0001719461551119586,False
4,feature_102,-0.001215221654977311,0.003945104622299357,False
4,feature_103,0.011190210614982201,0.0018290911024513856,True
4,feature_104,-0.0012988466031429353,0.0006603963658255071,False
4,feature_105,0.0014997739932275194,0.002146292318577701,False
4,feature_106,-0.0006188852194596028,0.002661704275992265,False
4,feature_107,-0.004044125225124623,0.0005368928080983215,False
4,feature_108,0.00046659444975262015,0.0007172335178718402,False
4,feature_109,-0.0005680119044627526,0.0012011547345143097,False
4,feature_110,-0.0003960452780050287,0.0011940777262406234,False
4,feature_111,-0.0019630104173440077,0.0016436250372689862,False
4,feature_112,-0.0031575815033277888,0.0023495304825894886,False
4,feature_113,-0.002698919749322163,0.002365525381140949,False
4,feature_114,0.0,0.0,False
4,feature_115,-0.0011185029900572334,0.0017687534756464182,False
4,feature_116,-0.0067514071506194024,0.0037672425187557624,False
4,feature_117,-0.00015113453244824013,0.000566372168814853,False
4,feature_118,0.0005740877110040529,0.00014713625996265478,False
4,feature_119,-0.0009986913949561564,0.0008931825848224549,False
4,feature_120,0.0003692651475044236,0.003128331751014903,False
4,feature_121,-0.0006626074840411592,0.0007898770009826372,False
4,feature_122,0.00045103284071696764,0.00235702348941893,False
4,feature_123,0.0028543905572725368,0.0021662894253559996,False
4,feature_124,-0.00011588566085027341,0.0008795933741054015,False
4,feature_125,0.0023215220124122027,0.004711417966624232,False
4,feature_126,0.0006833814030774432,0.0021866715620141746,False
4,feature_127,0.0010560876435621036,0.0029830556891485864,False
4,feature_128,-0.0026345538906869894,0.0022430219243897054,False
4,feature_129,0.002712815567177007,0.0023739481751032725,False
4,feature_130,5.0034295052024204e-05,0.0007541234617377032,False
4,feature_131,0.0012738775693861375,0.0012270913913221405,False
4,feature_132,-0.001213797550850576,0.0008653021866353094,False
4,feature_133,-0.0035770094642019654,0.0017371782877242047,False
4,feature_134,0.0008618704159956784,0.000570204584076989,False
4,feature_135,0.0034038274105474644,0.002321243809795637,False
4,feature_136,-0.0006539213938925407,0.0002745480318173931,False
4,feature_137,0.0004181618054769909,0.00019346542553873335,False
4,feature_138,0.0011515449932307704,0.0021512059464185557,False
4,feature_139,0.0020291155142729924,0.0018602455950400374,False
4,feature_140,-5.804850718267122e-05,0.0010266335100000542,False
4,feature_141,0.0,0.0,False
4,feature_142,0.0019022161878770687,0.000804198766862263,False
4,feature_143,-0.0005779583191501311,0.0011961164557064794,False
4,feature_144,-0.0006933623740350744,0.0024928313063569203,False
4,feature_145,0.0006877211725574798,0.0011926389393627584,False
4,feature_146,-0.0038407872279657695,0.0008595051068534473,False
4,feature_147,0.0009439397305782785,0.0003070233411808278,False
4,feature_148,-0.0017028504706658547,0.0005147067637738227,False
4,feature_149,0.0,0.0,False
4,feature_150,-0.0005364927681691481,0.0013768088907816643,False
4,feature_151,-0.001179535311554819,0.0026139217473673407,False
4,feature_152,0.00577554479612898,0.003108413159643559,True
4,feature_153,0.00039265833095639135,0.00020349442359959366,False
4,feature_154,0.0004358390975636728,0.0024197456777855955,False
4,feature_155,0.0004906619455281961,0.000136752824806783,False
4,feature_156,0.0014738705159445993,0.0008095245800796419,False
4,feature_157,0.0002420140472349508,0.0004436804860925024,False
4,feature_158,9.812612501253204e-05,7.133471181106039e-05,False
4,feature_159,-0.0010051676161374663,0.0036136344911521234,False
4,feature_160,0.0032199967376659124,0.001691534477657247,False
4,feature_161,0.004181518657375982,0.0004923997796849874,False
4,feature_162,-0.0033868501437213094,0.002043488421951402,False
4,feature_163,0.0025800987863630978,0.0006432863459561185,False
4,feature_164,-0.0005301143188184235,0.0007700910233711965,False
4,feature_165,-0.0004987628292680291,0.0006682231923635432,False
4,feature_166,-0.0015057299596708447,0.0007029568281505275,False
4,feature_167,-0.0005948875026863254,0.0005273886524853203,False
4,feature_168,-0.0018052265678598727,0.0009314928377622412,False
4,feature_169,0.004529208083131712,0.0022110847944225285,True
4,feature_170,0.0014679037973884257,0.0016431675514182724,False
4,feature_171,-0.0019072858303402034,0.0020530251640283105,False
4,feature_172,-0.0030433911391073063,0.0029378604451066807,False
4,feature_173,0.0013486147070014924,0.00017470078538958154,False
4,feature_174,0.0013168532418297851,0.002310318638330431,False
4,feature_175,-0.0016786535864720769,0.0011868199508901593,False
4,feature_176,-0.0027855567005343196,0.0013839271956207501,False
4,feature_177,0.0006883016055832617,0.0007798718282891468,False
4,feature_178,0.0,0.0,False
4,feature_179,0.0,0.0,False
4,feature_180,0.00014778305268987416,0.001884022059520082,False
4,feature_181,0.0022888477916325847,0.001412073304393708,False
4,feature_182,0.0028711747235452834,0.0023523186082109694,False
4,feature_183,-0.00455646411006531,0.005643769871249618,False
4,feature_184,0.0020641051237583197,0.0008333789569434871,False
4,feature_185,-0.00011955951459596825,0.0028420660090445484,False
4,feature_186,0.0,0.0,False
4,feature_187,0.00039616961081549257,0.0026757751112891004,False
4,feature_188,-0.0024713737669212477,0.003454724318812148,False
4,feature_189,0.0,0.0,False
4,feature_190,0.0,0.0,False
4,feature_191,0.0,0.0,False
4,feature_192,0.0,0.0,False
4,feature_193,0.0,0.0,False
4,feature_194,0.0,0.0,False
4,feature_195,0.0002755643328023194,0.001313311111747475,False
4,feature_196,-0.0013052372820697618,0.0009292427177015663,False
4,feature_197,-3.106460273961479e-05,0.0058264535919073926,False
4,feature_198,-0.00094609995085565,0.0007809053827316006,False
4,feature_199,-0.003295113085027566,0.0022712611332425595,False
4,feature_200,-0.002154037591152578,0.0022001106102441173,False
4,feature_201,-3.629306631371584e-05,0.00040770180481080264,False
4,feature_202,0.001065412823380472,0.0005126273883628744,False
4,feature_203,-0.00019357525501173534,0.0018046878929070577,False
4,feature_204,-0.0021807816134285507,0.0022395465103121383,False
4,feature_205,0.007406798402162833,0.00242878892942909,True
4,feature_206,0.0,0.0,False
4,feature_207,-0.0007513942231175593,0.001438791669343101,False
4,feature_208,0.0005793578764196616,0.0014621516265318135,False
4,feature_209,0.0,0.0,False
4,feature_210,-0.0012032053595806003,0.0009355853430571337,False
4,feature_211,0.0002932474120880176,0.0007438878826127164,False
4,feature_212,-0.0016688425215840204,0.0018739301290525328,False
4,feature_213,0.006430621323866653,0.004131295368549559,True
4,feature_214,-0.0018534700695638784,0.0023685389434900677,False
4,feature_215,0.00022119781874505953,0.0004946851899978852,False
4,feature_216,-0.0006207090777495169,0.00043954691167457716,False
4,feature_217,-0.000713575846189011,0.00047272617244208787,False
4,feature_218,-0.0004931319979291637,0.002109824218383266,False
4,feature_219,-0.003215849924895838,0.00036038991774960957,False
4,feature_220,-7.152937344582592e-06,7.047443712244348e-05,False
4,feature_221,-0.0005620588712348107,0.0011884386225974792,False
4,feature_222,0.0027519768737076233,0.0019946160352905242,False
4,feature_223,-0.00011825660351386102,0.0004593756857957158,False
4,feature_224,0.0010798697419881116,0.0006284021980163581,False
4,feature_225,0.0022859674895808757,0.0019130654861924206,False
4,feature_226,0.0,0.0,False
4,feature_227,0.00010666127442175248,0.002101131389484492,False
4,feature_228,0.0011390363145060052,0.0005483930959116223,False
4,feature_229,0.0,0.0,False
4,feature_230,0.0,0.0,False
4,feature_231,0.0,0.0,False
4,feature_232,0.0,0.0,False
4,feature_233,0.0,0.0,False
4,feature_234,0.0,0.0,False
4,feature_235,0.0,0.0,False
4,feature_236,0.0,0.0,False
4,feature_237,0.0,0.0,False
4,feature_238,0.0007086363927590785,0.0011839897069505754,False
4,feature_239,-4.991059805342646e-05,0.0006857161051212377,False
4,feature_240,0.0,0.0,False
4,feature_241,0.0,0.0,False
4,feature_242,0.0,0.0,False
4,feature_243,0.0,0.0,False
4,feature_244,-0.00017608443444474173,0.0011050085365920939,False
4,feature_245,-0.0005252014630141855,0.00015857179406048738,False
4,feature_246,-0.0005168652615762567,0.0008264314702440415,False
4,feature_247,0.004847168307038889,0.0034445815860140185,True
4,feature_248,0.0006448665114116847,0.0007941312404061465,False
4,feature_249,0.0,0.0,False
4,feature_250,-0.005887279081296474,0.002669520606487083,False
4,feature_251,-0.0007558455336713529,0.0024832468357811337,False
4,feature_252,0.002874587800129345,0.0016252994748436568,False
4,feature_253,0.0016880492367489415,0.0005307633275710122,False
4,feature_254,-0.0015523820984666887,0.0037497957855040726,False
4,feature_255,-0.0014991933488411602,0.002717419473939884,False
4,feature_256,0.0,0.0,False
4,feature_257,0.0,0.0,False
4,feature_258,0.0,0.0,False
4,feature_259,0.0,0.0,False
4,feature_260,0.0,0.0,False
4,feature_261,0.0,0.0,False
4,feature_262,0.0,0.0,False
4,feature_263,0.0,0.0,False
4,feature_264,0.0,0.0,False
4,feature_265,0.0,0.0,False
4,feature_266,0.0,0.0,False
4,feature_267,-0.000536135868010934,0.0007798637502495511,False
4,feature_268,0.00036626294772570955,0.003026560089425744,False
4,feature_269,4.624558807101812e-05,0.0005806186876811172,False
4,feature_270,0.0061137919855573,0.0035169911127645704,True
4,feature_271,0.001453840117877229,0.000253307694628541,False
4,feature_272,0.0013275607552074853,0.00150461344860234,False
4,feature_273,-0.0010019152700434057,0.001322636154045501,False
4,feature_274,-0.0001876674687547597,0.0029052644497682845,False
4,feature_275,-0.0003048115871934394,0.0011071554432151441,False
4,feature_276,0.0,0.0,False
4,feature_277,0.0015632721143809443,0.0011292559154030355,False
4,feature_278,0.0020909802137385283,0.00027518373004808993,False
4,feature_279,-0.0029314900374342867,0.0023931851105537015,False
4,feature_280,0.0040751362059659,0.0009885326679734718,False
4,feature_281,0.0016803624375587671,0.0009620562752815211,False
4,feature_282,0.0008972897436735442,0.0016747998820650515,False
4,feature_283,0.0017234659342239556,0.0009237850439531455,False
4,feature_284,0.0,0.0,False
4,feature_285,0.0009425326807924739,0.0004263577298863438,False
4,feature_286,0.001600277032227787,0.0029962767452239186,False
4,feature_287,0.0023361015139078123,0.0010008843389000019,False
4,feature_288,-0.004308802191722934,0.0024472918550019975,False
4,feature_289,0.0004950448696669588,0.00013067608560619337,False
4,feature_290,0.0005600390666041325,0.0008317402820638911,False
4,feature_291,4.3629646893602235e-05,0.001133367068326187,False
4,feature_292,-0.0013063491102190221,0.0018823581714113066,False
4,feature_293,-7.171543316120133e-05,0.0,False
4,feature_294,-0.0008561659502239009,0.0034630869663075273,False
4,feature_295,0.002092765403606219,0.002068539855445182,False
4,feature_296,-0.004258779916916404,0.0008248115057355965,False
4,feature_297,-0.001538500499412306,0.0020669806349639243,False
4,feature_298,-0.006793797026900972,0.0012032972044170142,False
4,feature_299,0.0035132889840658044,0.00040574323327417284,False
4,feature_300,0.0012757911839887022,0.0018815354116292673,False
4,feature_301,-0.0016599476195161926,0.0006298047277821978,False
4,feature_302,-0.0025264642177412755,0.0005798946454076097,False
4,feature_303,-0.0015532023704296998,0.0014361626071279039,False
4,feature_304,-0.0014255240040511412,0.0011903490911211784,False
4,feature_305,0.0017455272168838964,0.0016970424804483007,False
4,feature_306,0.0009806765841612608,0.0011149524162057287,False
4,feature_307,0.005249455671555686,0.0027116577423356237,True
4,feature_308,-0.0013850645855768469,0.0019263651917545887,False
4,feature_309,0.002376934046296066,0.0014313177889975076,False
4,feature_310,0.0009297085388808579,0.0016719972540412287,False
4,feature_311,-0.00954245520152062,0.0022634633999374185,False
4,feature_312,0.0017148034287517249,0.001565776976607315,False
4,feature_313,0.0,0.0,False
4,feature_314,0.0,0.0,False
4,feature_315,0.0,0.0,False
4,feature_316,0.002573846038884433,0.005384961933479332,False
4,feature_317,-0.006474333519788526,0.000788959427136997,False
4,feature_318,0.0005388091871600942,0.004220324631443259,False
4,feature_319,0.0011570185498601855,0.001768617994277453,False
4,feature_320,-0.00022797304583707656,0.0008261132010787677,False
4,feature_321,-0.0001768372173930055,0.000978733108811128,False
4,feature_322,0.0,0.0,False
4,feature_323,0.005112927060210447,0.0024201035355399356,True
4,feature_324,-0.004220380065584404,0.003925394862032676,False
4,feature_325,0.0,0.0,False
4,feature_326,0.0,0.0,False
4,feature_327,0.0,0.0,False
4,feature_328,0.0,0.0,False
4,feature_329,0.0,0.0,False
4,feature_330,0.0,0.0,False
4,feature_331,-0.00039491767315320375,0.0016570326328064473,False
4,feature_332,0.0003647134836631538,0.000573421760560089,False
4,feature_333,-4.106658057616749e-05,0.0007979203410969968,False
4,feature_334,-0.004090602668865064,0.0024119131728990444,False
4,feature_335,0.0026670594394090086,0.001722578931260756,False
4,feature_336,-0.00613328397704994,0.004251467397363676,False
4,feature_337,-0.0026228092056514627,0.000980218750412355,False
4,feature_338,-0.0017098709040958744,0.0014365761613352975,False
4,feature_339,-0.0029038474517396606,0.0005947469989023297,False
4,feature_340,-0.00202952140827109,0.0015553248412874814,False
4,feature_341,0.007997617471645013,0.004690228777231074,True
4,feature_342,0.0,0.0,False
4,feature_343,0.0027191360792021,0.0017864216582650881,False
4,feature_344,0.0015418055593425888,0.0017174009847887855,False
4,feature_345,0.004934796007953028,0.0006807726073352359,True
4,feature_346,-0.000881622381138647,0.0012821440133003947,False
4,feature_347,0.0,0.0,False
4,feature_348,-4.8047288138971154e-05,0.0025824793953927406,False
4,feature_349,0.0008937052664749942,0.0006359393954244355,False
4,feature_350,0.0008219820243986486,0.00043646088216496126,False
4,feature_351,0.0067044814069520025,0.001198337136465798,True
4,feature_352,-0.003617959256831893,0.00058236770402135,False
4,feature_353,-0.0009824484803004445,0.0005702465043391881,False
4,feature_354,0.002124494493148591,0.0005489131594629349,False
4,feature_355,-0.003380767121228941,0.0024663368962993073,False
4,feature_356,-0.00011540616404081179,0.00044370498825214907,False
4,feature_357,-0.001411795104539602,0.002059567053366931,False
4,feature_358,0.0,0.0,False
4,feature_359,0.0015869002050983665,0.00043845996338945603,False
4,feature_360,0.000702938122769281,0.0006597009165977778,False
4,feature_361,0.003067748302292552,0.0012051001044092104,False
4,feature_362,0.0002072391891918731,0.00021346827043776666,False
4,feature_363,0.0014663372357685185,0.002904291274243138,False
4,feature_364,0.0,0.0,False
4,feature_365,0.00055508838211063,0.002912081756044708,False
4,feature_366,-0.0005041831697612705,0.0018482619826651159,False
4,feature_367,-0.003314894031811686,0.0008700211928410855,False
4,feature_368,-0.004392465350865756,0.00029752840615065236,False
4,feature_369,0.0,0.0,False
4,feature_370,0.0,0.0,False
4,feature_371,0.0,0.0,False
4,feature_372,0.0,0.0,False
4,feature_373,0.0,0.0,False
4,feature_374,0.0,0.0,False
4,feature_375,0.0,0.0,False
4,feature_376,0.00028614363366874507,0.0004948454610409848,False
4,feature_377,0.003980862087010613,0.0015377865985772923,False
4,feature_378,0.0,0.0,False
4,feature_379,0.0,0.0,False
4,feature_380,0.0,0.0,False
4,feature_381,0.0,0.0,False
4,feature_382,0.0013996731427911857,0.0014012719903903354,False
4,feature_383,-0.00023037137328109822,0.0017136528778280838,False
4,feature_384,8.433506272655563e-06,2.8487138248256806e-05,False
4,feature_385,-0.002584745998105792,0.0006772982112006607,False
4,feature_386,0.00037928954562483724,0.00044935742030075823,False
4,feature_387,0.0,0.0,False
4,feature_388,-0.0006894049938623026,0.0016752455712199916,False
4,feature_389,0.00039925124543510604,0.001977686607703033,False
4,feature_390,-0.0007468759284095702,0.0005891930930883522,False
4,feature_391,-0.0006632015687960957,0.0007303753841293708,False
4,feature_392,-0.0034427523249680827,0.0022836857054599445,False
4,feature_393,-0.002590037121790086,0.0008517170476839055,False
4,feature_394,0.0,0.0,False
4,feature_395,0.0,0.0,False
4,feature_396,0.0,0.0,False
4,feature_397,0.0,0.0,False
4,feature_398,0.0,0.0,False
4,feature_399,0.0,0.0,False
4,feature_400,0.0,0.0,False
4,feature_401,0.0,0.0,False
4,feature_402,0.0,0.0,False
4,feature_403,0.0,0.0,False
4,feature_404,0.0,0.0,False
4,feature_405,0.0007967279543322677,0.00031674984753806367,False
4,feature_406,-5.595101490388221e-05,0.0007892383528452136,False
4,feature_407,-0.0018826875012150728,0.0008147385924863995,False
4,feature_408,-0.0013272888317943283,0.001321254118872861,False
4,feature_409,0.0007165180601491813,0.0004547913252760102,False
4,feature_410,0.0004528065417554831,0.00021194111628941567,False
4,feature_411,-0.0004801529499314043,0.0019350060834001231,False
4,feature_412,-0.0032734092399418304,0.0024477225096336415,False
4,feature_413,-9.81847908738398e-05,0.0003923418567771304,False
4,feature_414,0.0,0.0,False
4,feature_415,0.00027518356204718947,0.001947243567697672,False
4,feature_416,-0.003189836492007168,0.0014880065056393217,False
4,feature_417,0.002451670458176717,0.001546163988883755,False
4,feature_418,-6.536631846823515e-05,0.0009432984679462133,False
4,feature_419,-2.984307147339364e-05,0.002683117657990556,False
4,feature_420,-0.002363775474429989,0.0006413101611677163,False
4,feature_421,-0.00018933883435208002,0.001627531364811078,False
4,feature_422,0.0,0.0,False
4,feature_423,-0.005713685623875901,0.0007787439454251182,False
4,feature_424,-0.0025420595229057596,0.0010377955651336356,False
4,feature_425,0.0029522739839071463,0.0013495780263916293,False
4,feature_426,-0.00549419391020492,0.0032152941595216863,False
4,feature_427,0.0002177939767779117,0.00035238610110730417,False
4,feature_428,-0.0003993920946831024,0.0008352844540084454,False
4,feature_429,0.004125632211686298,0.0014785783665458164,False
4,feature_430,-0.003153946845861446,0.002210259690251542,False
4,feature_431,0.0017072226800051438,0.003158110188808337,False
4,feature_432,0.00042746635109188375,0.0004976440536215951,False
4,feature_433,-0.0030111926510212237,0.0038498838116103884,False
4,feature_434,-0.005019070135020574,0.0026205259834435383,False
4,feature_435,0.0014214048161370063,0.00018154810063063297,False
4,feature_436,-0.0014603317239834195,0.001180611293402138,False
4,feature_437,0.002053286097465301,0.0009203950200631827,False
4,feature_438,-0.004664642339827894,0.001871489239479328,False
4,feature_439,-0.0015239831738185032,0.0017370240102582298,False
4,feature_440,-0.00037186855824091386,0.0004336696798570652,False
4,feature_441,0.0006083580077238434,0.0015376205668817479,False
4,feature_442,0.0007003066825314042,0.0005670810985666058,False
4,feature_443,-0.000817091613316695,0.001174932628988218,False
4,feature_444,-0.0003081754872312122,0.0010349866774337951,False
4,feature_445,0.00038625571305627343,0.0020628189007513152,False
4,feature_446,0.0022503131512232413,0.004725250203731637,False
4,feature_447,0.00446590184130861,0.0028266022384816807,True
4,feature_448,-0.0029121919007834654,0.0014638683554209684,False
4,feature_449,0.0,0.0,False
4,feature_450,0.0,0.0,False
4,feature_451,0.0,0.0,False
4,feature_452,0.003532147627212018,0.001954555251686151,False
4,feature_453,-0.002194595834269832,0.000663822007893097,False
4,feature_454,0.0004363242382369829,0.0015014647361079921,False
4,feature_455,-0.0014724727249949738,0.0020809821357782705,False
4,feature_456,0.0015999086175784623,0.0007685352558194892,False
4,feature_457,0.0007869945943304313,0.00027015337824180216,False
4,feature_458,0.0,0.0,False
4,feature_459,-0.007525536057170286,0.001810572831311352,False
4,feature_460,0.0006106181860736729,0.0011086854242659126,False
4,feature_461,0.0,0.0,False
4,feature_462,0.0,0.0,False
4,feature_463,0.0,0.0,False
4,feature_464,0.0,0.0,False
4,feature_465,0.0,0.0,False
4,feature_466,0.0,0.0,False
4,feature_467,-0.0010571169028635585,0.002700867129648453,False
4,feature_468,0.0009729799255078683,0.0010835958023264391,False
4,feature_469,-0.0012631924637652632,0.0016824512307994138,False
4,feature_470,-0.0002776034863311387,0.00015135914913465176,False
4,feature_471,-0.001637435706853892,0.0005364281417673399,False
4,feature_472,-0.0024656341658430927,0.0027441530565555775,False
4,feature_473,-0.0016674503057360808,0.00043411904621561576,False
4,feature_474,0.0002523241980121142,0.00022354702741005832,False
4,feature_475,-0.0023966377368982348,0.0011169232013591701,False
4,feature_476,-0.0013331433738446585,0.0019545361924169914,False
4,feature_477,0.011595386951459508,0.0018177252895602268,True
4,feature_478,0.0,0.0,False
4,feature_479,0.002662602469823879,0.0031106339180596884,False
4,feature_480,-0.005971427599972924,0.0021119400986175586,False
4,feature_481,0.0,0.0,False
4,feature_482,-0.00044188717037404085,0.0006219595113983684,False
4,feature_483,-0.007008811948425527,0.0009383348907731847,False
4,feature_484,0.000827818863535168,0.001565000587206553,False
4,feature_485,0.0025488303793984404,0.0006711193482167682,False
4,feature_486,0.0013072756269866166,0.0016133375964208112,False
4,feature_487,-0.0005946558480407205,0.0016638563743741164,False
4,feature_488,0.0010706867821228632,0.001152886056946963,False
4,feature_489,0.0036810215393771697,0.0016011106681020199,False
4,feature_490,-0.0022810556269191504,0.0022161796952752176,False
4,feature_491,-0.004599425384985395,0.002091066692983581,False
4,feature_492,-4.7810288774134215e-05,3.380697940267737e-05,False
4,feature_493,-0.0004414840484440648,0.001879993084398494,False
4,feature_494,0.0004008737645974832,0.0005409738803544128,False
4,feature_495,0.0016932734259517412,0.001812429131864951,False
4,feature_496,-0.0017770738252197067,0.001883081770140523,False
4,feature_497,-0.0002821946913873959,0.0011021800735954248,False
4,feature_498,0.0,0.0,False
4,feature_499,-0.002012916775273932,0.002161940448505794,False
4,feature_500,0.0008696879482918881,0.00029800363391980567,False
4,feature_501,0.0,0.0,False
4,feature_502,0.0,0.0,False
4,feature_503,0.0,0.0,False
4,feature_504,0.0,0.0,False
4,feature_505,0.0,0.0,False
4,feature_506,0.0,0.0,False
4,feature_507,0.0,0.0,False
4,feature_508,0.0,0.0,False
4,feature_509,0.0,0.0,False
4,feature_510,0.005384226161326611,0.0042136700585289726,True
4,feature_511,0.0003739914029428082,0.0007712653545206835,False
4,feature_512,0.0,0.0,False
4,feature_513,0.0,0.0,False
4,feature_514,0.0,0.0,False
4,feature_515,0.0,0.0,False
4,feature_516,8.424594166684767e-05,0.0009109897439153002,False
4,feature_517,-0.0006163422561545062,0.0010135155020194297,False
4,feature_518,-0.0004769255845696689,0.0012332483763744424,False
4,feature_519,0.0011336712003853962,0.002957396433092723,False
4,feature_520,-0.00250976489376555,0.002365136197985844,False
4,feature_521,0.0,0.0,False
4,feature_522,0.0004174541861761231,0.001729314943647949,False
4,feature_523,-0.0006406813365559446,0.0019680122692139735,False
4,feature_524,0.000275215034839645,0.0006741647418991129,False
4,feature_525,0.00026107211514194334,0.0015504654248132484,False
4,feature_526,-0.004448873050078313,0.005256509456948514,False
4,feature_527,-0.0018033345954585889,0.002081363722430651,False
4,feature_528,0.0,0.0,False
4,feature_529,0.0,0.0,False
4,feature_530,0.0,0.0,False
4,feature_531,0.0,0.0,False
4,feature_532,0.0,0.0,False
4,feature_533,0.0,0.0,False
4,feature_534,0.0,0.0,False
4,feature_535,0.0,0.0,False
4,feature_536,0.0,0.0,False
4,feature_537,0.0,0.0,False
4,feature_538,0.0,0.0,False
4,feature_539,1.86370189270794e-05,0.00010775060092765498,False
4,feature_540,0.00012158322723127928,0.0002626429143831253,False
4,feature_541,0.0007578381324173286,0.001070692854099764,False
4,feature_542,-0.000573845937642444,0.0003737978502481561,False
4,feature_543,0.0004686187169329059,0.00047844211365903995,False
4,feature_544,-0.0001125890200734762,0.00044459983710830764,False
4,feature_545,0.0006527131443587278,0.0007588438110315494,False
4,feature_546,0.0009069703066151846,0.0005995312440590609,False
4,feature_547,-0.0006576156644843937,0.0016863127159482837,False
4,feature_548,0.0010139772220593886,0.0006374958039643045,False
4,feature_549,0.0005521882617350778,0.0008220500551917995,False
4,feature_550,0.0007973331064604258,0.0015368431572877865,False
4,feature_551,0.0007968113038386478,0.0010247591954736204,False
4,feature_552,-0.0006582768668603837,0.0034288191848143674,False
4,feature_553,0.00265267031751217,0.0018567430418701132,False
4,feature_554,-0.0002400132354364315,0.000266301545599027,False
4,feature_555,0.0024955586222654056,0.0020950549813536523,False
4,feature_556,7.617722280703343e-05,0.0011580834612534834,False
4,feature_557,-0.0008558783446042014,0.0016954853482870898,False
4,feature_558,-0.0011136135683808095,0.0005574463493566083,False
4,feature_559,-0.0007457805212576218,0.0001999280908217186,False
4,feature_560,0.00034096266576020645,0.0010795698030435015,False
4,feature_561,0.0008272588806541951,0.0006729586971745455,False
4,feature_562,0.002035221473324291,0.00032504736525083085,False
4,feature_563,-2.564933451671784e-05,0.0014329644348149663,False
4,feature_564,0.00020208352044193134,0.00033012382670632073,False
4,feature_565,-0.00026721356617521547,7.302455697670976e-05,False
4,feature_566,0.0004998924502505239,0.0011803575079718139,False
4,feature_567,0.0013752717184145058,7.08490789290141e-05,False
4,feature_568,-0.0006187166728811219,0.0008842516404076426,False
4,feature_569,-7.157726406816407e-05,0.0006218260519988522,False
4,feature_570,-0.0019476953964961408,0.0018872311176291812,False
4,feature_571,-0.0008498809525138059,0.0006880536563768722,False
4,feature_572,-0.0030749194303097325,0.001475806804355934,False
4,feature_573,-0.0038662401712089103,0.0023169074894659235,False
4,feature_574,-0.0034740344464495774,0.0006512809189169158,False
4,feature_575,0.0017078490982074628,0.002074327226020949,False
4,feature_576,-0.0012845112615194054,0.0006367073745235283,False
4,feature_577,-0.0013765329214164383,0.0031576204271686796,False
4,feature_578,-0.004802224431989975,0.0009010405909185815,False
4,feature_579,-0.0008800365147480412,0.0003297365676861879,False
4,feature_580,-0.003522817288028557,0.0005167226732402875,False
4,feature_581,-0.004892172982754822,0.0017649256744540947,False
4,feature_582,-0.0018750934763254272,0.0016563745562126816,False
4,feature_583,-4.9433730753621154e-05,0.00012527381915869264,False
4,feature_584,0.0005297373787721457,0.0018782234125383301,False
4,feature_585,0.003254913996667552,0.0013107386780035328,False
4,feature_586,-0.0007081847150568477,0.00014281013337413479,False
4,feature_587,-0.0009758189300756818,0.002975067526315626,False
4,feature_588,-0.0028384972795979513,0.0011130282759133539,False
4,feature_589,-0.0017603319479051749,0.0008214673131188783,False
5,feature_000,-0.0008294625527023961,0.0007921443510235495,False
5,feature_001,0.003915661582909513,0.0054776119739449,False
5,feature_002,0.0004937577536417067,0.0004188583538034461,False
5,feature_003,0.000774086221840183,0.0002678257028887035,False
5,feature_004,0.0003611985395643262,0.001014571281443662,False
5,feature_005,0.0,0.0,False
5,feature_006,0.0027462820475106418,0.005260096730422784,False
5,feature_007,0.0017302820053923622,0.0009877548539443694,False
5,feature_008,0.0005068878128837717,0.0013256395083058284,False
5,feature_009,-0.0003163608358372945,0.0010313419590370282,False
5,feature_010,0.0030095719480129624,0.0004463464059110495,False
5,feature_011,0.00036632866464765085,0.000660116323087962,False
5,feature_012,0.00043405024773693346,0.0006742989811188352,False
5,feature_013,0.0,0.0,False
5,feature_014,0.010115662280398424,0.0007219454276883939,True
5,feature_015,0.000618099297678513,0.001163582502618941,False
5,feature_016,0.003266855378711714,0.004277220802199125,False
5,feature_017,-0.0005971407553891176,0.0003937499097816377,False
5,feature_018,-0.0008753214697432657,0.00032722217332710045,False
5,feature_019,-0.006029463592197665,0.01966179799325656,False
5,feature_020,-0.0009051835789346078,0.0006854273013457612,False
5,feature_021,0.006975327566116731,0.005069349845080322,False
5,feature_022,3.093183427170058e-05,0.00023225889915946485,False
5,feature_023,0.007304531983002294,0.004936656394620971,False
5,feature_024,0.0005358470118238442,0.0009269222257281437,False
5,feature_025,0.0027591809287185833,0.004886479821498768,False
5,feature_026,-0.0010712440081488972,0.0008020561258435107,False
5,feature_027,0.000865915055716889,0.0005579669159194019,False
5,feature_028,-0.002072657066490282,0.0002505472657228409,False
5,feature_029,0.0010110075627989545,0.0011514915296285963,False
5,feature_030,0.0010526248571652297,0.00057672218036008,False
5,feature_031,-0.007741122455899085,0.0130172674617801,False
5,feature_032,0.0003138829266851606,0.004443405824394159,False
5,feature_033,0.018917652631863718,0.00464286262047007,True
5,feature_034,3.6455343795547636e-05,0.0017448107917682168,False
5,feature_035,-8.696095409537381e-05,0.001621473009701512,False
5,feature_036,0.0005615954201819243,0.000351823472110247,False
5,feature_037,0.0008697578133114447,0.0007817506269772196,False
5,feature_038,0.00458896867561102,0.003807940137826352,False
5,feature_039,-0.00010558278309398077,0.0006730375202787364,False
5,feature_040,-0.0017929409020603266,1.563262996928772e-05,False
5,feature_041,0.0010608651540222243,0.00037036306546915995,False
5,feature_042,0.0,0.0,False
5,feature_043,0.0023179542209205615,0.0014754347176354151,False
5,feature_044,-0.00029505576526582994,0.0003066532865003238,False
5,feature_045,0.006272951153845842,0.004980689662942589,False
5,feature_046,0.0010330654513951247,0.000657694640989506,False
5,feature_047,0.002573164169207618,0.00023830614616312376,False
5,feature_048,0.005643624618177172,0.004977917581222009,False
5,feature_049,0.0,0.0,False
5,feature_050,0.0026600935637201653,0.005370432525482354,False
5,feature_051,0.0001948556541163197,0.0007320509298925736,False
5,feature_052,0.0,0.0,False
5,feature_053,0.002734303199899979,0.005157485201786443,False
5,feature_054,-0.00038290012509637855,0.0004120698408079172,False
5,feature_055,0.00436854195177902,0.005281924055205895,False
5,feature_056,-0.00037697076894751175,0.0005117592681830118,False
5,feature_057,0.0009001644257456883,0.00019586631347909668,False
5,feature_058,0.009405768760025598,0.005986402550407145,False
5,feature_059,0.0029558381022536753,0.009581427505809767,False
5,feature_060,0.00106555023281657,0.0008899877448990094,False
5,feature_061,0.00847192278314358,0.005708299938940859,False
5,feature_062,0.0008797349971873906,0.0009132611305060436,False
5,feature_063,-0.0009809390737812544,0.0010972478918685716,False
5,feature_064,-0.026314924287635044,0.003658021340762909,False
5,feature_065,0.014707594732543877,0.002617563645280666,True
5,feature_066,-0.0002377462516197082,0.0005562978603985843,False
5,feature_067,0.0009508830504293686,0.00047552096719407136,False
5,feature_068,-6.532982608840425e-05,0.0008580111865840018,False
5,feature_069,0.0,0.0,False
5,feature_070,-0.00038811473243348843,0.0015858345409565544,False
5,feature_071,0.00044989013166603825,0.0009180360605372786,False
5,feature_072,-0.0010192257617199034,0.0007566890867987591,False
5,feature_073,0.0015357233387439755,0.005065781915297672,False
5,feature_074,0.0,0.0,False
5,feature_075,0.0016893197543456455,0.003929481540037157,False
5,feature_076,0.007047120610621747,0.004940641353004116,False
5,feature_077,0.00023627171690104865,0.00018382459751253836,False
5,feature_078,0.009940827614536176,6.898027587292144e-05,True
5,feature_079,0.007978432207069749,0.005497199196980103,False
5,feature_080,0.007446954767892163,0.005053872875699196,False
5,feature_081,0.004224104859068906,0.005758016189626555,False
5,feature_082,0.0009414263652791818,0.001048610423162106,False
5,feature_083,0.0008305479591482571,0.0007708265630139681,False
5,feature_084,0.0007715919523393899,0.00037436997519432226,False
5,feature_085,0.00011819168211765763,0.00011662415490945984,False
5,feature_086,-6.36621914404667e-05,0.0008211956481931125,False
5,feature_087,0.0008783190038640273,0.001227893447802617,False
5,feature_088,0.005683001863228963,0.00652258404631482,False
5,feature_089,0.006850668063862031,0.0035909643335372676,False
5,feature_090,-0.0031325780142304562,0.0016085883087171295,False
5,feature_091,0.010287668127016777,0.005780409654335029,True
5,feature_092,-0.0013648268183485506,0.0009296511244170672,False
5,feature_093,-0.0003139753024266334,7.644505184414816e-05,False
5,feature_094,7.37615470282893e-05,2.73739102824257e-05,False
5,feature_095,0.0012168488838218972,0.0010509943205836963,False
5,feature_096,0.0007115854440630417,0.0004224793392322452,False
5,feature_097,0.0,0.0,False
5,feature_098,-0.00020175300285987796,0.00021047350382465108,False
5,feature_099,0.0004113534787387185,9.307715243141598e-05,False
5,feature_100,0.001992248220879974,0.0017054500096424724,False
5,feature_101,0.0001379290846361958,0.0008788546567857236,False
5,feature_102,-0.0013402089757200142,0.001128976035155879,False
5,feature_103,0.012548727401099385,0.0005061517697937311,True
5,feature_104,-0.0006711785553048522,0.0001747307611267417,False
5,feature_105,-0.00141115798827036,0.0005341249617944466,False
5,feature_106,-0.0004331726178217569,0.00034743498944641015,False
5,feature_107,-0.00028376213711632975,0.0014444294055791158,False
5,feature_108,0.0023808219783438556,0.0005317040960140107,False
5,feature_109,0.0008830410956831569,0.0004669089413698128,False
5,feature_110,-0.0015070586949351428,0.0008085612929561009,False
5,feature_111,0.0038068314572667163,0.005215079233623647,False
5,feature_112,0.0008258690035523227,0.0003462508047305973,False
5,feature_113,-0.007386821307628272,0.0017432076087914806,False
5,feature_114,0.0,0.0,False
5,feature_115,0.007886081437315173,0.004196781234173606,False
5,feature_116,0.0006058683768534004,0.0010944575097023344,False
5,feature_117,0.0001328951869260242,0.000647996663693056,False
5,feature_118,0.0005744949278857769,7.412541333334091e-05,False
5,feature_119,0.0010946341534746329,0.00020111886330814757,False
5,feature_120,0.000656179766295543,0.00027996641870129085,False
5,feature_121,0.0025115487725570484,0.0009661329601680332,False
5,feature_122,0.0047122646742067216,0.005420553854631951,False
5,feature_123,0.002817712558048311,0.000529077228783505,False
5,feature_124,0.0002944738841890726,0.000775726857613128,False
5,feature_125,0.008754079986005877,0.004952986325935459,False
5,feature_126,-4.6399801425280517e-05,0.0026947662784113035,False
5,feature_127,0.008128264842530764,0.004316144920550247,False
5,feature_128,0.0014664317079531957,0.0004892998149232431,False
5,feature_129,0.00683638814844655,0.007281770930993017,False
5,feature_130,0.011705454769630289,0.001446976076473297,True
5,feature_131,0.001297206975287929,0.0005164657042021111,False
5,feature_132,0.006629025582530433,0.004585538387106997,False
5,feature_133,0.000444511164615663,0.0008681817047749695,False
5,feature_134,-0.00021784620959062564,0.0010630585578615466,False
5,feature_135,0.000616728308613664,0.00040849417191736323,False
5,feature_136,-0.006509566029734913,0.0008122423122388105,False
5,feature_137,-0.0013535240624394467,0.0005759666620650303,False
5,feature_138,-0.001758003293810521,0.0007121402252586716,False
5,feature_139,0.00021247838847364883,0.0006701835812499523,False
5,feature_140,-0.0004253212529281847,0.0010383670211491342,False
5,feature_141,0.0,0.0,False
5,feature_142,-0.00040166070482568667,0.0006271526185804537,False
5,feature_143,0.003746049997499131,0.005323978844916423,False
5,feature_144,0.0027953133585272663,0.0009881764020571529,False
5,feature_145,0.0012194470912318123,0.00012386385972062847,False
5,feature_146,0.0012692410055693364,0.0010944804199861586,False
5,feature_147,0.001970327595311109,0.0009356817844898085,False
5,feature_148,0.0005125141990017327,0.0002467012497042901,False
5,feature_149,0.0,0.0,False
5,feature_150,0.0034344350198622273,0.004437371417046207,False
5,feature_151,-0.000914021239554271,0.00045695491748185636,False
5,feature_152,0.00034148370060715916,0.000965353817007432,False
5,feature_153,0.003580346601963195,0.004783557865005916,False
5,feature_154,-0.0009901751695791567,0.000512405709228092,False
5,feature_155,0.008376360638985706,0.004313171314238317,False
5,feature_156,0.0001330840006502354,0.0009560687924686204,False
5,feature_157,9.207897018561247e-05,9.465373440689587e-05,False
5,feature_158,-2.6707975001344364e-05,0.0,False
5,feature_159,0.0025698571748183074,0.0009198140389867373,False
5,feature_160,-0.017936824856077737,0.014016632037942735,False
5,feature_161,-0.00037924254177950273,0.0003435517309351941,False
5,feature_162,0.00022974367266339243,0.0001036327631360425,False
5,feature_163,-0.0007423124549302921,0.00047126522033826386,False
5,feature_164,-0.0001682022394408067,0.0006360842936063083,False
5,feature_165,-0.0002908184447069917,0.0005906259871547623,False
5,feature_166,0.0008896086660938792,0.00041949773761036055,False
5,feature_167,0.00040332546084347515,0.00027029384985644684,False
5,feature_168,0.0005587998539509734,0.0004712363756085499,False
5,feature_169,0.00022112755692460517,0.0002699882335664158,False
5,feature_170,0.0009760602668022292,0.0011414889201546848,False
5,feature_171,0.0008127491343909258,0.00024754022870818784,False
5,feature_172,-0.00032571640212732583,0.00034848794691885135,False
5,feature_173,0.0009734743201709658,0.0010083957277947583,False
5,feature_174,0.012422197151120648,0.0011795160583700055,True
5,feature_175,0.0009131737050254718,0.003046909918823136,False
5,feature_176,0.00027589767191522435,0.00026285996571757063,False
5,feature_177,-0.0013096382237484938,0.0008512700750173185,False
5,feature_178,0.0,0.0,False
5,feature_179,0.0,0.0,False
5,feature_180,-0.0005674254019383632,0.0010528373701801897,False
5,feature_181,0.0007764504612933673,0.0005781125615140582,False
5,feature_182,-0.002070492587146052,0.017290631208694854,False
5,feature_183,0.002074257537611609,0.0008861321073997975,False
5,feature_184,0.0009732577990661795,0.00016698010938142487,False
5,feature_185,-7.476829533553664e-05,0.00020720825160399544,False
5,feature_186,0.0,0.0,False
5,feature_187,0.0012277321458083468,0.001254138124151079,False
5,feature_188,-0.0004956485472029093,0.00144349764421869,False
5,feature_189,0.0,0.0,False
5,feature_190,0.0,0.0,False
5,feature_191,0.0,0.0,False
5,feature_192,0.0,0.0,False
5,feature_193,0.0,0.0,False
5,feature_194,0.0,0.0,False
5,feature_195,0.0020183431246811414,0.0005018065704967838,False
5,feature_196,-0.0006856008635389618,0.00010996973086644251,False
5,feature_197,0.012973964807679464,0.0014755493923096596,True
5,feature_198,0.0009066429259474521,0.0005899928479142627,False
5,feature_199,-0.0007150423648066931,0.0005267850564611614,False
5,feature_200,0.004228465998730585,0.0057701884131903455,False
5,feature_201,-0.00025771834385322306,0.0004932928560330009,False
5,feature_202,0.007503183678827879,0.004614725963856203,False
5,feature_203,0.008081314380373664,0.005726450485938863,False
5,feature_204,0.001792180037587937,0.0007715974895676188,False
5,feature_205,0.006272234589792767,0.010288227281043295,False
5,feature_206,0.0,0.0,False
5,feature_207,0.0009523315246949271,0.001237062914062414,False
5,feature_208,0.002745779677095513,0.0003738220935685072,False
5,feature_209,0.0,0.0,False
5,feature_210,0.00085930521721402,0.0006022665184359687,False
5,feature_211,-0.0012459010768936611,0.0009765798634409203,False
5,feature_212,0.0077754450054837625,0.0051928708400802125,False
5,feature_213,-0.007203328686066028,0.021458249482436798,False
5,feature_214,0.0006285587444716708,0.0006848670304167606,False
5,feature_215,0.0008458310805524264,0.0004038669747374841,False
5,feature_216,0.00014354067788446834,0.00030828753156251484,False
5,feature_217,0.0018451918630423374,0.00031120350366974,False
5,feature_218,0.0003092965572030389,0.0004260597874161832,False
5,feature_219,0.001409910218743519,0.0006999409759399869,False
5,feature_220,0.0,0.0,False
5,feature_221,0.0006222400925095239,0.00042493356292845993,False
5,feature_222,-1.922767410899214e-05,0.00046724597036167326,False
5,feature_223,0.0007592207740948209,0.00048320456563861157,False
5,feature_224,3.676406907946831e-05,0.0006120697091986629,False
5,feature_225,0.0008844029778435162,0.0007332922916714816,False
5,feature_226,0.0,0.0,False
5,feature_227,-0.0006943709739460624,0.0012867889151630659,False
5,feature_228,-0.0013902690730500562,0.0008947172644822126,False
5,feature_229,0.0,0.0,False
5,feature_230,0.0,0.0,False
5,feature_231,0.0,0.0,False
5,feature_232,0.0,0.0,False
5,feature_233,0.0,0.0,False
5,feature_234,0.0,0.0,False
5,feature_235,0.0,0.0,False
5,feature_236,0.0,0.0,False
5,feature_237,0.0,0.0,False
5,feature_238,-0.0006556084179365299,0.00019514625267149337,False
5,feature_239,0.003929162747789594,0.005010339741979071,False
5,feature_240,0.0,0.0,False
5,feature_241,0.0,0.0,False
5,feature_242,0.0,0.0,False
5,feature_243,0.0,0.0,False
5,feature_244,0.0006084600667642844,0.000400654612697477,False
5,feature_245,0.0014453956522077482,0.00037384287325078916,False
5,feature_246,-0.0001292097299175806,0.0006369571617570748,False
5,feature_247,0.0030543194072103395,0.004890226272338784,False
5,feature_248,0.002225783606892573,0.0002997822978186671,False
5,feature_249,0.0,0.0,False
5,feature_250,-0.0005347304219473955,0.0013212842335766565,False
5,feature_251,-0.0011113736941483026,0.00018492790996539312,False
5,feature_252,0.0006929836659524772,0.0006432183899437632,False
5,feature_253,0.001400997777988679,6.818539257895518e-05,False
5,feature_254,0.0006951584392146751,0.00036147647172844695,False
5,feature_255,-0.0021148338375587363,0.0006444828886301709,False
5,feature_256,0.0,0.0,False
5,feature_257,0.0,0.0,False
5,feature_258,0.0,0.0,False
5,feature_259,0.0,0.0,False
5,feature_260,0.0,0.0,False
5,feature_261,0.0,0.0,False
5,feature_262,0.0,0.0,False
5,feature_263,0.0,0.0,False
5,feature_264,0.0,0.0,False
5,feature_265,0.0,0.0,False
5,feature_266,0.0,0.0,False
5,feature_267,-8.65437092133492e-05,0.0002545703731723275,False
5,feature_268,0.0013874109570736575,0.00021551019607005023,False
5,feature_269,0.0008615070850961359,0.0005439128769535778,False
5,feature_270,-0.005078581082980825,0.017755601807764844,False
5,feature_271,-0.0006995960025609852,0.0009551088160781167,False
5,feature_272,-0.0011069103088792904,0.00011501308066524155,False
5,feature_273,0.00045274394594193207,0.00023554094329787873,False
5,feature_274,0.0007729782164850226,0.0006746810066531583,False
5,feature_275,-0.0007225591159542762,0.0002402190081509461,False
5,feature_276,0.0,0.0,False
5,feature_277,-0.0020875591376708726,0.0009348096984638909,False
5,feature_278,0.0009276303858811267,0.0006101797191713641,False
5,feature_279,0.00010981027792755782,0.00023234090363775142,False
5,feature_280,-0.0014657387924482308,0.0008343481372779597,False
5,feature_281,0.00047540696224669204,0.0003159537629998003,False
5,feature_282,0.0005139328275841811,0.0008829178552896409,False
5,feature_283,-0.00231913776781,0.0005945313085964056,False
5,feature_284,0.0,0.0,False
5,feature_285,0.011205749478690852,0.00021696207028541726,True
5,feature_286,0.012366550188215641,0.0016275816105759426,True
5,feature_287,0.0026347236664853078,0.0007864747826767603,False
5,feature_288,0.0007402886393980493,0.0018181983880992793,False
5,feature_289,-0.0018620264318523945,0.0007966786163379257,False
5,feature_290,0.01110951113235358,0.0004830994471023408,True
5,feature_291,-0.0007564076135336736,0.001036121328112536,False
5,feature_292,6.709385748119671e-05,7.69537931571267e-05,False
5,feature_293,7.847734233801251e-05,4.874195997322854e-05,False
5,feature_294,0.0017304785282551693,0.0007494065780599042,False
5,feature_295,-0.016244061507838702,0.018150691326997325,False
5,feature_296,0.004840092854885597,0.0055640736585990174,False
5,feature_297,0.00026686254992065267,0.00025786471374446187,False
5,feature_298,-0.0003083861646520636,0.0006589999264640965,False
5,feature_299,-0.0008768035195244513,0.0008534714728819126,False
5,feature_300,-0.00013754363876499384,0.0006328791632103856,False
5,feature_301,-0.00024532652727271564,0.0021203946230289004,False
5,feature_302,0.0005404336449250738,0.0012851381954797618,False
5,feature_303,-0.0002894966974386626,0.0007705606289148102,False
5,feature_304,0.00030636669759098734,0.0005972207380138972,False
5,feature_305,-0.0011079998049767965,0.0006538207980400696,False
5,feature_306,0.00043936427460830596,0.0003005178410113215,False
5,feature_307,0.015232698177374299,0.006012382291571981,True
5,feature_308,-0.0009818266413128829,0.001176652141032767,False
5,feature_309,0.01226043974296348,0.007417563336294094,True
5,feature_310,-0.0013120466791887164,0.005124075068026112,False
5,feature_311,0.0002856816720073115,0.0005895115570836766,False
5,feature_312,-1.911195438170088e-05,0.0006208708323368043,False
5,feature_313,0.0,0.0,False
5,feature_314,0.0,0.0,False
5,feature_315,0.0,0.0,False
5,feature_316,0.001651734545168269,0.005125452432441564,False
5,feature_317,-0.013328259763392164,0.015124626072362965,False
5,feature_318,0.005054843841452929,0.006194625665767595,False
5,feature_319,0.0005483052828467727,0.00020721709909306065,False
5,feature_320,0.0008845846396128842,0.00048309393271866926,False
5,feature_321,0.0006689995058213235,0.0006613122480510314,False
5,feature_322,0.0,0.0,False
5,feature_323,0.01116128076901371,0.0007581067877493225,True
5,feature_324,-0.001200764309787633,0.0008060721742488721,False
5,feature_325,0.0,0.0,False
5,feature_326,0.0,0.0,False
5,feature_327,0.0,0.0,False
5,feature_328,0.0,0.0,False
5,feature_329,0.0,0.0,False
5,feature_330,0.0,0.0,False
5,feature_331,-0.0009266197267602342,0.0003962826740315,False
5,feature_332,-0.0006235004160258795,0.0006481937620872243,False
5,feature_333,0.006164767028741978,0.007059897973456399,False
5,feature_334,0.00020226292698917922,0.000333469242647078,False
5,feature_335,0.0003922019478370953,0.0006039434671709262,False
5,feature_336,0.005142558036839782,0.0050036771885669466,False
5,feature_337,-0.00010739706012711607,0.0003387668480210212,False
5,feature_338,0.007661478371469049,0.004141986586733288,False
5,feature_339,0.0011484619652594823,0.0002910773068724355,False
5,feature_340,0.003926354590366961,0.00560856766559493,False
5,feature_341,0.005063272178621486,0.005583429833916193,False
5,feature_342,0.0,0.0,False
5,feature_343,-0.0005196280338154077,0.00021024294583166573,False
5,feature_344,0.001125919172782051,0.0004978499226832957,False
5,feature_345,-0.005265848247401496,0.01820805071011225,False
5,feature_346,0.0018116658782343271,0.0016918312931144275,False
5,feature_347,0.0,0.0,False
5,feature_348,-0.0001225816578545591,0.000623431314287524,False
5,feature_349,0.0006243080594853881,0.0005599166482855105,False
5,feature_350,-0.0010962250824477677,0.00022179867910163763,False
5,feature_351,-0.014919125190595045,0.023621984007665766,False
5,feature_352,0.0004389625330073754,0.0003470074383925676,False
5,feature_353,-0.010355382148454948,0.015776387207020612,False
5,feature_354,0.0015676995737406718,0.0002927809379567393,False
5,feature_355,0.000936195211152078,0.0008553560481137641,False
5,feature_356,0.0006564802183748238,0.0008835744067161061,False
5,feature_357,0.00037738977581413163,0.000537402899726588,False
5,feature_358,0.0,0.0,False
5,feature_359,-0.0006444110096305022,0.0005657256581782533,False
5,feature_360,-0.0006004065342727164,0.0006436071036069488,False
5,feature_361,0.0005834383031329641,0.00018123277929818084,False
5,feature_362,-0.001074922889119423,0.0010181952045611904,False
5,feature_363,0.0017775410770178486,0.0011659956240174963,False
5,feature_364,0.0,0.0,False
5,feature_365,0.0007557994814626767,0.0006185835038914194,False
5,feature_366,-0.0010045203078540381,0.0003570765779768727,False
5,feature_367,0.006386281041630619,0.005113418762384763,False
5,feature_368,0.0015869433640682367,0.00043955584473845356,False
5,feature_369,0.0,0.0,False
5,feature_370,0.0,0.0,False
5,feature_371,0.0,0.0,False
5,feature_372,0.0,0.0,False
5,feature_373,0.0,0.0,False
5,feature_374,0.0,0.0,False
5,feature_375,0.0,0.0,False
5,feature_376,0.00015046040587886797,0.0005053455448829503,False
5,feature_377,0.008954115983868194,0.004892071943724564,False
5,feature_378,0.0,0.0,False
5,feature_379,0.0,0.0,False
5,feature_380,0.0,0.0,False
5,feature_381,0.0,0.0,False
5,feature_382,0.0005402920035263437,0.0005714654163427495,False
5,feature_383,0.00014165448583775922,0.00022292958618661958,False
5,feature_384,0.00041389702998664846,0.00010964687326689529,False
5,feature_385,-0.0026948680803611327,0.0018385844050405387,False
5,feature_386,6.841801637495297e-05,7.967907962547049e-05,False
5,feature_387,0.0,0.0,False
5,feature_388,0.0005075629676918603,0.0001081968872208082,False
5,feature_389,-0.0010199162429990842,0.0004677015809713884,False
5,feature_390,0.002302883027469902,0.0019515920834356235,False
5,feature_391,0.002690330575128047,0.0010171118700305346,False
5,feature_392,0.0003881455579354265,0.000611419149146988,False
5,feature_393,0.002131669307494468,0.005137436081525177,False
5,feature_394,0.0,0.0,False
5,feature_395,0.0,0.0,False
5,feature_396,0.0,0.0,False
5,feature_397,0.0,0.0,False
5,feature_398,0.0,0.0,False
5,feature_399,0.0,0.0,False
5,feature_400,0.0,0.0,False
5,feature_401,0.0,0.0,False
5,feature_402,0.0,0.0,False
5,feature_403,0.0,0.0,False
5,feature_404,0.0,0.0,False
5,feature_405,-0.00013018551152096935,0.0011687582362002746,False
5,feature_406,-0.0003980857456642635,0.0010196703900526103,False
5,feature_407,-0.00016581807075502497,0.0004283823106988655,False
5,feature_408,0.0015771460625049194,0.000501944398421258,False
5,feature_409,-0.0005669323533987006,0.000552730430438753,False
5,feature_410,0.00014565109020595046,0.0007117396853803449,False
5,feature_411,0.001677327600456487,0.00021847357038220537,False
5,feature_412,-8.639004877079397e-05,0.001383757922902523,False
5,feature_413,0.0006152754554687075,0.0009921374319786876,False
5,feature_414,0.0,0.0,False
5,feature_415,0.003920480541879138,0.0048893172895653455,False
5,feature_416,0.003334779933863182,0.004746681220734764,False
5,feature_417,0.009611827257516692,0.0024172207030907457,False
5,feature_418,0.00010437796025986046,0.0003270369036704407,False
5,feature_419,0.00023642381484674976,0.00035667201832966953,False
5,feature_420,-0.0008284033354840717,0.0009688412005227106,False
5,feature_421,0.0006905519084720405,0.00024458674518812554,False
5,feature_422,0.0,0.0,False
5,feature_423,-0.0005977167799617508,0.00045512594614855774,False
5,feature_424,-0.0016222714017376054,0.00010196910335326252,False
5,feature_425,-0.00123806573713837,0.0011008496305669,False
5,feature_426,-0.0020176245764767786,0.0017532697927109722,False
5,feature_427,-0.00030418818313645196,0.00048446050616370983,False
5,feature_428,-0.0013091587157938827,0.0010266297145608415,False
5,feature_429,0.0009676336460792504,0.001279758301374009,False
5,feature_430,0.00036716252506457936,0.001192976896592415,False
5,feature_431,0.0014727681010173836,0.004767729161168899,False
5,feature_432,0.003153620526698329,0.004861718831263179,False
5,feature_433,-0.0008169344841289691,0.0004300115764521444,False
5,feature_434,0.0001202362771020038,0.00024147784707425482,False
5,feature_435,-0.0006898690042280164,0.000862799347065373,False
5,feature_436,0.007319269761706215,0.0051446019510253075,False
5,feature_437,-0.0032643598664976827,0.001977955121584331,False
5,feature_438,0.0003920036208390487,0.00028864485499362734,False
5,feature_439,-0.0015553604164682082,8.519198008219676e-05,False
5,feature_440,0.002613117786867921,0.004216532510675342,False
5,feature_441,0.00972259223343024,0.0013056009384821649,True
5,feature_442,-0.0001817033841900554,0.00020942740244730764,False
5,feature_443,0.008997895492749366,0.006401667247202153,False
5,feature_444,0.0014244378794291597,0.0013399637663303497,False
5,feature_445,0.0002897977902065659,0.0010222561269723851,False
5,feature_446,0.0021144693954958846,0.0071902558998388506,False
5,feature_447,0.000495153308496569,0.0004942193879467634,False
5,feature_448,-0.00029034257828297605,0.0009646592628983107,False
5,feature_449,0.0,0.0,False
5,feature_450,0.0,0.0,False
5,feature_451,0.0,0.0,False
5,feature_452,-0.004347470986228748,0.002574415616838131,False
5,feature_453,-0.0020283217181699398,0.00047218387174113657,False
5,feature_454,-0.007354218606030462,0.01715128148477019,False
5,feature_455,-0.003262490036930271,0.00032428143660561683,False
5,feature_456,-0.00019177478044123583,0.001533431989452405,False
5,feature_457,-0.0007801690379272604,0.00011833419106588503,False
5,feature_458,0.0,0.0,False
5,feature_459,0.00026025479837379906,0.0006491029297041239,False
5,feature_460,-0.0011265748459354334,0.0007933212841226465,False
5,feature_461,0.0,0.0,False
5,feature_462,0.0,0.0,False
5,feature_463,0.0,0.0,False
5,feature_464,0.0,0.0,False
5,feature_465,0.0,0.0,False
5,feature_466,0.0,0.0,False
5,feature_467,0.003609961522736377,0.0041959019505138475,False
5,feature_468,0.001636189176098322,0.0007260319222487836,False
5,feature_469,0.007261088826795835,0.005860474369108408,False
5,feature_470,-0.0013156951010879954,0.0008417654753862934,False
5,feature_471,0.004292136958179806,0.004948790332880478,False
5,feature_472,0.0012877779737773265,0.00040760590913078694,False
5,feature_473,0.0020763964166019924,0.0013428625986157464,False
5,feature_474,0.008237029673294843,0.005546294794518109,False
5,feature_475,0.005351400413386924,0.005230482498643691,False
5,feature_476,0.0018466634317981883,0.00039427172038851134,False
5,feature_477,0.008686153348153017,0.005195881340271018,False
5,feature_478,0.0,0.0,False
5,feature_479,0.004690967757676866,0.005151042280087314,False
5,feature_480,0.0010814793251806842,0.00033809201889205,False
5,feature_481,0.0,0.0,False
5,feature_482,0.00014220754276836334,0.0,False
5,feature_483,0.001397581197071553,0.0008720436760402192,False
5,feature_484,0.0031793351146831017,0.004173678252976958,False
5,feature_485,0.00014143363237237305,0.000415314351877259,False
5,feature_486,0.0024448328066412526,0.005244463913388031,False
5,feature_487,0.00011619391234844272,0.0004016986176368393,False
5,feature_488,0.0007037696842144466,0.0012225042044713918,False
5,feature_489,-0.0009904885989519923,0.001846092049934185,False
5,feature_490,-0.010464364050115813,0.015230381911774355,False
5,feature_491,4.391710064038934e-05,0.00013210406916555834,False
5,feature_492,3.66256712192962e-05,4.4939646448751454e-05,False
5,feature_493,6.5721653426664695e-06,0.0004972286148347408,False
5,feature_494,0.00017736382319696875,0.0005081975178324693,False
5,feature_495,0.0004550877577515211,0.0006693503398066189,False
5,feature_496,-0.0007243469320262208,0.0003114134718265033,False
5,feature_497,0.0005592143577308936,0.0014628072062833864,False
5,feature_498,0.0,0.0,False
5,feature_499,-0.0012995103297444577,0.0014318328287804452,False
5,feature_500,0.0003221412604932454,0.0007877594554057552,False
5,feature_501,0.0,0.0,False
5,feature_502,0.0,0.0,False
5,feature_503,0.0,0.0,False
5,feature_504,0.0,0.0,False
5,feature_505,0.0,0.0,False
5,feature_506,0.0,0.0,False
5,feature_507,0.0,0.0,False
5,feature_508,0.0,0.0,False
5,feature_509,0.0,0.0,False
5,feature_510,0.011992434890779335,0.004571231207641099,True
5,feature_511,0.001892330379852314,0.0006719345422410911,False
5,feature_512,0.0,0.0,False
5,feature_513,0.0,0.0,False
5,feature_514,0.0,0.0,False
5,feature_515,0.0,0.0,False
5,feature_516,-2.569875712923886e-05,8.130973101799001e-05,False
5,feature_517,0.0011484690511694335,0.000676424546652147,False
5,feature_518,0.0007513914527604582,0.0006173101423167291,False
5,feature_519,0.001477960384679437,0.0055722541033209295,False
5,feature_520,-0.0007965169615677207,0.0005518876608393219,False
5,feature_521,0.0,0.0,False
5,feature_522,-8.667857602034923e-05,0.0014508907781717703,False
5,feature_523,-0.001141705355115874,0.00039503961430342196,False
5,feature_524,0.0023149358070871464,0.0019225122381861877,False
5,feature_525,-0.0003327098717912739,0.0012054651868542948,False
5,feature_526,0.00010780454802077528,0.000321136800729479,False
5,feature_527,-0.002173453043359095,0.0007399073159048591,False
5,feature_528,0.0,0.0,False
5,feature_529,0.0,0.0,False
5,feature_530,0.0,0.0,False
5,feature_531,0.0,0.0,False
5,feature_532,0.0,0.0,False
5,feature_533,0.0,0.0,False
5,feature_534,0.0,0.0,False
5,feature_535,0.0,0.0,False
5,feature_536,0.0,0.0,False
5,feature_537,0.0,0.0,False
5,feature_538,0.0,0.0,False
5,feature_539,0.0003840494133500831,0.0005536167057776522,False
5,feature_540,-0.002438830815024884,0.001448406359943952,False
5,feature_541,0.0015584294426837693,0.0005813582424481652,False
5,feature_542,-0.0003820792217154127,0.00022502646135365932,False
5,feature_543,-0.0005637414313423664,0.0008052992789595361,False
5,feature_544,-0.0004221512261560756,0.00012026793520431285,False
5,feature_545,0.007438387417447512,0.004847638579450863,False
5,feature_546,0.0010320941142329398,0.00038346903785796356,False
5,feature_547,-0.002398576545215414,0.0007683351453758539,False
5,feature_548,-0.0007012446387111663,0.0016530600012239585,False
5,feature_549,0.0015509301497541965,0.0010962999154918568,False
5,feature_550,0.00012881186638143602,0.00043984510042991657,False
5,feature_551,0.0033236811770523678,0.004998489486934059,False
5,feature_552,0.00589086911217714,0.005349817225893482,False
5,feature_553,0.0023004083692160413,0.00028776449004542734,False
5,feature_554,0.00036991540220520275,0.00040742090995852305,False
5,feature_555,0.003053222523124307,0.0047285244832088865,False
5,feature_556,0.00011615654965751084,0.00022399513654446372,False
5,feature_557,0.000353967238763427,0.0005084137716833173,False
5,feature_558,-0.0005505044639654474,0.00028358192785540225,False
5,feature_559,-0.002077506638603316,0.0015404591647960777,False
5,feature_560,-0.001810081886864055,0.0009852600168780918,False
5,feature_561,7.221290917836891e-05,0.002058817519101664,False
5,feature_562,0.009609214077104772,0.003960648397251282,False
5,feature_563,0.010219708548134273,0.00472377372830016,True
5,feature_564,4.374770403353656e-06,0.00011694767108559754,False
5,feature_565,2.4918315015859394e-05,0.00029189337175099543,False
5,feature_566,-6.781680653692816e-05,0.00038168308760556577,False
5,feature_567,-0.0011301800180568884,0.00018492847943475275,False
5,feature_568,-0.00035917972764360856,0.00016738851372531205,False
5,feature_569,0.00306672690141697,0.005134426573771251,False
5,feature_570,-0.0003152832076122973,0.0006998903823878386,False
5,feature_571,0.0017852768353334898,0.0009283711527974276,False
5,feature_572,0.00011783396072265195,0.00010817420883046247,False
5,feature_573,0.006587013381271073,0.005622988128985196,False
5,feature_574,-0.0004883065094893982,0.00026354845746903076,False
5,feature_575,0.0012489947684473275,0.0009992149266202677,False
5,feature_576,0.0001372871293232325,7.970235690625168e-05,False
5,feature_577,0.012058700953869517,0.0006693499303732107,True
5,feature_578,-0.0003099650817880069,0.0003274293694197321,False
5,feature_579,0.0028189361844256724,0.00529499137465161,False
5,feature_580,0.0006677660413117922,0.00043112769081893695,False
5,feature_581,-0.0005254028751556598,0.0005049904133248237,False
5,feature_582,-0.00019753733051766642,0.0008526743374057738,False
5,feature_583,-0.0003321856446121911,0.0002792044277022867,False
5,feature_584,-0.0002494301391228841,7.221021929293445e-05,False
5,feature_585,-0.0005759513726177057,0.00031797292484720823,False
5,feature_586,-0.0020401289457729252,0.0007939936876916317,False
5,feature_587,0.001905325486691765,0.007064672831231528,False
5,feature_588,3.7663638467531437e-05,0.0015171412288442641,False
5,feature_589,0.009880761700457347,0.0008216005074841763,True
