fold,feature,retained,standardized_coefficient,absolute_coefficient,absolute_rank,in_top_k
1,feature_000,True,-0.27032573695143697,0.27032573695143697,37.0,False
1,feature_001,True,0.1458792437653626,0.1458792437653626,142.0,False
1,feature_002,True,0.1535376563417362,0.1535376563417362,126.0,False
1,feature_003,True,0.026865671896052247,0.026865671896052247,386.0,False
1,feature_004,True,-0.322680189351925,0.322680189351925,21.0,False
1,feature_005,False,,,,False
1,feature_006,True,-0.20788320181850448,0.20788320181850448,73.0,False
1,feature_007,True,-0.2242407260611056,0.2242407260611056,63.0,False
1,feature_008,True,-0.4999546908301681,0.4999546908301681,4.0,True
1,feature_009,True,-0.49985797483557554,0.49985797483557554,5.0,True
1,feature_010,True,0.054516430482207175,0.054516430482207175,322.0,False
1,feature_011,True,-0.26553114240867975,0.26553114240867975,41.0,False
1,feature_012,True,0.1590093540831175,0.1590093540831175,116.0,False
1,feature_013,False,,,,False
1,feature_014,True,-0.14772045571588036,0.14772045571588036,135.0,False
1,feature_015,True,0.013021977228901646,0.013021977228901646,422.0,False
1,feature_016,True,-0.2370906332734686,0.2370906332734686,54.0,False
1,feature_017,True,-0.15650899930459122,0.15650899930459122,124.0,False
1,feature_018,True,0.193701709234694,0.193701709234694,81.0,False
1,feature_019,True,0.1266853219302803,0.1266853219302803,174.0,False
1,feature_020,True,0.16597505246650282,0.16597505246650282,103.0,False
1,feature_021,True,0.22647612573167192,0.22647612573167192,59.0,False
1,feature_022,True,-0.04955771767395192,0.04955771767395192,337.0,False
1,feature_023,True,0.0494294300042111,0.0494294300042111,338.0,False
1,feature_024,True,0.04094380364427288,0.04094380364427288,354.0,False
1,feature_025,True,0.03820846058339819,0.03820846058339819,359.0,False
1,feature_026,True,-0.04155405572147794,0.04155405572147794,353.0,False
1,feature_027,True,0.0024884489276025047,0.0024884489276025047,446.0,False
1,feature_028,True,0.14529153629049885,0.14529153629049885,143.0,False
1,feature_029,True,-0.10464078368499505,0.10464078368499505,207.0,False
1,feature_030,True,-0.15181897678539594,0.15181897678539594,127.0,False
1,feature_031,True,0.06608651553114138,0.06608651553114138,286.0,False
1,feature_032,True,-0.13974413975296388,0.13974413975296388,153.0,False
1,feature_033,True,0.08601993461870516,0.08601993461870516,238.0,False
1,feature_034,True,-0.1403543736636691,0.1403543736636691,151.0,False
1,feature_035,True,-0.1383207502899629,0.1383207502899629,156.0,False
1,feature_036,True,0.14035647771771378,0.14035647771771378,150.0,False
1,feature_037,True,0.3889246015009377,0.3889246015009377,14.0,True
1,feature_038,True,-0.1705530779859668,0.1705530779859668,97.0,False
1,feature_039,True,0.0400776745906097,0.0400776745906097,356.0,False
1,feature_040,True,-0.0731357184062594,0.0731357184062594,270.0,False
1,feature_041,True,0.0934648627710641,0.0934648627710641,224.0,False
1,feature_042,False,,,,False
1,feature_043,True,-0.010912524773487971,0.010912524773487971,427.0,False
1,feature_044,True,-0.22490859372477248,0.22490859372477248,61.0,False
1,feature_045,True,0.11975571452739811,0.11975571452739811,184.0,False
1,feature_046,True,0.12500741948448138,0.12500741948448138,175.0,False
1,feature_047,True,-0.046279503629755366,0.046279503629755366,342.0,False
1,feature_048,True,-0.14962477504738528,0.14962477504738528,131.0,False
1,feature_049,False,,,,False
1,feature_050,True,0.054820623058643464,0.054820623058643464,321.0,False
1,feature_051,True,-0.01935661928817022,0.01935661928817022,406.0,False
1,feature_052,False,,,,False
1,feature_053,True,-0.08116355633209477,0.08116355633209477,249.0,False
1,feature_054,True,0.014379609019266786,0.014379609019266786,418.0,False
1,feature_055,True,0.16286448888703142,0.16286448888703142,109.0,False
1,feature_056,True,0.06916311803883596,0.06916311803883596,279.0,False
1,feature_057,True,-0.16057200720113943,0.16057200720113943,113.0,False
1,feature_058,True,-0.1986288926298979,0.1986288926298979,78.0,False
1,feature_059,True,0.05145753313622618,0.05145753313622618,330.0,False
1,feature_060,True,0.2153292653583733,0.2153292653583733,69.0,False
1,feature_061,True,-0.08477062451031314,0.08477062451031314,242.0,False
1,feature_062,True,-0.14780146607065484,0.14780146607065484,134.0,False
1,feature_063,True,0.04256126063589016,0.04256126063589016,350.0,False
1,feature_064,True,0.26835574897257614,0.26835574897257614,38.0,False
1,feature_065,True,0.06697850379912035,0.06697850379912035,284.0,False
1,feature_066,True,0.04644598950357707,0.04644598950357707,340.0,False
1,feature_067,True,-0.156838621408546,0.156838621408546,123.0,False
1,feature_068,True,0.03422051837168705,0.03422051837168705,365.0,False
1,feature_069,False,,,,False
1,feature_070,True,-0.029881403519715573,0.029881403519715573,374.0,False
1,feature_071,True,0.26514814910300594,0.26514814910300594,42.0,False
1,feature_072,True,0.09244976122496022,0.09244976122496022,227.0,False
1,feature_073,True,0.052962375718756526,0.052962375718756526,327.0,False
1,feature_074,False,,,,False
1,feature_075,True,0.36848975355570884,0.36848975355570884,17.0,True
1,feature_076,True,-0.028289197811942623,0.028289197811942623,382.0,False
1,feature_077,True,-0.11272947854737084,0.11272947854737084,194.0,False
1,feature_078,True,-0.258808060065184,0.258808060065184,47.0,False
1,feature_079,True,0.00857951767366361,0.00857951767366361,430.0,False
1,feature_080,True,-0.06979819569910344,0.06979819569910344,277.0,False
1,feature_081,True,0.3079817524721274,0.3079817524721274,25.0,False
1,feature_082,True,-0.09148205431434267,0.09148205431434267,229.0,False
1,feature_083,True,0.11999258183787374,0.11999258183787374,183.0,False
1,feature_084,True,0.030730822364696785,0.030730822364696785,373.0,False
1,feature_085,False,,,,False
1,feature_086,True,0.662929598161448,0.662929598161448,1.0,True
1,feature_087,True,0.017577183412293182,0.017577183412293182,410.0,False
1,feature_088,True,0.024065625212049677,0.024065625212049677,394.0,False
1,feature_089,True,0.256115069860632,0.256115069860632,48.0,False
1,feature_090,True,-0.28072165968730123,0.28072165968730123,32.0,False
1,feature_091,True,-0.055062981630235014,0.055062981630235014,319.0,False
1,feature_092,True,0.04545258407701278,0.04545258407701278,346.0,False
1,feature_093,True,-0.08192823055727737,0.08192823055727737,246.0,False
1,feature_094,True,-0.14186132925993128,0.14186132925993128,147.0,False
1,feature_095,True,0.2635876580914435,0.2635876580914435,43.0,False
1,feature_096,True,-0.08658861855464821,0.08658861855464821,237.0,False
1,feature_097,False,,,,False
1,feature_098,True,-0.024552861373728953,0.024552861373728953,392.0,False
1,feature_099,True,0.3045036870178993,0.3045036870178993,27.0,False
1,feature_100,True,0.08872581157573331,0.08872581157573331,233.0,False
1,feature_101,True,-0.018467698220719714,0.018467698220719714,408.0,False
1,feature_102,True,0.004617471024143604,0.004617471024143604,439.0,False
1,feature_103,True,0.4160473681028969,0.4160473681028969,10.0,True
1,feature_104,True,-0.23746211140952359,0.23746211140952359,53.0,False
1,feature_105,True,-0.02298445930114967,0.02298445930114967,396.0,False
1,feature_106,True,0.06066962680489081,0.06066962680489081,305.0,False
1,feature_107,True,-0.09293992787615253,0.09293992787615253,226.0,False
1,feature_108,True,-0.09510426144305104,0.09510426144305104,220.0,False
1,feature_109,False,,,,False
1,feature_110,False,,,,False
1,feature_111,False,,,,False
1,feature_112,True,-0.32669781557329247,0.32669781557329247,20.0,True
1,feature_113,True,0.29739046204637004,0.29739046204637004,29.0,False
1,feature_114,True,0.43156399769269865,0.43156399769269865,9.0,True
1,feature_115,True,-0.45028083636016747,0.45028083636016747,7.0,True
1,feature_116,True,0.3199205861405579,0.3199205861405579,23.0,False
1,feature_117,True,-0.12301354580424885,0.12301354580424885,178.0,False
1,feature_118,True,-0.3204807202542916,0.3204807202542916,22.0,False
1,feature_119,True,-0.2085401551741508,0.2085401551741508,72.0,False
1,feature_120,True,0.02263696886633357,0.02263696886633357,397.0,False
1,feature_121,True,-0.007984474900709661,0.007984474900709661,433.0,False
1,feature_122,True,-0.1880735267657761,0.1880735267657761,84.0,False
1,feature_123,True,-0.04309838053325623,0.04309838053325623,349.0,False
1,feature_124,True,-0.06467486243897114,0.06467486243897114,290.0,False
1,feature_125,True,0.10818138141322622,0.10818138141322622,201.0,False
1,feature_126,True,-0.1688084496048711,0.1688084496048711,100.0,False
1,feature_127,True,-0.07253658495313726,0.07253658495313726,271.0,False
1,feature_128,True,-0.0560595306632184,0.0560595306632184,316.0,False
1,feature_129,True,0.05099382658334688,0.05099382658334688,332.0,False
1,feature_130,True,0.17960635573249517,0.17960635573249517,90.0,False
1,feature_131,True,0.05864208090509999,0.05864208090509999,311.0,False
1,feature_132,True,0.1753708800790625,0.1753708800790625,91.0,False
1,feature_133,True,0.3765324241739849,0.3765324241739849,15.0,True
1,feature_134,True,-0.06979766515973701,0.06979766515973701,278.0,False
1,feature_135,True,-0.03730025734547747,0.03730025734547747,360.0,False
1,feature_136,True,-0.0739773492610674,0.0739773492610674,269.0,False
1,feature_137,True,0.14027111105300116,0.14027111105300116,152.0,False
1,feature_138,True,0.07520764167427348,0.07520764167427348,264.0,False
1,feature_139,True,0.002168844457391249,0.002168844457391249,447.0,False
1,feature_140,True,0.060367562643706664,0.060367562643706664,306.0,False
1,feature_141,False,,,,False
1,feature_142,True,-0.0017934133521125258,0.0017934133521125258,449.0,False
1,feature_143,True,0.03438816797341976,0.03438816797341976,363.0,False
1,feature_144,True,-0.18243420052755221,0.18243420052755221,88.0,False
1,feature_145,True,-0.32715761270368365,0.32715761270368365,19.0,True
1,feature_146,True,0.16229976453330183,0.16229976453330183,110.0,False
1,feature_147,True,-0.08728481917317163,0.08728481917317163,236.0,False
1,feature_148,True,-0.05926788816817207,0.05926788816817207,309.0,False
1,feature_149,False,,,,False
1,feature_150,True,-0.09613180621892797,0.09613180621892797,219.0,False
1,feature_151,True,0.012917024183109544,0.012917024183109544,423.0,False
1,feature_152,True,0.11925933550403271,0.11925933550403271,186.0,False
1,feature_153,True,-0.0750802996689133,0.0750802996689133,265.0,False
1,feature_154,True,0.019711550585060467,0.019711550585060467,405.0,False
1,feature_155,True,-0.29990137882283546,0.29990137882283546,28.0,False
1,feature_156,True,-0.12837497491331884,0.12837497491331884,172.0,False
1,feature_157,True,-0.06793896500444181,0.06793896500444181,282.0,False
1,feature_158,True,0.02775968626794974,0.02775968626794974,384.0,False
1,feature_159,True,0.04591791979740659,0.04591791979740659,343.0,False
1,feature_160,True,0.1295072771792363,0.1295072771792363,170.0,False
1,feature_161,True,-0.12389980668540573,0.12389980668540573,177.0,False
1,feature_162,True,-0.1302055190545572,0.1302055190545572,167.0,False
1,feature_163,True,0.033713478807384865,0.033713478807384865,366.0,False
1,feature_164,True,-0.1581697870295585,0.1581697870295585,118.0,False
1,feature_165,True,-0.16404517364912172,0.16404517364912172,106.0,False
1,feature_166,True,0.0514248351630724,0.0514248351630724,331.0,False
1,feature_167,True,-0.14222517630601675,0.14222517630601675,146.0,False
1,feature_168,True,0.229795879018469,0.229795879018469,56.0,False
1,feature_169,True,0.1502089718159144,0.1502089718159144,130.0,False
1,feature_170,True,0.16514392854941204,0.16514392854941204,104.0,False
1,feature_171,True,-0.0625772525792746,0.0625772525792746,298.0,False
1,feature_172,True,0.028633410624338294,0.028633410624338294,381.0,False
1,feature_173,True,-0.22099221391218263,0.22099221391218263,65.0,False
1,feature_174,True,0.028949519947325614,0.028949519947325614,380.0,False
1,feature_175,True,0.24101091644635939,0.24101091644635939,51.0,False
1,feature_176,True,0.13916950591739255,0.13916950591739255,154.0,False
1,feature_177,True,-0.07099383492084196,0.07099383492084196,274.0,False
1,feature_178,False,,,,False
1,feature_179,False,,,,False
1,feature_180,True,0.06177483495252518,0.06177483495252518,301.0,False
1,feature_181,True,-0.2612324816579268,0.2612324816579268,46.0,False
1,feature_182,True,-0.0294889797764751,0.0294889797764751,377.0,False
1,feature_183,True,0.07399093042466312,0.07399093042466312,268.0,False
1,feature_184,True,-0.06772520483883585,0.06772520483883585,283.0,False
1,feature_185,True,0.03211591330402193,0.03211591330402193,370.0,False
1,feature_186,False,,,,False
1,feature_187,True,-0.013690037114236976,0.013690037114236976,420.0,False
1,feature_188,True,-0.029106141973288254,0.029106141973288254,379.0,False
1,feature_189,False,,,,False
1,feature_190,False,,,,False
1,feature_191,False,,,,False
1,feature_192,False,,,,False
1,feature_193,False,,,,False
1,feature_194,False,,,,False
1,feature_195,True,0.22079762553201046,0.22079762553201046,66.0,False
1,feature_196,True,-0.13761295428271764,0.13761295428271764,157.0,False
1,feature_197,True,0.1601099429465249,0.1601099429465249,115.0,False
1,feature_198,True,0.014641543944937867,0.014641543944937867,417.0,False
1,feature_199,True,-0.13057695368043712,0.13057695368043712,166.0,False
1,feature_200,True,-0.04636718972206984,0.04636718972206984,341.0,False
1,feature_201,True,0.019214004273550304,0.019214004273550304,407.0,False
1,feature_202,True,-0.06091551781046022,0.06091551781046022,304.0,False
1,feature_203,True,-0.06466290757580709,0.06466290757580709,291.0,False
1,feature_204,True,-0.157079161382933,0.157079161382933,121.0,False
1,feature_205,True,0.28962897778388597,0.28962897778388597,30.0,False
1,feature_206,False,,,,False
1,feature_207,True,0.00841761730519871,0.00841761730519871,431.0,False
1,feature_208,True,-0.15606842036196625,0.15606842036196625,125.0,False
1,feature_209,False,,,,False
1,feature_210,True,0.014683693852974345,0.014683693852974345,416.0,False
1,feature_211,True,0.05632167604216341,0.05632167604216341,315.0,False
1,feature_212,True,-0.17288848968472956,0.17288848968472956,95.0,False
1,feature_213,True,0.44915231530428473,0.44915231530428473,8.0,True
1,feature_214,True,-0.12970538110056778,0.12970538110056778,168.0,False
1,feature_215,True,-0.13228754088800632,0.13228754088800632,161.0,False
1,feature_216,True,0.09685606198266139,0.09685606198266139,218.0,False
1,feature_217,True,0.10689366782771872,0.10689366782771872,203.0,False
1,feature_218,True,-0.23355566957922938,0.23355566957922938,55.0,False
1,feature_219,True,-0.0352505999800156,0.0352505999800156,362.0,False
1,feature_220,False,,,,False
1,feature_221,True,-0.1011257436593607,0.1011257436593607,212.0,False
1,feature_222,True,0.11020779924327614,0.11020779924327614,198.0,False
1,feature_223,True,0.17512335333024623,0.17512335333024623,92.0,False
1,feature_224,True,-0.060081361675843284,0.060081361675843284,308.0,False
1,feature_225,True,-0.022315181616032794,0.022315181616032794,399.0,False
1,feature_226,False,,,,False
1,feature_227,True,-0.08094540337889163,0.08094540337889163,250.0,False
1,feature_228,True,0.004594802767286748,0.004594802767286748,440.0,False
1,feature_229,False,,,,False
1,feature_230,False,,,,False
1,feature_231,False,,,,False
1,feature_232,False,,,,False
1,feature_233,False,,,,False
1,feature_234,False,,,,False
1,feature_235,False,,,,False
1,feature_236,False,,,,False
1,feature_237,False,,,,False
1,feature_238,True,0.016063020093102263,0.016063020093102263,413.0,False
1,feature_239,True,-0.12459970333911057,0.12459970333911057,176.0,False
1,feature_240,False,,,,False
1,feature_241,False,,,,False
1,feature_242,False,,,,False
1,feature_243,False,,,,False
1,feature_244,False,,,,False
1,feature_245,False,,,,False
1,feature_246,False,,,,False
1,feature_247,True,0.08500906648318259,0.08500906648318259,239.0,False
1,feature_248,True,-0.057585603557581834,0.057585603557581834,312.0,False
1,feature_249,True,0.4011292913691089,0.4011292913691089,13.0,True
1,feature_250,True,0.05220266900779597,0.05220266900779597,328.0,False
1,feature_251,True,0.04967638234832481,0.04967638234832481,336.0,False
1,feature_252,True,0.10364696017139297,0.10364696017139297,208.0,False
1,feature_253,True,-0.08941475808857945,0.08941475808857945,231.0,False
1,feature_254,True,0.13460407677750916,0.13460407677750916,159.0,False
1,feature_255,True,0.10732076862875846,0.10732076862875846,202.0,False
1,feature_256,False,,,,False
1,feature_257,False,,,,False
1,feature_258,False,,,,False
1,feature_259,False,,,,False
1,feature_260,False,,,,False
1,feature_261,False,,,,False
1,feature_262,False,,,,False
1,feature_263,False,,,,False
1,feature_264,False,,,,False
1,feature_265,False,,,,False
1,feature_266,False,,,,False
1,feature_267,True,-0.17386431437051483,0.17386431437051483,94.0,False
1,feature_268,True,-0.06383058332639888,0.06383058332639888,296.0,False
1,feature_269,True,0.2656302278490311,0.2656302278490311,40.0,False
1,feature_270,True,-0.06586958092987853,0.06586958092987853,288.0,False
1,feature_271,True,0.06604737995193069,0.06604737995193069,287.0,False
1,feature_272,True,0.07540465937809046,0.07540465937809046,261.0,False
1,feature_273,True,-0.05494573330755021,0.05494573330755021,320.0,False
1,feature_274,True,0.10464872297124361,0.10464872297124361,206.0,False
1,feature_275,True,0.12214274625018155,0.12214274625018155,179.0,False
1,feature_276,False,,,,False
1,feature_277,True,-0.0774019932519115,0.0774019932519115,254.0,False
1,feature_278,True,-0.10360985525129984,0.10360985525129984,209.0,False
1,feature_279,True,-0.14647989845157103,0.14647989845157103,139.0,False
1,feature_280,True,-0.32752952869965074,0.32752952869965074,18.0,True
1,feature_281,True,0.005204333599085801,0.005204333599085801,438.0,False
1,feature_282,True,-0.07972352312907055,0.07972352312907055,253.0,False
1,feature_283,True,-0.0814074003286036,0.0814074003286036,247.0,False
1,feature_284,False,,,,False
1,feature_285,True,-0.12093309757930858,0.12093309757930858,182.0,False
1,feature_286,True,0.16693118711787175,0.16693118711787175,102.0,False
1,feature_287,True,0.07641534462363292,0.07641534462363292,258.0,False
1,feature_288,True,-0.04809990917753741,0.04809990917753741,339.0,False
1,feature_289,True,-0.029478455297182248,0.029478455297182248,378.0,False
1,feature_290,True,0.021199579715614116,0.021199579715614116,400.0,False
1,feature_291,True,-0.0750372434495541,0.0750372434495541,266.0,False
1,feature_292,True,-0.06297679601026118,0.06297679601026118,297.0,False
1,feature_293,True,0.11600306349670349,0.11600306349670349,190.0,False
1,feature_294,True,0.011960601372567737,0.011960601372567737,425.0,False
1,feature_295,True,0.11958891897361104,0.11958891897361104,185.0,False
1,feature_296,True,-0.05382811208595047,0.05382811208595047,325.0,False
1,feature_297,True,-0.03886511117285945,0.03886511117285945,357.0,False
1,feature_298,True,-0.028196438889695346,0.028196438889695346,383.0,False
1,feature_299,True,-0.16337408133858014,0.16337408133858014,108.0,False
1,feature_300,True,-0.15752190362647892,0.15752190362647892,120.0,False
1,feature_301,True,0.315651312048612,0.315651312048612,24.0,False
1,feature_302,True,-0.06876062868279262,0.06876062868279262,280.0,False
1,feature_303,True,0.15110179236848034,0.15110179236848034,128.0,False
1,feature_304,True,0.22175937553037162,0.22175937553037162,64.0,False
1,feature_305,True,-0.0933312819156693,0.0933312819156693,225.0,False
1,feature_306,True,-0.07652351660954057,0.07652351660954057,257.0,False
1,feature_307,True,0.11032741320100731,0.11032741320100731,197.0,False
1,feature_308,True,-0.029570853956191547,0.029570853956191547,376.0,False
1,feature_309,True,0.10954597154952588,0.10954597154952588,200.0,False
1,feature_310,True,0.031958074903788915,0.031958074903788915,371.0,False
1,feature_311,True,0.14697561587940267,0.14697561587940267,136.0,False
1,feature_312,True,-0.06834920141736758,0.06834920141736758,281.0,False
1,feature_313,False,,,,False
1,feature_314,False,,,,False
1,feature_315,False,,,,False
1,feature_316,True,-0.1588182705270352,0.1588182705270352,117.0,False
1,feature_317,True,-0.27152342158138904,0.27152342158138904,36.0,False
1,feature_318,True,0.11870277035824574,0.11870277035824574,187.0,False
1,feature_319,True,0.013834287254940566,0.013834287254940566,419.0,False
1,feature_320,True,-0.10110059740879947,0.10110059740879947,213.0,False
1,feature_321,True,0.03319996258061037,0.03319996258061037,368.0,False
1,feature_322,False,,,,False
1,feature_323,True,-0.012579251617697062,0.012579251617697062,424.0,False
1,feature_324,True,-0.07586887773654047,0.07586887773654047,260.0,False
1,feature_325,False,,,,False
1,feature_326,False,,,,False
1,feature_327,False,,,,False
1,feature_328,False,,,,False
1,feature_329,False,,,,False
1,feature_330,False,,,,False
1,feature_331,True,0.18334733408068335,0.18334733408068335,86.0,False
1,feature_332,True,-0.1442144675040872,0.1442144675040872,144.0,False
1,feature_333,True,0.16158312613327908,0.16158312613327908,111.0,False
1,feature_334,True,0.024031231957518204,0.024031231957518204,395.0,False
1,feature_335,True,-0.14645986838624536,0.14645986838624536,140.0,False
1,feature_336,True,0.02021282046743753,0.02021282046743753,402.0,False
1,feature_337,True,-0.024928682216392578,0.024928682216392578,390.0,False
1,feature_338,True,-0.07189231327836085,0.07189231327836085,272.0,False
1,feature_339,True,-0.10143921814185204,0.10143921814185204,211.0,False
1,feature_340,True,-0.15706779546916844,0.15706779546916844,122.0,False
1,feature_341,True,0.16765928401050761,0.16765928401050761,101.0,False
1,feature_342,False,,,,False
1,feature_343,True,0.008075863521717332,0.008075863521717332,432.0,False
1,feature_344,True,-0.21330282640677586,0.21330282640677586,70.0,False
1,feature_345,True,0.4086321285156976,0.4086321285156976,11.0,True
1,feature_346,True,0.30774096352475316,0.30774096352475316,26.0,False
1,feature_347,False,,,,False
1,feature_348,True,-0.08057771923204991,0.08057771923204991,252.0,False
1,feature_349,True,0.09474719045506316,0.09474719045506316,222.0,False
1,feature_350,True,-0.28377423818662484,0.28377423818662484,31.0,False
1,feature_351,True,0.2772782346820731,0.2772782346820731,35.0,False
1,feature_352,True,-0.197685501882882,0.197685501882882,80.0,False
1,feature_353,True,-0.08136345282645352,0.08136345282645352,248.0,False
1,feature_354,True,-0.16954632542871104,0.16954632542871104,99.0,False
1,feature_355,True,-0.0611414623677977,0.0611414623677977,303.0,False
1,feature_356,True,-0.05601110229965838,0.05601110229965838,317.0,False
1,feature_357,True,-0.059220970276269755,0.059220970276269755,310.0,False
1,feature_358,False,,,,False
1,feature_359,True,0.00206706733728744,0.00206706733728744,448.0,False
1,feature_360,True,0.10024758327536454,0.10024758327536454,215.0,False
1,feature_361,True,0.08746657421454403,0.08746657421454403,235.0,False
1,feature_362,True,-0.03869838338630169,0.03869838338630169,358.0,False
1,feature_363,True,-0.16992960333148546,0.16992960333148546,98.0,False
1,feature_364,False,,,,False
1,feature_365,True,0.19314466654832022,0.19314466654832022,82.0,False
1,feature_366,True,-0.14856978959076717,0.14856978959076717,133.0,False
1,feature_367,True,0.08292179024668198,0.08292179024668198,244.0,False
1,feature_368,True,-0.06228030879425814,0.06228030879425814,300.0,False
1,feature_369,False,,,,False
1,feature_370,False,,,,False
1,feature_371,False,,,,False
1,feature_372,False,,,,False
1,feature_373,False,,,,False
1,feature_374,False,,,,False
1,feature_375,False,,,,False
1,feature_376,True,-0.07637354160704653,0.07637354160704653,259.0,False
1,feature_377,True,-0.07521567066779983,0.07521567066779983,263.0,False
1,feature_378,False,,,,False
1,feature_379,False,,,,False
1,feature_380,False,,,,False
1,feature_381,False,,,,False
1,feature_382,False,,,,False
1,feature_383,False,,,,False
1,feature_384,False,,,,False
1,feature_385,True,0.11134925008055674,0.11134925008055674,195.0,False
1,feature_386,True,-0.11471464896710437,0.11471464896710437,193.0,False
1,feature_387,True,0.40275332148689535,0.40275332148689535,12.0,True
1,feature_388,True,-0.033488549064934786,0.033488549064934786,367.0,False
1,feature_389,True,0.05176392876491808,0.05176392876491808,329.0,False
1,feature_390,True,0.015809470440654224,0.015809470440654224,414.0,False
1,feature_391,True,-0.07140598952169354,0.07140598952169354,273.0,False
1,feature_392,True,0.1414737976814508,0.1414737976814508,148.0,False
1,feature_393,True,0.08906761567896686,0.08906761567896686,232.0,False
1,feature_394,False,,,,False
1,feature_395,False,,,,False
1,feature_396,False,,,,False
1,feature_397,False,,,,False
1,feature_398,False,,,,False
1,feature_399,False,,,,False
1,feature_400,False,,,,False
1,feature_401,False,,,,False
1,feature_402,False,,,,False
1,feature_403,False,,,,False
1,feature_404,False,,,,False
1,feature_405,True,-0.12113747787677517,0.12113747787677517,181.0,False
1,feature_406,True,0.07418599873594223,0.07418599873594223,267.0,False
1,feature_407,True,7.216321791945546e-05,7.216321791945546e-05,452.0,False
1,feature_408,True,-0.027646471554510603,0.027646471554510603,385.0,False
1,feature_409,True,-0.06032721453492171,0.06032721453492171,307.0,False
1,feature_410,True,0.084329745266267,0.084329745266267,243.0,False
1,feature_411,True,0.04403212791298155,0.04403212791298155,348.0,False
1,feature_412,True,-0.054436983850483955,0.054436983850483955,323.0,False
1,feature_413,True,-0.055449828595715116,0.055449828595715116,318.0,False
1,feature_414,False,,,,False
1,feature_415,True,0.01696327449228563,0.01696327449228563,411.0,False
1,feature_416,True,0.050246377827359,0.050246377827359,334.0,False
1,feature_417,True,-0.172063376132022,0.172063376132022,96.0,False
1,feature_418,True,-0.1164459608548966,0.1164459608548966,189.0,False
1,feature_419,True,0.3754870196520456,0.3754870196520456,16.0,True
1,feature_420,True,-0.08500738884358651,0.08500738884358651,240.0,False
1,feature_421,True,-0.0705493914488315,0.0705493914488315,275.0,False
1,feature_422,False,,,,False
1,feature_423,True,-0.14693765349518173,0.14693765349518173,137.0,False
1,feature_424,True,0.01804946153592285,0.01804946153592285,409.0,False
1,feature_425,True,0.2188994258474107,0.2188994258474107,68.0,False
1,feature_426,True,-0.07726642267717268,0.07726642267717268,256.0,False
1,feature_427,True,0.007731818931637077,0.007731818931637077,434.0,False
1,feature_428,True,-0.24426734873490932,0.24426734873490932,49.0,False
1,feature_429,True,-0.13070060419268006,0.13070060419268006,165.0,False
1,feature_430,True,0.16106265027673405,0.16106265027673405,112.0,False
1,feature_431,True,0.20035703761071616,0.20035703761071616,77.0,False
1,feature_432,True,0.04247328688928836,0.04247328688928836,351.0,False
1,feature_433,True,-0.510196391328113,0.510196391328113,3.0,True
1,feature_434,True,0.1319711877863919,0.1319711877863919,162.0,False
1,feature_435,True,0.08486669368207254,0.08486669368207254,241.0,False
1,feature_436,True,0.08058290179141138,0.08058290179141138,251.0,False
1,feature_437,True,0.04559192959374214,0.04559192959374214,344.0,False
1,feature_438,True,-0.1047129217306746,0.1047129217306746,205.0,False
1,feature_439,True,0.1640679439159033,0.1640679439159033,105.0,False
1,feature_440,True,0.14952981449918656,0.14952981449918656,132.0,False
1,feature_441,True,0.18424185678990812,0.18424185678990812,85.0,False
1,feature_442,True,-0.0343724553911182,0.0343724553911182,364.0,False
1,feature_443,True,0.040356077858184736,0.040356077858184736,355.0,False
1,feature_444,True,-0.2028400984634431,0.2028400984634431,75.0,False
1,feature_445,True,0.009747694682971191,0.009747694682971191,428.0,False
1,feature_446,True,0.21930849024851215,0.21930849024851215,67.0,False
1,feature_447,True,0.1459563459132042,0.1459563459132042,141.0,False
1,feature_448,True,-0.07538036410585913,0.07538036410585913,262.0,False
1,feature_449,False,,,,False
1,feature_450,False,,,,False
1,feature_451,False,,,,False
1,feature_452,True,0.06230621779809389,0.06230621779809389,299.0,False
1,feature_453,True,-0.23879060824435414,0.23879060824435414,52.0,False
1,feature_454,True,0.000523322271222727,0.000523322271222727,451.0,False
1,feature_455,True,0.0700125602369584,0.0700125602369584,276.0,False
1,feature_456,True,-0.0252026691993473,0.0252026691993473,389.0,False
1,feature_457,True,0.04451726569908421,0.04451726569908421,347.0,False
1,feature_458,False,,,,False
1,feature_459,True,-0.021189874314854737,0.021189874314854737,401.0,False
1,feature_460,True,0.1269495991598643,0.1269495991598643,173.0,False
1,feature_461,False,,,,False
1,feature_462,False,,,,False
1,feature_463,False,,,,False
1,feature_464,False,,,,False
1,feature_465,False,,,,False
1,feature_466,False,,,,False
1,feature_467,True,0.22828779352723783,0.22828779352723783,57.0,False
1,feature_468,True,0.032606015795275,0.032606015795275,369.0,False
1,feature_469,True,0.1288479652968338,0.1288479652968338,171.0,False
1,feature_470,True,0.035607043239521685,0.035607043239521685,361.0,False
1,feature_471,True,-0.07738902217124227,0.07738902217124227,255.0,False
1,feature_472,True,0.0034247039035378564,0.0034247039035378564,443.0,False
1,feature_473,True,-0.0135194831316176,0.0135194831316176,421.0,False
1,feature_474,True,0.11801343744015406,0.11801343744015406,188.0,False
1,feature_475,True,-0.05428223300087215,0.05428223300087215,324.0,False
1,feature_476,True,-0.1803975980504462,0.1803975980504462,89.0,False
1,feature_477,True,0.22459397840610268,0.22459397840610268,62.0,False
1,feature_478,False,,,,False
1,feature_479,True,0.014913613341981494,0.014913613341981494,415.0,False
1,feature_480,True,-0.14123269177802944,0.14123269177802944,149.0,False
1,feature_481,False,,,,False
1,feature_482,True,0.15778585935562986,0.15778585935562986,119.0,False
1,feature_483,True,0.08820401386582624,0.08820401386582624,234.0,False
1,feature_484,True,0.06143937471478917,0.06143937471478917,302.0,False
1,feature_485,True,-0.27879939477295596,0.27879939477295596,34.0,False
1,feature_486,True,0.11054914732315271,0.11054914732315271,196.0,False
1,feature_487,True,0.0028759050624639964,0.0028759050624639964,445.0,False
1,feature_488,True,0.11583384360979652,0.11583384360979652,192.0,False
1,feature_489,True,0.26142623993950775,0.26142623993950775,45.0,False
1,feature_490,True,-0.20521889515065508,0.20521889515065508,74.0,False
1,feature_491,True,-0.011062782890597632,0.011062782890597632,426.0,False
1,feature_492,False,,,,False
1,feature_493,True,-0.1343274722088733,0.1343274722088733,160.0,False
1,feature_494,True,0.09867720968387113,0.09867720968387113,217.0,False
1,feature_495,True,0.1638879841003916,0.1638879841003916,107.0,False
1,feature_496,True,-0.1467560694541286,0.1467560694541286,138.0,False
1,feature_497,True,0.031478256427265046,0.031478256427265046,372.0,False
1,feature_498,False,,,,False
1,feature_499,True,0.09937926859945681,0.09937926859945681,216.0,False
1,feature_500,True,0.2678079910486039,0.2678079910486039,39.0,False
1,feature_501,False,,,,False
1,feature_502,False,,,,False
1,feature_503,False,,,,False
1,feature_504,False,,,,False
1,feature_505,False,,,,False
1,feature_506,False,,,,False
1,feature_507,False,,,,False
1,feature_508,False,,,,False
1,feature_509,False,,,,False
1,feature_510,True,0.056377024064973344,0.056377024064973344,314.0,False
1,feature_511,True,-0.0029957084822491956,0.0029957084822491956,444.0,False
1,feature_512,False,,,,False
1,feature_513,False,,,,False
1,feature_514,False,,,,False
1,feature_515,False,,,,False
1,feature_516,False,,,,False
1,feature_517,False,,,,False
1,feature_518,False,,,,False
1,feature_519,True,0.09193324333572973,0.09193324333572973,228.0,False
1,feature_520,True,-0.04553205070301479,0.04553205070301479,345.0,False
1,feature_521,True,-0.020050331323929593,0.020050331323929593,403.0,False
1,feature_522,True,0.1749333798030055,0.1749333798030055,93.0,False
1,feature_523,True,0.050566919260866004,0.050566919260866004,333.0,False
1,feature_524,True,0.10025314891455961,0.10025314891455961,214.0,False
1,feature_525,True,-0.08207100083870356,0.08207100083870356,245.0,False
1,feature_526,True,0.13565970678194672,0.13565970678194672,158.0,False
1,feature_527,True,0.11583843514801541,0.11583843514801541,191.0,False
1,feature_528,False,,,,False
1,feature_529,False,,,,False
1,feature_530,False,,,,False
1,feature_531,False,,,,False
1,feature_532,False,,,,False
1,feature_533,False,,,,False
1,feature_534,False,,,,False
1,feature_535,False,,,,False
1,feature_536,False,,,,False
1,feature_537,False,,,,False
1,feature_538,False,,,,False
1,feature_539,True,-0.20229908663421767,0.20229908663421767,76.0,False
1,feature_540,True,-0.06489027772269661,0.06489027772269661,289.0,False
1,feature_541,True,0.2805223919588485,0.2805223919588485,33.0,False
1,feature_542,True,0.0641356980715217,0.0641356980715217,293.0,False
1,feature_543,True,-0.06413569807150483,0.06413569807150483,294.0,False
1,feature_544,True,-0.06413569807155935,0.06413569807155935,292.0,False
1,feature_545,True,-0.06413569807149673,0.06413569807149673,295.0,False
1,feature_546,True,0.13163535339330415,0.13163535339330415,163.0,False
1,feature_547,True,0.004091797575054311,0.004091797575054311,442.0,False
1,feature_548,True,0.22638579435909462,0.22638579435909462,60.0,False
1,feature_549,True,0.1824683506546803,0.1824683506546803,87.0,False
1,feature_550,True,0.10995149028022454,0.10995149028022454,199.0,False
1,feature_551,True,-0.0014463082009510343,0.0014463082009510343,450.0,False
1,feature_552,True,0.18844370177777395,0.18844370177777395,83.0,False
1,feature_553,True,0.12161148499793525,0.12161148499793525,180.0,False
1,feature_554,True,0.005929089554341647,0.005929089554341647,437.0,False
1,feature_555,True,0.15038914143852902,0.15038914143852902,129.0,False
1,feature_556,True,0.09348523760945056,0.09348523760945056,223.0,False
1,feature_557,True,-0.004558238808840026,0.004558238808840026,441.0,False
1,feature_558,True,0.1432302494603362,0.1432302494603362,145.0,False
1,feature_559,True,-0.022427561924543822,0.022427561924543822,398.0,False
1,feature_560,True,-0.12957990844865186,0.12957990844865186,169.0,False
1,feature_561,True,-0.00658253868567,0.00658253868567,436.0,False
1,feature_562,True,-0.5891841857902796,0.5891841857902796,2.0,True
1,feature_563,True,-0.24188388490375085,0.24188388490375085,50.0,False
1,feature_564,True,-0.02465516390200658,0.02465516390200658,391.0,False
1,feature_565,True,-0.019853577581860675,0.019853577581860675,404.0,False
1,feature_566,True,-0.22774705186052918,0.22774705186052918,58.0,False
1,feature_567,True,-0.02657260619361323,0.02657260619361323,387.0,False
1,feature_568,True,0.006952719419876796,0.006952719419876796,435.0,False
1,feature_569,True,-0.06685938795196777,0.06685938795196777,285.0,False
1,feature_570,True,0.106279858387878,0.106279858387878,204.0,False
1,feature_571,True,-0.21289313372335242,0.21289313372335242,71.0,False
1,feature_572,True,0.025937977535726957,0.025937977535726957,388.0,False
1,feature_573,True,-0.1985870042637984,0.1985870042637984,79.0,False
1,feature_574,True,0.016644983055558497,0.016644983055558497,412.0,False
1,feature_575,True,-0.13145494740250788,0.13145494740250788,164.0,False
1,feature_576,True,0.02425273153403832,0.02425273153403832,393.0,False
1,feature_577,True,-0.13887957364649303,0.13887957364649303,155.0,False
1,feature_578,True,-0.0566079972603083,0.0566079972603083,313.0,False
1,feature_579,True,-0.09475902640992767,0.09475902640992767,221.0,False
1,feature_580,True,0.10157858785791794,0.10157858785791794,210.0,False
1,feature_581,True,-0.008786289360645932,0.008786289360645932,429.0,False
1,feature_582,True,-0.2619127797928878,0.2619127797928878,44.0,False
1,feature_583,True,-0.05004457566387978,0.05004457566387978,335.0,False
1,feature_584,True,-0.0415701928111834,0.0415701928111834,352.0,False
1,feature_585,True,-0.0530162538729959,0.0530162538729959,326.0,False
1,feature_586,True,0.09137310638650108,0.09137310638650108,230.0,False
1,feature_587,True,0.1605565857473833,0.1605565857473833,114.0,False
1,feature_588,True,0.4597743192955352,0.4597743192955352,6.0,True
1,feature_589,True,-0.029705322408184413,0.029705322408184413,375.0,False
2,feature_000,True,-0.768623242004331,0.768623242004331,3.0,True
2,feature_001,True,-0.12046831963713692,0.12046831963713692,254.0,False
2,feature_002,True,0.08005183295867914,0.08005183295867914,306.0,False
2,feature_003,True,0.1725206166138809,0.1725206166138809,197.0,False
2,feature_004,True,-0.34290316318069314,0.34290316318069314,78.0,False
2,feature_005,False,,,,False
2,feature_006,True,-0.032289972551641934,0.032289972551641934,384.0,False
2,feature_007,True,-0.31681155554723395,0.31681155554723395,91.0,False
2,feature_008,True,-0.9470987554917661,0.9470987554917661,1.0,True
2,feature_009,True,-0.43204693283346307,0.43204693283346307,40.0,False
2,feature_010,True,-0.009081375945605907,0.009081375945605907,430.0,False
2,feature_011,True,-0.4073172485199633,0.4073172485199633,49.0,False
2,feature_012,True,0.17898327056132315,0.17898327056132315,190.0,False
2,feature_013,False,,,,False
2,feature_014,True,-0.3560995732925841,0.3560995732925841,70.0,False
2,feature_015,True,-0.09844746277079439,0.09844746277079439,278.0,False
2,feature_016,True,-0.02241019270707943,0.02241019270707943,400.0,False
2,feature_017,True,0.1390322544904438,0.1390322544904438,229.0,False
2,feature_018,True,0.29239162887486475,0.29239162887486475,108.0,False
2,feature_019,True,0.2335320687741388,0.2335320687741388,144.0,False
2,feature_020,True,0.5018033331423787,0.5018033331423787,24.0,False
2,feature_021,True,0.36644305349133904,0.36644305349133904,65.0,False
2,feature_022,True,-0.1572289521836541,0.1572289521836541,210.0,False
2,feature_023,True,-0.01072135545623189,0.01072135545623189,425.0,False
2,feature_024,True,-0.31679122118029973,0.31679122118029973,92.0,False
2,feature_025,True,0.21248839933332855,0.21248839933332855,162.0,False
2,feature_026,True,-0.012915732531865651,0.012915732531865651,419.0,False
2,feature_027,True,0.1401816512788335,0.1401816512788335,227.0,False
2,feature_028,True,0.40815390001703566,0.40815390001703566,48.0,False
2,feature_029,True,0.06731091992728845,0.06731091992728845,334.0,False
2,feature_030,True,-0.16541952546309266,0.16541952546309266,202.0,False
2,feature_031,True,-0.08883320176457177,0.08883320176457177,294.0,False
2,feature_032,True,-0.2426464694180207,0.2426464694180207,135.0,False
2,feature_033,True,0.041571714320430414,0.041571714320430414,370.0,False
2,feature_034,True,-0.1451477833829762,0.1451477833829762,220.0,False
2,feature_035,True,-0.19140182256168883,0.19140182256168883,177.0,False
2,feature_036,True,0.14515065773653496,0.14515065773653496,219.0,False
2,feature_037,True,0.13993513032821564,0.13993513032821564,228.0,False
2,feature_038,True,-0.401849922971798,0.401849922971798,51.0,False
2,feature_039,True,0.345584604154746,0.345584604154746,76.0,False
2,feature_040,True,0.030306870109569686,0.030306870109569686,389.0,False
2,feature_041,True,-0.41152017194543383,0.41152017194543383,46.0,False
2,feature_042,False,,,,False
2,feature_043,True,-0.03722038766583811,0.03722038766583811,374.0,False
2,feature_044,True,-0.38545024631098984,0.38545024631098984,57.0,False
2,feature_045,True,0.15473440263213123,0.15473440263213123,212.0,False
2,feature_046,True,0.1416770909866609,0.1416770909866609,225.0,False
2,feature_047,True,0.35390539801477255,0.35390539801477255,71.0,False
2,feature_048,True,-0.32046366493850525,0.32046366493850525,90.0,False
2,feature_049,False,,,,False
2,feature_050,True,-0.038875756583240884,0.038875756583240884,372.0,False
2,feature_051,True,-0.13254729858410194,0.13254729858410194,235.0,False
2,feature_052,False,,,,False
2,feature_053,True,-0.34286583845574564,0.34286583845574564,79.0,False
2,feature_054,True,-0.07900736305774084,0.07900736305774084,307.0,False
2,feature_055,True,0.18224591211231742,0.18224591211231742,185.0,False
2,feature_056,True,0.2867386923618819,0.2867386923618819,113.0,False
2,feature_057,True,-0.43926247472176455,0.43926247472176455,37.0,False
2,feature_058,True,0.2284752017282057,0.2284752017282057,149.0,False
2,feature_059,True,0.3657442851955414,0.3657442851955414,66.0,False
2,feature_060,True,0.3256545757913258,0.3256545757913258,88.0,False
2,feature_061,True,0.30841235487879903,0.30841235487879903,101.0,False
2,feature_062,True,-0.343161898037095,0.343161898037095,77.0,False
2,feature_063,True,0.08531217826136485,0.08531217826136485,297.0,False
2,feature_064,True,0.44624276180311756,0.44624276180311756,32.0,False
2,feature_065,True,0.21200804136244122,0.21200804136244122,163.0,False
2,feature_066,True,-0.027800899070484872,0.027800899070484872,395.0,False
2,feature_067,True,-0.15090382287252566,0.15090382287252566,214.0,False
2,feature_068,True,-0.27280147772475327,0.27280147772475327,118.0,False
2,feature_069,False,,,,False
2,feature_070,True,-0.30433176040279636,0.30433176040279636,105.0,False
2,feature_071,True,0.13219669082651853,0.13219669082651853,237.0,False
2,feature_072,True,0.15692640473711242,0.15692640473711242,211.0,False
2,feature_073,True,0.025914592653583556,0.025914592653583556,397.0,False
2,feature_074,False,,,,False
2,feature_075,True,0.7080916097644211,0.7080916097644211,5.0,True
2,feature_076,True,-0.4699900953386929,0.4699900953386929,29.0,False
2,feature_077,True,0.1892145942235848,0.1892145942235848,179.0,False
2,feature_078,True,-0.44566387520947964,0.44566387520947964,33.0,False
2,feature_079,True,-0.3062778659204515,0.3062778659204515,102.0,False
2,feature_080,True,-0.22131708792017163,0.22131708792017163,153.0,False
2,feature_081,True,0.527954302281915,0.527954302281915,20.0,True
2,feature_082,True,0.2904715461174288,0.2904715461174288,111.0,False
2,feature_083,True,-0.19249236812243958,0.19249236812243958,176.0,False
2,feature_084,True,-0.028947314721425473,0.028947314721425473,393.0,False
2,feature_085,False,,,,False
2,feature_086,True,0.42568236322446723,0.42568236322446723,42.0,False
2,feature_087,True,-0.33703909340004196,0.33703909340004196,82.0,False
2,feature_088,True,0.005436356027627899,0.005436356027627899,440.0,False
2,feature_089,True,0.6903148368838682,0.6903148368838682,6.0,True
2,feature_090,True,-0.24598693127270385,0.24598693127270385,130.0,False
2,feature_091,True,-0.5058153224414875,0.5058153224414875,23.0,False
2,feature_092,True,0.07058905565307445,0.07058905565307445,328.0,False
2,feature_093,True,-0.07371603679270318,0.07371603679270318,320.0,False
2,feature_094,True,-0.14459228399502008,0.14459228399502008,221.0,False
2,feature_095,True,0.03276904698748544,0.03276904698748544,382.0,False
2,feature_096,True,-0.008725690985790988,0.008725690985790988,432.0,False
2,feature_097,False,,,,False
2,feature_098,True,-0.07321506507928087,0.07321506507928087,322.0,False
2,feature_099,True,0.11586181523679681,0.11586181523679681,257.0,False
2,feature_100,True,-0.07712479804179984,0.07712479804179984,310.0,False
2,feature_101,True,-0.4332664448519221,0.4332664448519221,39.0,False
2,feature_102,True,-0.11185700212102649,0.11185700212102649,264.0,False
2,feature_103,True,0.27716156237701856,0.27716156237701856,116.0,False
2,feature_104,True,-0.11277993595884318,0.11277993595884318,260.0,False
2,feature_105,True,-0.09501365511026783,0.09501365511026783,285.0,False
2,feature_106,True,0.07170712951376608,0.07170712951376608,324.0,False
2,feature_107,True,0.26280344668063726,0.26280344668063726,128.0,False
2,feature_108,True,-0.35165542047466425,0.35165542047466425,73.0,False
2,feature_109,False,,,,False
2,feature_110,False,,,,False
2,feature_111,False,,,,False
2,feature_112,True,-0.09944393268598542,0.09944393268598542,275.0,False
2,feature_113,True,0.5508661754173483,0.5508661754173483,17.0,True
2,feature_114,True,-0.04181157877166613,0.04181157877166613,369.0,False
2,feature_115,True,-0.40585195845444894,0.40585195845444894,50.0,False
2,feature_116,True,0.670950476746423,0.670950476746423,8.0,True
2,feature_117,True,-0.5192248559506351,0.5192248559506351,22.0,False
2,feature_118,True,-0.11189064062356267,0.11189064062356267,263.0,False
2,feature_119,True,-0.2954884868018786,0.2954884868018786,107.0,False
2,feature_120,True,-0.3163102329953912,0.3163102329953912,93.0,False
2,feature_121,True,0.09766225585352857,0.09766225585352857,281.0,False
2,feature_122,True,-0.21725732894768982,0.21725732894768982,156.0,False
2,feature_123,True,0.053019112503513176,0.053019112503513176,351.0,False
2,feature_124,True,-0.5007031190930771,0.5007031190930771,25.0,False
2,feature_125,True,0.02135594952759733,0.02135594952759733,405.0,False
2,feature_126,True,0.5636788087876831,0.5636788087876831,15.0,True
2,feature_127,True,-0.08517832549435973,0.08517832549435973,298.0,False
2,feature_128,True,-0.3846293469322813,0.3846293469322813,59.0,False
2,feature_129,True,0.04858871849074797,0.04858871849074797,357.0,False
2,feature_130,True,0.09516784413049292,0.09516784413049292,284.0,False
2,feature_131,True,0.09675661579265037,0.09675661579265037,282.0,False
2,feature_132,True,0.010359378416053182,0.010359378416053182,428.0,False
2,feature_133,True,0.4487864418191248,0.4487864418191248,31.0,False
2,feature_134,True,0.14389895995077026,0.14389895995077026,222.0,False
2,feature_135,True,-0.1822880574822612,0.1822880574822612,184.0,False
2,feature_136,True,-0.09903363151887165,0.09903363151887165,276.0,False
2,feature_137,True,-0.008171256992712934,0.008171256992712934,435.0,False
2,feature_138,True,0.01797487456550269,0.01797487456550269,411.0,False
2,feature_139,True,-0.013519276981798996,0.013519276981798996,416.0,False
2,feature_140,True,0.04719501005701959,0.04719501005701959,358.0,False
2,feature_141,False,,,,False
2,feature_142,True,-0.17842701890693882,0.17842701890693882,191.0,False
2,feature_143,True,-0.1535864442296962,0.1535864442296962,213.0,False
2,feature_144,True,-0.28389557073162014,0.28389557073162014,114.0,False
2,feature_145,True,-0.46442207561474724,0.46442207561474724,30.0,False
2,feature_146,True,0.04189345578647637,0.04189345578647637,368.0,False
2,feature_147,True,0.0770453928939159,0.0770453928939159,311.0,False
2,feature_148,True,-0.0012072852152906917,0.0012072852152906917,449.0,False
2,feature_149,False,,,,False
2,feature_150,True,0.24341599857241603,0.24341599857241603,133.0,False
2,feature_151,True,-0.05392444832139846,0.05392444832139846,349.0,False
2,feature_152,True,-0.04918091294281694,0.04918091294281694,354.0,False
2,feature_153,True,-0.1454570709667269,0.1454570709667269,218.0,False
2,feature_154,True,-0.0003992218603126409,0.0003992218603126409,450.0,False
2,feature_155,True,-0.4972013257643601,0.4972013257643601,26.0,False
2,feature_156,True,-0.10950832414074498,0.10950832414074498,266.0,False
2,feature_157,True,-0.19939962834155744,0.19939962834155744,171.0,False
2,feature_158,True,0.14024612991631513,0.14024612991631513,226.0,False
2,feature_159,True,-0.002641028596051572,0.002641028596051572,446.0,False
2,feature_160,True,0.3360175065217749,0.3360175065217749,83.0,False
2,feature_161,True,-0.28270384251108294,0.28270384251108294,115.0,False
2,feature_162,True,-0.10265665272829289,0.10265665272829289,271.0,False
2,feature_163,True,0.17216030635078267,0.17216030635078267,198.0,False
2,feature_164,True,-0.18031873063809253,0.18031873063809253,187.0,False
2,feature_165,True,-0.23617676184453332,0.23617676184453332,142.0,False
2,feature_166,True,0.07128732860104835,0.07128732860104835,325.0,False
2,feature_167,True,-0.2360368856617209,0.2360368856617209,143.0,False
2,feature_168,True,0.2689207338308095,0.2689207338308095,123.0,False
2,feature_169,True,0.1607329560772623,0.1607329560772623,205.0,False
2,feature_170,True,0.18708103792069414,0.18708103792069414,181.0,False
2,feature_171,True,0.06552156032515766,0.06552156032515766,337.0,False
2,feature_172,True,0.07248493455883873,0.07248493455883873,323.0,False
2,feature_173,True,-0.13044620466412793,0.13044620466412793,241.0,False
2,feature_174,True,0.07425685395835331,0.07425685395835331,318.0,False
2,feature_175,True,0.244738374226408,0.244738374226408,131.0,False
2,feature_176,True,0.033588127937427666,0.033588127937427666,380.0,False
2,feature_177,True,-0.11368005966448143,0.11368005966448143,259.0,False
2,feature_178,False,,,,False
2,feature_179,False,,,,False
2,feature_180,True,0.15806530501437477,0.15806530501437477,209.0,False
2,feature_181,True,-0.31564576493743596,0.31564576493743596,95.0,False
2,feature_182,True,-0.016130667370786608,0.016130667370786608,412.0,False
2,feature_183,True,-0.04909808026074016,0.04909808026074016,355.0,False
2,feature_184,True,-0.13443456162532413,0.13443456162532413,233.0,False
2,feature_185,True,0.0752150917697417,0.0752150917697417,317.0,False
2,feature_186,False,,,,False
2,feature_187,True,0.1485439362166923,0.1485439362166923,216.0,False
2,feature_188,True,0.11199250083947403,0.11199250083947403,262.0,False
2,feature_189,False,,,,False
2,feature_190,False,,,,False
2,feature_191,False,,,,False
2,feature_192,False,,,,False
2,feature_193,False,,,,False
2,feature_194,False,,,,False
2,feature_195,True,0.09839770058423701,0.09839770058423701,279.0,False
2,feature_196,True,-0.24293028957122959,0.24293028957122959,134.0,False
2,feature_197,True,0.4405133140299983,0.4405133140299983,35.0,False
2,feature_198,True,-0.051904847980108325,0.051904847980108325,352.0,False
2,feature_199,True,-0.4446213799951139,0.4446213799951139,34.0,False
2,feature_200,True,-0.10061477017766117,0.10061477017766117,274.0,False
2,feature_201,True,0.03889631398337652,0.03889631398337652,371.0,False
2,feature_202,True,0.12376102663282514,0.12376102663282514,252.0,False
2,feature_203,True,-0.06325395457960648,0.06325395457960648,338.0,False
2,feature_204,True,-0.07585521922534202,0.07585521922534202,315.0,False
2,feature_205,True,0.5529464125305128,0.5529464125305128,16.0,True
2,feature_206,False,,,,False
2,feature_207,True,0.010100419240560462,0.010100419240560462,429.0,False
2,feature_208,True,0.034747842137676004,0.034747842137676004,376.0,False
2,feature_209,False,,,,False
2,feature_210,True,0.37259322266433453,0.37259322266433453,63.0,False
2,feature_211,True,0.126613769836009,0.126613769836009,248.0,False
2,feature_212,True,0.005017653833671714,0.005017653833671714,442.0,False
2,feature_213,True,0.42097655983225685,0.42097655983225685,44.0,False
2,feature_214,True,-0.5223625594934425,0.5223625594934425,21.0,False
2,feature_215,True,-0.012133844501889843,0.012133844501889843,420.0,False
2,feature_216,True,0.7374215684580442,0.7374215684580442,4.0,True
2,feature_217,True,-0.13228095564932288,0.13228095564932288,236.0,False
2,feature_218,True,-0.3057469734899322,0.3057469734899322,103.0,False
2,feature_219,True,-0.06970943488195025,0.06970943488195025,331.0,False
2,feature_220,False,,,,False
2,feature_221,True,-0.11085810048167127,0.11085810048167127,265.0,False
2,feature_222,True,-0.10407483365753716,0.10407483365753716,268.0,False
2,feature_223,True,-0.03435724799889414,0.03435724799889414,377.0,False
2,feature_224,True,-0.24131730278436836,0.24131730278436836,137.0,False
2,feature_225,True,-0.3054943828609566,0.3054943828609566,104.0,False
2,feature_226,False,,,,False
2,feature_227,True,0.006733337298032784,0.006733337298032784,436.0,False
2,feature_228,True,0.02547406680418611,0.02547406680418611,398.0,False
2,feature_229,False,,,,False
2,feature_230,False,,,,False
2,feature_231,False,,,,False
2,feature_232,False,,,,False
2,feature_233,False,,,,False
2,feature_234,False,,,,False
2,feature_235,False,,,,False
2,feature_236,False,,,,False
2,feature_237,False,,,,False
2,feature_238,True,0.06793559426288961,0.06793559426288961,333.0,False
2,feature_239,True,0.13453637915676336,0.13453637915676336,232.0,False
2,feature_240,False,,,,False
2,feature_241,False,,,,False
2,feature_242,False,,,,False
2,feature_243,False,,,,False
2,feature_244,False,,,,False
2,feature_245,False,,,,False
2,feature_246,False,,,,False
2,feature_247,True,0.16683669944666704,0.16683669944666704,199.0,False
2,feature_248,True,-0.3310065085460604,0.3310065085460604,85.0,False
2,feature_249,True,0.6840186483232839,0.6840186483232839,7.0,True
2,feature_250,True,0.23959981338134487,0.23959981338134487,139.0,False
2,feature_251,True,-0.19504680985370162,0.19504680985370162,173.0,False
2,feature_252,True,0.211171074699152,0.211171074699152,164.0,False
2,feature_253,True,-0.020248262572469974,0.020248262572469974,409.0,False
2,feature_254,True,0.18660919237942622,0.18660919237942622,182.0,False
2,feature_255,True,-0.0661443922327115,0.0661443922327115,336.0,False
2,feature_256,False,,,,False
2,feature_257,False,,,,False
2,feature_258,False,,,,False
2,feature_259,False,,,,False
2,feature_260,False,,,,False
2,feature_261,False,,,,False
2,feature_262,False,,,,False
2,feature_263,False,,,,False
2,feature_264,False,,,,False
2,feature_265,False,,,,False
2,feature_266,False,,,,False
2,feature_267,True,-0.032249653193734594,0.032249653193734594,385.0,False
2,feature_268,True,-0.179290570295534,0.179290570295534,189.0,False
2,feature_269,True,0.568027716561456,0.568027716561456,14.0,True
2,feature_270,True,-0.34097527998227756,0.34097527998227756,80.0,False
2,feature_271,True,0.3459568243834455,0.3459568243834455,75.0,False
2,feature_272,True,-0.20324695902836978,0.20324695902836978,168.0,False
2,feature_273,True,-0.18127619769980088,0.18127619769980088,186.0,False
2,feature_274,True,0.12081975186824907,0.12081975186824907,253.0,False
2,feature_275,True,0.30873043106910397,0.30873043106910397,100.0,False
2,feature_276,False,,,,False
2,feature_277,True,0.3126011202248897,0.3126011202248897,98.0,False
2,feature_278,True,-0.3271859867689317,0.3271859867689317,87.0,False
2,feature_279,True,-0.1773821310680676,0.1773821310680676,192.0,False
2,feature_280,True,-0.6670503900844528,0.6670503900844528,10.0,True
2,feature_281,True,-0.029831820022502224,0.029831820022502224,390.0,False
2,feature_282,True,0.12377315514585882,0.12377315514585882,251.0,False
2,feature_283,True,0.013327624360030585,0.013327624360030585,417.0,False
2,feature_284,False,,,,False
2,feature_285,True,-0.12990047167715799,0.12990047167715799,243.0,False
2,feature_286,True,-0.01374445176337649,0.01374445176337649,415.0,False
2,feature_287,True,-0.05313337151308432,0.05313337151308432,350.0,False
2,feature_288,True,0.046174499252744895,0.046174499252744895,363.0,False
2,feature_289,True,0.05405141119568228,0.05405141119568228,348.0,False
2,feature_290,True,0.02120452974055762,0.02120452974055762,406.0,False
2,feature_291,True,0.029221566894061426,0.029221566894061426,392.0,False
2,feature_292,True,-0.2710170727584819,0.2710170727584819,120.0,False
2,feature_293,True,-0.0819299021867516,0.0819299021867516,302.0,False
2,feature_294,True,-0.06890352915980694,0.06890352915980694,332.0,False
2,feature_295,True,0.33327003316963955,0.33327003316963955,84.0,False
2,feature_296,True,-0.22412725972145464,0.22412725972145464,151.0,False
2,feature_297,True,0.029649936573600415,0.029649936573600415,391.0,False
2,feature_298,True,0.00843951535201143,0.00843951535201143,433.0,False
2,feature_299,True,-0.1951198244011085,0.1951198244011085,172.0,False
2,feature_300,True,-0.21333662155685343,0.21333662155685343,160.0,False
2,feature_301,True,0.5780113849100924,0.5780113849100924,13.0,True
2,feature_302,True,0.3127894383709279,0.3127894383709279,97.0,False
2,feature_303,True,0.4395803318048467,0.4395803318048467,36.0,False
2,feature_304,True,0.0058853238436367685,0.0058853238436367685,439.0,False
2,feature_305,True,-0.3647171950800842,0.3647171950800842,67.0,False
2,feature_306,True,-0.04715312107943297,0.04715312107943297,359.0,False
2,feature_307,True,0.3908136960199634,0.3908136960199634,55.0,False
2,feature_308,True,-0.17972417313138805,0.17972417313138805,188.0,False
2,feature_309,True,0.3909676730388211,0.3909676730388211,53.0,False
2,feature_310,True,-0.02045814983448025,0.02045814983448025,408.0,False
2,feature_311,True,-0.04226612755583093,0.04226612755583093,367.0,False
2,feature_312,True,-0.043251841241407046,0.043251841241407046,366.0,False
2,feature_313,False,,,,False
2,feature_314,False,,,,False
2,feature_315,False,,,,False
2,feature_316,True,-0.27162324435837903,0.27162324435837903,119.0,False
2,feature_317,True,-0.10090120267074802,0.10090120267074802,273.0,False
2,feature_318,True,-0.07074275436166513,0.07074275436166513,326.0,False
2,feature_319,True,0.046834843503780574,0.046834843503780574,361.0,False
2,feature_320,True,-0.0022580540076477347,0.0022580540076477347,447.0,False
2,feature_321,True,-0.07386758892743994,0.07386758892743994,319.0,False
2,feature_322,False,,,,False
2,feature_323,True,0.10345401362164242,0.10345401362164242,269.0,False
2,feature_324,True,0.044472295734292275,0.044472295734292275,364.0,False
2,feature_325,False,,,,False
2,feature_326,False,,,,False
2,feature_327,False,,,,False
2,feature_328,False,,,,False
2,feature_329,False,,,,False
2,feature_330,False,,,,False
2,feature_331,True,0.07322360348897515,0.07322360348897515,321.0,False
2,feature_332,True,-0.28897459989145147,0.28897459989145147,112.0,False
2,feature_333,True,0.43193242487846156,0.43193242487846156,41.0,False
2,feature_334,True,-0.0981196042888553,0.0981196042888553,280.0,False
2,feature_335,True,-0.3874729366184579,0.3874729366184579,56.0,False
2,feature_336,True,0.014965141556642178,0.014965141556642178,413.0,False
2,feature_337,True,-0.133086572746645,0.133086572746645,234.0,False
2,feature_338,True,-0.027548690473471648,0.027548690473471648,396.0,False
2,feature_339,True,-0.21656682577539615,0.21656682577539615,157.0,False
2,feature_340,True,-0.05943312686441219,0.05943312686441219,340.0,False
2,feature_341,True,0.3741035222599274,0.3741035222599274,62.0,False
2,feature_342,False,,,,False
2,feature_343,True,0.03371957383935503,0.03371957383935503,378.0,False
2,feature_344,True,-0.494211412080699,0.494211412080699,27.0,False
2,feature_345,True,0.21643617947262592,0.21643617947262592,158.0,False
2,feature_346,True,0.26627462396601287,0.26627462396601287,125.0,False
2,feature_347,False,,,,False
2,feature_348,True,0.23032020608563047,0.23032020608563047,147.0,False
2,feature_349,True,0.2635115847443734,0.2635115847443734,127.0,False
2,feature_350,True,-0.21745585216058103,0.21745585216058103,155.0,False
2,feature_351,True,0.19077000185713755,0.19077000185713755,178.0,False
2,feature_352,True,-0.3847768829759164,0.3847768829759164,58.0,False
2,feature_353,True,-0.09078388257356335,0.09078388257356335,291.0,False
2,feature_354,True,-0.1495870051276135,0.1495870051276135,215.0,False
2,feature_355,True,-0.26527994474512,0.26527994474512,126.0,False
2,feature_356,True,0.008267057148218116,0.008267057148218116,434.0,False
2,feature_357,True,0.08986068536139201,0.08986068536139201,292.0,False
2,feature_358,False,,,,False
2,feature_359,True,0.06974744924770471,0.06974744924770471,330.0,False
2,feature_360,True,-0.09132240016704068,0.09132240016704068,290.0,False
2,feature_361,True,0.16545846366229025,0.16545846366229025,201.0,False
2,feature_362,True,-0.04691562053221437,0.04691562053221437,360.0,False
2,feature_363,True,-0.5825111663451972,0.5825111663451972,12.0,True
2,feature_364,False,,,,False
2,feature_365,True,0.31353444402366515,0.31353444402366515,96.0,False
2,feature_366,True,-0.3101049898560555,0.3101049898560555,99.0,False
2,feature_367,True,-0.05693824427168214,0.05693824427168214,345.0,False
2,feature_368,True,-0.09244740722822066,0.09244740722822066,289.0,False
2,feature_369,False,,,,False
2,feature_370,False,,,,False
2,feature_371,False,,,,False
2,feature_372,False,,,,False
2,feature_373,False,,,,False
2,feature_374,False,,,,False
2,feature_375,False,,,,False
2,feature_376,True,-0.006677748618670447,0.006677748618670447,437.0,False
2,feature_377,True,0.17513623056860683,0.17513623056860683,195.0,False
2,feature_378,False,,,,False
2,feature_379,False,,,,False
2,feature_380,False,,,,False
2,feature_381,False,,,,False
2,feature_382,False,,,,False
2,feature_383,False,,,,False
2,feature_384,False,,,,False
2,feature_385,True,-0.2748981071837805,0.2748981071837805,117.0,False
2,feature_386,True,-0.3923644317123786,0.3923644317123786,52.0,False
2,feature_387,True,0.650961882884961,0.650961882884961,11.0,True
2,feature_388,True,0.2467322814196721,0.2467322814196721,129.0,False
2,feature_389,True,-0.18876466123024793,0.18876466123024793,180.0,False
2,feature_390,True,-0.16641830045459352,0.16641830045459352,200.0,False
2,feature_391,True,0.0047774922213259805,0.0047774922213259805,443.0,False
2,feature_392,True,0.08859263983857427,0.08859263983857427,295.0,False
2,feature_393,True,0.14283285968067377,0.14283285968067377,223.0,False
2,feature_394,False,,,,False
2,feature_395,False,,,,False
2,feature_396,False,,,,False
2,feature_397,False,,,,False
2,feature_398,False,,,,False
2,feature_399,False,,,,False
2,feature_400,False,,,,False
2,feature_401,False,,,,False
2,feature_402,False,,,,False
2,feature_403,False,,,,False
2,feature_404,False,,,,False
2,feature_405,True,-0.03764707718891195,0.03764707718891195,373.0,False
2,feature_406,True,0.05045378470180329,0.05045378470180329,353.0,False
2,feature_407,True,-0.3223144588827896,0.3223144588827896,89.0,False
2,feature_408,True,-0.22186782739030206,0.22186782739030206,152.0,False
2,feature_409,True,-0.09324774327657209,0.09324774327657209,288.0,False
2,feature_410,True,-0.013206212645852554,0.013206212645852554,418.0,False
2,feature_411,True,-0.02790082396342721,0.02790082396342721,394.0,False
2,feature_412,True,-0.22899842653557295,0.22899842653557295,148.0,False
2,feature_413,True,-0.08140230527968674,0.08140230527968674,304.0,False
2,feature_414,False,,,,False
2,feature_415,True,-0.12641951726958672,0.12641951726958672,249.0,False
2,feature_416,True,-0.10636658402830705,0.10636658402830705,267.0,False
2,feature_417,True,-0.26890495466023906,0.26890495466023906,124.0,False
2,feature_418,True,-0.11726944539540758,0.11726944539540758,255.0,False
2,feature_419,True,0.3692413620535572,0.3692413620535572,64.0,False
2,feature_420,True,0.0590143200227279,0.0590143200227279,342.0,False
2,feature_421,True,0.010653325374682483,0.010653325374682483,426.0,False
2,feature_422,False,,,,False
2,feature_423,True,0.24160535229925173,0.24160535229925173,136.0,False
2,feature_424,True,-0.01381327918655705,0.01381327918655705,414.0,False
2,feature_425,True,-0.0752673559833933,0.0752673559833933,316.0,False
2,feature_426,True,-0.19439351400325378,0.19439351400325378,174.0,False
2,feature_427,True,-0.010646942571488977,0.010646942571488977,427.0,False
2,feature_428,True,-0.4214180723767867,0.4214180723767867,43.0,False
2,feature_429,True,-0.08908770218225762,0.08908770218225762,293.0,False
2,feature_430,True,0.07607306979952122,0.07607306979952122,313.0,False
2,feature_431,True,0.29619410145133884,0.29619410145133884,106.0,False
2,feature_432,True,-0.02176645114066415,0.02176645114066415,402.0,False
2,feature_433,True,-0.7911537533345814,0.7911537533345814,2.0,True
2,feature_434,True,0.09579435973192256,0.09579435973192256,283.0,False
2,feature_435,True,0.02243226073059988,0.02243226073059988,399.0,False
2,feature_436,True,0.0015412224124726705,0.0015412224124726705,448.0,False
2,feature_437,True,0.0783115395729271,0.0783115395729271,308.0,False
2,feature_438,True,-0.39087597556763953,0.39087597556763953,54.0,False
2,feature_439,True,-0.031050566788444433,0.031050566788444433,388.0,False
2,feature_440,True,0.19331944046078497,0.19331944046078497,175.0,False
2,feature_441,True,0.2277189008010855,0.2277189008010855,150.0,False
2,feature_442,True,0.11491992446381052,0.11491992446381052,258.0,False
2,feature_443,True,0.08826979409059464,0.08826979409059464,296.0,False
2,feature_444,True,-0.10277861750048128,0.10277861750048128,270.0,False
2,feature_445,True,0.04869415666355619,0.04869415666355619,356.0,False
2,feature_446,True,0.24036930565598327,0.24036930565598327,138.0,False
2,feature_447,True,0.05579748411700605,0.05579748411700605,346.0,False
2,feature_448,True,-0.12917992129311995,0.12917992129311995,244.0,False
2,feature_449,False,,,,False
2,feature_450,False,,,,False
2,feature_451,False,,,,False
2,feature_452,True,0.1587954815623649,0.1587954815623649,208.0,False
2,feature_453,True,-0.29069177907642335,0.29069177907642335,110.0,False
2,feature_454,True,0.018271830926271562,0.018271830926271562,410.0,False
2,feature_455,True,-0.043319525750187195,0.043319525750187195,365.0,False
2,feature_456,True,-0.3764874296822875,0.3764874296822875,61.0,False
2,feature_457,True,0.16044011445918493,0.16044011445918493,206.0,False
2,feature_458,False,,,,False
2,feature_459,True,0.1632308793900392,0.1632308793900392,204.0,False
2,feature_460,True,0.13732428050877954,0.13732428050877954,231.0,False
2,feature_461,False,,,,False
2,feature_462,False,,,,False
2,feature_463,False,,,,False
2,feature_464,False,,,,False
2,feature_465,False,,,,False
2,feature_466,False,,,,False
2,feature_467,True,0.11257055578541907,0.11257055578541907,261.0,False
2,feature_468,True,-0.05423410414046063,0.05423410414046063,347.0,False
2,feature_469,True,0.3825111277822232,0.3825111277822232,60.0,False
2,feature_470,True,-0.09408980532817661,0.09408980532817661,287.0,False
2,feature_471,True,-0.4723567290396263,0.4723567290396263,28.0,False
2,feature_472,True,-0.04664198372702731,0.04664198372702731,362.0,False
2,feature_473,True,0.3605960678451844,0.3605960678451844,68.0,False
2,feature_474,True,0.4185165618868856,0.4185165618868856,45.0,False
2,feature_475,True,-0.02221070700706625,0.02221070700706625,401.0,False
2,feature_476,True,-0.4083770072378095,0.4083770072378095,47.0,False
2,feature_477,True,0.3533941656187698,0.3533941656187698,72.0,False
2,feature_478,False,,,,False
2,feature_479,True,0.06643162070088914,0.06643162070088914,335.0,False
2,feature_480,True,0.09462181832320044,0.09462181832320044,286.0,False
2,feature_481,False,,,,False
2,feature_482,True,-0.07010401350679797,0.07010401350679797,329.0,False
2,feature_483,True,-0.23877042520517666,0.23877042520517666,140.0,False
2,feature_484,True,-0.20924181419374693,0.20924181419374693,165.0,False
2,feature_485,True,-0.3498175687600435,0.3498175687600435,74.0,False
2,feature_486,True,0.26955570384876304,0.26955570384876304,122.0,False
2,feature_487,True,-0.4355381490950947,0.4355381490950947,38.0,False
2,feature_488,True,-0.3402088036675802,0.3402088036675802,81.0,False
2,feature_489,True,-0.2091304961471729,0.2091304961471729,166.0,False
2,feature_490,True,-0.11711402156818713,0.11711402156818713,256.0,False
2,feature_491,True,0.0576951999126643,0.0576951999126643,343.0,False
2,feature_492,False,,,,False
2,feature_493,True,-0.12820546754717982,0.12820546754717982,246.0,False
2,feature_494,True,-0.1318309786010245,0.1318309786010245,238.0,False
2,feature_495,True,-0.10144214234918084,0.10144214234918084,272.0,False
2,feature_496,True,-0.03550495142132957,0.03550495142132957,375.0,False
2,feature_497,True,-0.32757104518931196,0.32757104518931196,86.0,False
2,feature_498,False,,,,False
2,feature_499,True,-0.14707299549576394,0.14707299549576394,217.0,False
2,feature_500,True,0.021539924315428303,0.021539924315428303,403.0,False
2,feature_501,False,,,,False
2,feature_502,False,,,,False
2,feature_503,False,,,,False
2,feature_504,False,,,,False
2,feature_505,False,,,,False
2,feature_506,False,,,,False
2,feature_507,False,,,,False
2,feature_508,False,,,,False
2,feature_509,False,,,,False
2,feature_510,True,-0.008737849235425756,0.008737849235425756,431.0,False
2,feature_511,True,-0.0051751221425499,0.0051751221425499,441.0,False
2,feature_512,False,,,,False
2,feature_513,False,,,,False
2,feature_514,False,,,,False
2,feature_515,False,,,,False
2,feature_516,False,,,,False
2,feature_517,False,,,,False
2,feature_518,False,,,,False
2,feature_519,True,0.0986342269961029,0.0986342269961029,277.0,False
2,feature_520,True,-0.31603340335408237,0.31603340335408237,94.0,False
2,feature_521,True,0.23287984033445186,0.23287984033445186,145.0,False
2,feature_522,True,0.27028214323370525,0.27028214323370525,121.0,False
2,feature_523,True,-0.18570476928157661,0.18570476928157661,183.0,False
2,feature_524,True,0.20414609873173717,0.20414609873173717,167.0,False
2,feature_525,True,-0.033426783738799405,0.033426783738799405,381.0,False
2,feature_526,True,0.19991144545238573,0.19991144545238573,170.0,False
2,feature_527,True,-0.05907331314855361,0.05907331314855361,341.0,False
2,feature_528,False,,,,False
2,feature_529,False,,,,False
2,feature_530,False,,,,False
2,feature_531,False,,,,False
2,feature_532,False,,,,False
2,feature_533,False,,,,False
2,feature_534,False,,,,False
2,feature_535,False,,,,False
2,feature_536,False,,,,False
2,feature_537,False,,,,False
2,feature_538,False,,,,False
2,feature_539,True,-0.06213472814217723,0.06213472814217723,339.0,False
2,feature_540,True,-0.17604229902024746,0.17604229902024746,193.0,False
2,feature_541,True,0.5474864621212022,0.5474864621212022,18.0,True
2,feature_542,True,0.011981100459935355,0.011981100459935355,424.0,False
2,feature_543,True,-0.011981100460020011,0.011981100460020011,423.0,False
2,feature_544,True,-0.011981100460241144,0.011981100460241144,421.0,False
2,feature_545,True,-0.011981100460192129,0.011981100460192129,422.0,False
2,feature_546,True,0.15963605985444443,0.15963605985444443,207.0,False
2,feature_547,True,0.08141077484825891,0.08141077484825891,303.0,False
2,feature_548,True,0.131158565798063,0.131158565798063,239.0,False
2,feature_549,True,0.033615786943873315,0.033615786943873315,379.0,False
2,feature_550,True,-0.07726685427190963,0.07726685427190963,309.0,False
2,feature_551,True,0.07627227936300432,0.07627227936300432,312.0,False
2,feature_552,True,0.021484251294148875,0.021484251294148875,404.0,False
2,feature_553,True,-0.13096615962291727,0.13096615962291727,240.0,False
2,feature_554,True,0.1276262814655288,0.1276262814655288,247.0,False
2,feature_555,True,0.23086172536792138,0.23086172536792138,146.0,False
2,feature_556,True,-0.057665360607074265,0.057665360607074265,344.0,False
2,feature_557,True,0.08263326957910222,0.08263326957910222,301.0,False
2,feature_558,True,0.2441501674723194,0.2441501674723194,132.0,False
2,feature_559,True,-0.0046845479494546155,0.0046845479494546155,444.0,False
2,feature_560,True,-0.12992752185482054,0.12992752185482054,242.0,False
2,feature_561,True,0.0313133552912026,0.0313133552912026,387.0,False
2,feature_562,True,-0.6673633036702994,0.6673633036702994,9.0,True
2,feature_563,True,-0.21947786589587515,0.21947786589587515,154.0,False
2,feature_564,True,0.1374961738955042,0.1374961738955042,230.0,False
2,feature_565,True,-0.08424680418619573,0.08424680418619573,299.0,False
2,feature_566,True,-0.358875443757965,0.358875443757965,69.0,False
2,feature_567,True,-0.03252914278537611,0.03252914278537611,383.0,False
2,feature_568,True,0.201371442301397,0.201371442301397,169.0,False
2,feature_569,True,-0.14241758368056598,0.14241758368056598,224.0,False
2,feature_570,True,0.12566065192794557,0.12566065192794557,250.0,False
2,feature_571,True,-0.21295186150725504,0.21295186150725504,161.0,False
2,feature_572,True,0.07593514630522685,0.07593514630522685,314.0,False
2,feature_573,True,-0.2144061506828683,0.2144061506828683,159.0,False
2,feature_574,True,-0.006631233832161089,0.006631233832161089,438.0,False
2,feature_575,True,-0.0003045487453828933,0.0003045487453828933,451.0,False
2,feature_576,True,0.1740340121957147,0.1740340121957147,196.0,False
2,feature_577,True,-0.23654456423722808,0.23654456423722808,141.0,False
2,feature_578,True,0.0001456013683398799,0.0001456013683398799,452.0,False
2,feature_579,True,-0.07067511066152966,0.07067511066152966,327.0,False
2,feature_580,True,0.08382852316195394,0.08382852316195394,300.0,False
2,feature_581,True,-0.08051126409573127,0.08051126409573127,305.0,False
2,feature_582,True,-0.2923336086135631,0.2923336086135631,109.0,False
2,feature_583,True,0.031603693103083995,0.031603693103083995,386.0,False
2,feature_584,True,0.02050520906156638,0.02050520906156638,407.0,False
2,feature_585,True,0.004613269932162173,0.004613269932162173,445.0,False
2,feature_586,True,0.17561753443902486,0.17561753443902486,194.0,False
2,feature_587,True,0.12864750882127232,0.12864750882127232,245.0,False
2,feature_588,True,0.5312183119692362,0.5312183119692362,19.0,True
2,feature_589,True,0.16411092733783883,0.16411092733783883,203.0,False
3,feature_000,True,-0.8692275836885272,0.8692275836885272,2.0,True
3,feature_001,True,-0.21333220508599,0.21333220508599,194.0,False
3,feature_002,True,-0.03446547867642987,0.03446547867642987,423.0,False
3,feature_003,True,0.1967154439849116,0.1967154439849116,213.0,False
3,feature_004,True,-0.19094415262926598,0.19094415262926598,219.0,False
3,feature_005,False,,,,False
3,feature_006,True,-0.12991586156622895,0.12991586156622895,284.0,False
3,feature_007,True,-0.3373802244350874,0.3373802244350874,116.0,False
3,feature_008,True,-0.6884755583269664,0.6884755583269664,10.0,True
3,feature_009,True,-0.31795687323692,0.31795687323692,126.0,False
3,feature_010,True,-0.00994274071820321,0.00994274071820321,449.0,False
3,feature_011,True,-0.3147092067142891,0.3147092067142891,128.0,False
3,feature_012,True,0.03348399234898166,0.03348399234898166,425.0,False
3,feature_013,False,,,,False
3,feature_014,True,-0.37273344818503407,0.37273344818503407,103.0,False
3,feature_015,True,-0.2775527434504088,0.2775527434504088,152.0,False
3,feature_016,True,0.02411280377196377,0.02411280377196377,434.0,False
3,feature_017,True,0.19776083926077354,0.19776083926077354,212.0,False
3,feature_018,True,0.015030629566160527,0.015030629566160527,442.0,False
3,feature_019,True,0.05625069315630876,0.05625069315630876,387.0,False
3,feature_020,True,0.5750744146322678,0.5750744146322678,29.0,False
3,feature_021,True,0.6111751783715541,0.6111751783715541,21.0,False
3,feature_022,True,-0.43006159253910353,0.43006159253910353,75.0,False
3,feature_023,True,-0.08470809669696755,0.08470809669696755,341.0,False
3,feature_024,True,-0.2710939020982922,0.2710939020982922,154.0,False
3,feature_025,True,0.24603042744559847,0.24603042744559847,175.0,False
3,feature_026,True,0.0744533691150286,0.0744533691150286,362.0,False
3,feature_027,True,0.2948437932364799,0.2948437932364799,141.0,False
3,feature_028,True,0.08371280260765468,0.08371280260765468,343.0,False
3,feature_029,True,0.06788191828618638,0.06788191828618638,372.0,False
3,feature_030,True,0.007538457345679396,0.007538457345679396,453.0,False
3,feature_031,True,-0.058959652576364735,0.058959652576364735,383.0,False
3,feature_032,True,-0.3970439324827533,0.3970439324827533,88.0,False
3,feature_033,True,0.24811822729357774,0.24811822729357774,172.0,False
3,feature_034,True,-0.2525631065461691,0.2525631065461691,166.0,False
3,feature_035,True,-0.2553684146353536,0.2553684146353536,162.0,False
3,feature_036,True,0.25258626488465197,0.25258626488465197,165.0,False
3,feature_037,True,0.06859321638551025,0.06859321638551025,370.0,False
3,feature_038,True,-0.43408826880417545,0.43408826880417545,73.0,False
3,feature_039,True,0.43518338473608265,0.43518338473608265,71.0,False
3,feature_040,True,-0.08275352007233253,0.08275352007233253,345.0,False
3,feature_041,True,-0.2701541767582713,0.2701541767582713,155.0,False
3,feature_042,False,,,,False
3,feature_043,True,-0.04415714688945039,0.04415714688945039,408.0,False
3,feature_044,True,-0.031180242926141254,0.031180242926141254,427.0,False
3,feature_045,True,0.3313625170734629,0.3313625170734629,118.0,False
3,feature_046,True,0.325460614514394,0.325460614514394,123.0,False
3,feature_047,True,0.6458132909032179,0.6458132909032179,16.0,True
3,feature_048,True,-0.3826736137998245,0.3826736137998245,95.0,False
3,feature_049,False,,,,False
3,feature_050,True,0.08453387509758041,0.08453387509758041,342.0,False
3,feature_051,True,-0.2671045994138417,0.2671045994138417,156.0,False
3,feature_052,False,,,,False
3,feature_053,True,-0.37430732239093706,0.37430732239093706,100.0,False
3,feature_054,True,-0.2007084350486319,0.2007084350486319,208.0,False
3,feature_055,True,0.48159533156428125,0.48159533156428125,52.0,False
3,feature_056,True,0.8987747900083639,0.8987747900083639,1.0,True
3,feature_057,True,-0.16477889303672083,0.16477889303672083,244.0,False
3,feature_058,True,0.1946521278857581,0.1946521278857581,214.0,False
3,feature_059,True,0.7069069473546844,0.7069069473546844,8.0,True
3,feature_060,True,0.6839323388493512,0.6839323388493512,12.0,True
3,feature_061,True,0.40277452126964797,0.40277452126964797,85.0,False
3,feature_062,True,-0.4733523532804163,0.4733523532804163,57.0,False
3,feature_063,True,-0.1883547030044476,0.1883547030044476,223.0,False
3,feature_064,True,0.5855236837763317,0.5855236837763317,25.0,False
3,feature_065,True,0.03269008059811821,0.03269008059811821,426.0,False
3,feature_066,True,0.18415451632462765,0.18415451632462765,229.0,False
3,feature_067,True,-0.49265437866703776,0.49265437866703776,46.0,False
3,feature_068,True,-0.219287352106949,0.219287352106949,193.0,False
3,feature_069,False,,,,False
3,feature_070,True,-0.22493755137436205,0.22493755137436205,189.0,False
3,feature_071,True,0.18157901338131763,0.18157901338131763,233.0,False
3,feature_072,True,0.20782351791687056,0.20782351791687056,204.0,False
3,feature_073,True,0.06694034116229032,0.06694034116229032,375.0,False
3,feature_074,False,,,,False
3,feature_075,True,0.5921674615579022,0.5921674615579022,23.0,False
3,feature_076,True,-0.28844181968174487,0.28844181968174487,147.0,False
3,feature_077,True,0.18807286775219037,0.18807286775219037,224.0,False
3,feature_078,True,-0.6758735701275983,0.6758735701275983,14.0,True
3,feature_079,True,-0.3039689910125398,0.3039689910125398,133.0,False
3,feature_080,True,-0.24800855422127271,0.24800855422127271,173.0,False
3,feature_081,True,0.3942731839316216,0.3942731839316216,90.0,False
3,feature_082,True,0.09620110047878293,0.09620110047878293,320.0,False
3,feature_083,True,-0.38847074606072757,0.38847074606072757,91.0,False
3,feature_084,True,0.10552103491267831,0.10552103491267831,306.0,False
3,feature_085,True,-0.4754750341757974,0.4754750341757974,55.0,False
3,feature_086,True,0.3815383662586504,0.3815383662586504,97.0,False
3,feature_087,True,-0.43857392601381245,0.43857392601381245,70.0,False
3,feature_088,True,-0.07441295802967827,0.07441295802967827,363.0,False
3,feature_089,True,0.5479739517522838,0.5479739517522838,33.0,False
3,feature_090,True,-0.3741482742548548,0.3741482742548548,101.0,False
3,feature_091,True,-0.3517041887254351,0.3517041887254351,110.0,False
3,feature_092,True,0.04074803390161274,0.04074803390161274,414.0,False
3,feature_093,True,-0.021059660898280298,0.021059660898280298,436.0,False
3,feature_094,True,-0.208175936796456,0.208175936796456,201.0,False
3,feature_095,True,0.01614939784043441,0.01614939784043441,439.0,False
3,feature_096,True,0.06302248068562587,0.06302248068562587,382.0,False
3,feature_097,False,,,,False
3,feature_098,True,-0.08004872670637034,0.08004872670637034,351.0,False
3,feature_099,True,0.07965640596106609,0.07965640596106609,354.0,False
3,feature_100,True,-0.3816843769413799,0.3816843769413799,96.0,False
3,feature_101,True,-0.37707441534451464,0.37707441534451464,99.0,False
3,feature_102,True,-0.11056087512300293,0.11056087512300293,302.0,False
3,feature_103,True,0.38631991657025333,0.38631991657025333,93.0,False
3,feature_104,True,-0.32980456655515894,0.32980456655515894,120.0,False
3,feature_105,True,-0.10338578994898448,0.10338578994898448,310.0,False
3,feature_106,True,-0.20976602778217052,0.20976602778217052,197.0,False
3,feature_107,True,0.19155346261345438,0.19155346261345438,218.0,False
3,feature_108,True,-0.4898279394263947,0.4898279394263947,47.0,False
3,feature_109,True,-0.5761367475589437,0.5761367475589437,28.0,False
3,feature_110,True,-0.10789846359592115,0.10789846359592115,304.0,False
3,feature_111,True,-0.10439015169596266,0.10439015169596266,308.0,False
3,feature_112,True,-0.013346505645807952,0.013346505645807952,446.0,False
3,feature_113,True,0.6104290474957804,0.6104290474957804,22.0,False
3,feature_114,True,-0.04762155353348664,0.04762155353348664,397.0,False
3,feature_115,True,-0.25084750920948706,0.25084750920948706,167.0,False
3,feature_116,True,0.34528926326214654,0.34528926326214654,112.0,False
3,feature_117,True,-0.30504844704793116,0.30504844704793116,131.0,False
3,feature_118,True,0.0799931221194964,0.0799931221194964,352.0,False
3,feature_119,True,0.07792844739472041,0.07792844739472041,357.0,False
3,feature_120,True,0.1255123610376954,0.1255123610376954,286.0,False
3,feature_121,True,0.23976781249603782,0.23976781249603782,182.0,False
3,feature_122,True,-0.12300608591249466,0.12300608591249466,287.0,False
3,feature_123,True,0.16840725785317281,0.16840725785317281,240.0,False
3,feature_124,True,-0.3642044733435295,0.3642044733435295,108.0,False
3,feature_125,True,0.11139417419390912,0.11139417419390912,300.0,False
3,feature_126,True,0.09900671555409886,0.09900671555409886,314.0,False
3,feature_127,True,-0.4321928889163436,0.4321928889163436,74.0,False
3,feature_128,True,-0.18968950529099238,0.18968950529099238,222.0,False
3,feature_129,True,0.19331122644099286,0.19331122644099286,216.0,False
3,feature_130,True,-0.5518835428181948,0.5518835428181948,31.0,False
3,feature_131,True,0.4204387249774084,0.4204387249774084,80.0,False
3,feature_132,True,-0.046143118923374915,0.046143118923374915,402.0,False
3,feature_133,True,0.4100067453836813,0.4100067453836813,83.0,False
3,feature_134,True,0.33882396639092643,0.33882396639092643,115.0,False
3,feature_135,True,-0.08094051507905357,0.08094051507905357,347.0,False
3,feature_136,True,-0.08319270052496247,0.08319270052496247,344.0,False
3,feature_137,True,0.06707665831198742,0.06707665831198742,374.0,False
3,feature_138,True,0.23990585288251048,0.23990585288251048,181.0,False
3,feature_139,True,0.04667303474042998,0.04667303474042998,400.0,False
3,feature_140,True,0.024340902113169072,0.024340902113169072,433.0,False
3,feature_141,False,,,,False
3,feature_142,True,-0.3043273469553964,0.3043273469553964,132.0,False
3,feature_143,True,-0.15293039750810547,0.15293039750810547,261.0,False
3,feature_144,True,-0.11560973243392635,0.11560973243392635,297.0,False
3,feature_145,True,-0.5091431981206923,0.5091431981206923,42.0,False
3,feature_146,True,0.163004541218609,0.163004541218609,248.0,False
3,feature_147,True,0.159112266849947,0.159112266849947,251.0,False
3,feature_148,True,-0.01950133988582518,0.01950133988582518,437.0,False
3,feature_149,False,,,,False
3,feature_150,True,0.33655115401041824,0.33655115401041824,117.0,False
3,feature_151,True,0.0005684425139815769,0.0005684425139815769,466.0,False
3,feature_152,True,-0.05565645214049529,0.05565645214049529,389.0,False
3,feature_153,True,-0.12069562728080246,0.12069562728080246,291.0,False
3,feature_154,True,-0.04363354432004918,0.04363354432004918,409.0,False
3,feature_155,True,-0.3835699167220468,0.3835699167220468,94.0,False
3,feature_156,True,-0.12163557330165702,0.12163557330165702,289.0,False
3,feature_157,True,-0.43417511760387995,0.43417511760387995,72.0,False
3,feature_158,True,0.21002409732498237,0.21002409732498237,196.0,False
3,feature_159,True,0.11028233361247279,0.11028233361247279,303.0,False
3,feature_160,True,0.28918507082846645,0.28918507082846645,146.0,False
3,feature_161,True,-0.3277297654111499,0.3277297654111499,122.0,False
3,feature_162,True,-0.2992047782405966,0.2992047782405966,139.0,False
3,feature_163,True,0.015062934324450574,0.015062934324450574,441.0,False
3,feature_164,True,-0.260171193786962,0.260171193786962,158.0,False
3,feature_165,True,-0.2961552871838173,0.2961552871838173,140.0,False
3,feature_166,True,-0.006965659035818784,0.006965659035818784,455.0,False
3,feature_167,True,-0.44713830161047813,0.44713830161047813,68.0,False
3,feature_168,True,0.3986888442935585,0.3986888442935585,87.0,False
3,feature_169,True,-0.019410788186220364,0.019410788186220364,438.0,False
3,feature_170,True,0.3867154588070091,0.3867154588070091,92.0,False
3,feature_171,True,0.13286212463715327,0.13286212463715327,279.0,False
3,feature_172,True,0.11570559447759375,0.11570559447759375,296.0,False
3,feature_173,True,-0.15902510824249344,0.15902510824249344,252.0,False
3,feature_174,True,0.11852381094980285,0.11852381094980285,292.0,False
3,feature_175,True,0.14167697585866287,0.14167697585866287,268.0,False
3,feature_176,True,-0.04297139073288249,0.04297139073288249,410.0,False
3,feature_177,True,-0.1523967316015924,0.1523967316015924,262.0,False
3,feature_178,False,,,,False
3,feature_179,False,,,,False
3,feature_180,True,0.1594310326528736,0.1594310326528736,250.0,False
3,feature_181,True,-0.18224139629831557,0.18224139629831557,232.0,False
3,feature_182,True,-0.15149056298772082,0.15149056298772082,263.0,False
3,feature_183,True,0.21061634344451702,0.21061634344451702,195.0,False
3,feature_184,True,0.03666851749526193,0.03666851749526193,420.0,False
3,feature_185,True,0.09123185265256424,0.09123185265256424,331.0,False
3,feature_186,False,,,,False
3,feature_187,True,0.08601977618267388,0.08601977618267388,339.0,False
3,feature_188,True,0.1057890385901316,0.1057890385901316,305.0,False
3,feature_189,False,,,,False
3,feature_190,False,,,,False
3,feature_191,False,,,,False
3,feature_192,False,,,,False
3,feature_193,False,,,,False
3,feature_194,False,,,,False
3,feature_195,True,0.1854717568870963,0.1854717568870963,226.0,False
3,feature_196,True,0.09222638463506885,0.09222638463506885,328.0,False
3,feature_197,True,0.623630606960228,0.623630606960228,19.0,True
3,feature_198,True,-0.029804233088758326,0.029804233088758326,430.0,False
3,feature_199,True,-0.2081693949212368,0.2081693949212368,202.0,False
3,feature_200,True,-0.11840371263487558,0.11840371263487558,293.0,False
3,feature_201,True,0.06713207674728079,0.06713207674728079,373.0,False
3,feature_202,True,-0.2533389614749035,0.2533389614749035,163.0,False
3,feature_203,True,0.29178615402596525,0.29178615402596525,143.0,False
3,feature_204,True,-0.3730305673665348,0.3730305673665348,102.0,False
3,feature_205,True,0.7783208742706733,0.7783208742706733,4.0,True
3,feature_206,False,,,,False
3,feature_207,True,-0.07197301631298138,0.07197301631298138,367.0,False
3,feature_208,True,0.038907075240747976,0.038907075240747976,417.0,False
3,feature_209,False,,,,False
3,feature_210,True,0.3673843980342472,0.3673843980342472,105.0,False
3,feature_211,True,0.041798545935217146,0.041798545935217146,413.0,False
3,feature_212,True,-0.04640330332672732,0.04640330332672732,401.0,False
3,feature_213,True,0.46401053711761675,0.46401053711761675,61.0,False
3,feature_214,True,-0.5567519217701294,0.5567519217701294,30.0,False
3,feature_215,True,0.03011989826120359,0.03011989826120359,429.0,False
3,feature_216,True,0.8672460176338623,0.8672460176338623,3.0,True
3,feature_217,True,0.07348899345008908,0.07348899345008908,365.0,False
3,feature_218,True,-0.31624493231717804,0.31624493231717804,127.0,False
3,feature_219,True,-0.09562808317868637,0.09562808317868637,322.0,False
3,feature_220,True,0.058433724490928096,0.058433724490928096,384.0,False
3,feature_221,True,-0.20841953140880126,0.20841953140880126,199.0,False
3,feature_222,True,-0.08058304562231297,0.08058304562231297,348.0,False
3,feature_223,True,-0.04295807048074493,0.04295807048074493,411.0,False
3,feature_224,True,-0.22834330000291236,0.22834330000291236,188.0,False
3,feature_225,True,-0.4516927049236107,0.4516927049236107,65.0,False
3,feature_226,False,,,,False
3,feature_227,True,0.009572815026193645,0.009572815026193645,450.0,False
3,feature_228,True,0.09140563875007585,0.09140563875007585,330.0,False
3,feature_229,False,,,,False
3,feature_230,False,,,,False
3,feature_231,False,,,,False
3,feature_232,False,,,,False
3,feature_233,False,,,,False
3,feature_234,False,,,,False
3,feature_235,False,,,,False
3,feature_236,False,,,,False
3,feature_237,False,,,,False
3,feature_238,True,-0.06792410177104873,0.06792410177104873,371.0,False
3,feature_239,True,0.04898305891479136,0.04898305891479136,395.0,False
3,feature_240,False,,,,False
3,feature_241,False,,,,False
3,feature_242,False,,,,False
3,feature_243,False,,,,False
3,feature_244,True,-0.07757872694793362,0.07757872694793362,358.0,False
3,feature_245,True,-0.15732677028751912,0.15732677028751912,257.0,False
3,feature_246,True,0.302050825659529,0.302050825659529,136.0,False
3,feature_247,True,0.15842648728808525,0.15842648728808525,254.0,False
3,feature_248,True,-0.32826975187319823,0.32826975187319823,121.0,False
3,feature_249,True,0.7094162638101027,0.7094162638101027,7.0,True
3,feature_250,True,0.29205954964474684,0.29205954964474684,142.0,False
3,feature_251,True,-0.47862542598198166,0.47862542598198166,54.0,False
3,feature_252,True,0.2292178556258884,0.2292178556258884,187.0,False
3,feature_253,True,0.004360559294965897,0.004360559294965897,460.0,False
3,feature_254,True,0.2007257477568954,0.2007257477568954,207.0,False
3,feature_255,True,-0.07693490787353395,0.07693490787353395,359.0,False
3,feature_256,False,,,,False
3,feature_257,False,,,,False
3,feature_258,False,,,,False
3,feature_259,False,,,,False
3,feature_260,False,,,,False
3,feature_261,False,,,,False
3,feature_262,False,,,,False
3,feature_263,False,,,,False
3,feature_264,False,,,,False
3,feature_265,False,,,,False
3,feature_266,False,,,,False
3,feature_267,True,0.05619752527045467,0.05619752527045467,388.0,False
3,feature_268,True,-0.1653123755304004,0.1653123755304004,242.0,False
3,feature_269,True,0.48693061401131654,0.48693061401131654,51.0,False
3,feature_270,True,-0.451558472371276,0.451558472371276,66.0,False
3,feature_271,True,0.310812082027972,0.310812082027972,130.0,False
3,feature_272,True,-0.2037406795057301,0.2037406795057301,205.0,False
3,feature_273,True,-0.007051419724394564,0.007051419724394564,454.0,False
3,feature_274,True,0.09322535920598526,0.09322535920598526,326.0,False
3,feature_275,True,0.45369214901649857,0.45369214901649857,64.0,False
3,feature_276,False,,,,False
3,feature_277,True,0.5802314172254157,0.5802314172254157,27.0,False
3,feature_278,True,-0.045244200387318904,0.045244200387318904,403.0,False
3,feature_279,True,-0.3213004526558177,0.3213004526558177,125.0,False
3,feature_280,True,-0.7720114450552938,0.7720114450552938,5.0,True
3,feature_281,True,-0.11628461933906063,0.11628461933906063,295.0,False
3,feature_282,True,0.20848419695117557,0.20848419695117557,198.0,False
3,feature_283,True,-0.009285960302273605,0.009285960302273605,451.0,False
3,feature_284,False,,,,False
3,feature_285,True,-0.09036316306454534,0.09036316306454534,332.0,False
3,feature_286,True,0.1174205557229958,0.1174205557229958,294.0,False
3,feature_287,True,-0.06499173744921424,0.06499173744921424,380.0,False
3,feature_288,True,0.03854369384652234,0.03854369384652234,418.0,False
3,feature_289,True,0.012610824835898017,0.012610824835898017,447.0,False
3,feature_290,True,0.14559537579480258,0.14559537579480258,266.0,False
3,feature_291,True,-0.04198104611508093,0.04198104611508093,412.0,False
3,feature_292,True,-0.542643668282227,0.542643668282227,36.0,False
3,feature_293,True,-0.0756844200131674,0.0756844200131674,361.0,False
3,feature_294,True,0.05358309863479277,0.05358309863479277,391.0,False
3,feature_295,True,0.3309456634223247,0.3309456634223247,119.0,False
3,feature_296,True,-0.1936291082088447,0.1936291082088447,215.0,False
3,feature_297,True,-0.09664405756132165,0.09664405756132165,319.0,False
3,feature_298,True,-0.16323771271664989,0.16323771271664989,247.0,False
3,feature_299,True,-0.23964073115353046,0.23964073115353046,184.0,False
3,feature_300,True,-0.24982632053288045,0.24982632053288045,170.0,False
3,feature_301,True,0.4241494975788293,0.4241494975788293,78.0,False
3,feature_302,True,0.36988621450279435,0.36988621450279435,104.0,False
3,feature_303,True,0.539600382891077,0.539600382891077,37.0,False
3,feature_304,True,-0.18679582891873805,0.18679582891873805,225.0,False
3,feature_305,True,-0.7094991561041158,0.7094991561041158,6.0,True
3,feature_306,True,0.08797647561915789,0.08797647561915789,335.0,False
3,feature_307,True,0.243162738567948,0.243162738567948,178.0,False
3,feature_308,True,-0.14920643890201116,0.14920643890201116,264.0,False
3,feature_309,True,0.24449274239732857,0.24449274239732857,177.0,False
3,feature_310,True,0.04458705492813233,0.04458705492813233,405.0,False
3,feature_311,True,-0.09851063046060816,0.09851063046060816,316.0,False
3,feature_312,True,-0.044315079910478374,0.044315079910478374,406.0,False
3,feature_313,False,,,,False
3,feature_314,False,,,,False
3,feature_315,False,,,,False
3,feature_316,True,-0.20147775157984105,0.20147775157984105,206.0,False
3,feature_317,True,-0.22982272693514,0.22982272693514,186.0,False
3,feature_318,True,-0.07369658769918105,0.07369658769918105,364.0,False
3,feature_319,True,0.3401397611027261,0.3401397611027261,114.0,False
3,feature_320,True,0.06551595395502317,0.06551595395502317,379.0,False
3,feature_321,True,-0.0702643477073644,0.0702643477073644,368.0,False
3,feature_322,False,,,,False
3,feature_323,True,-0.06640318406108352,0.06640318406108352,376.0,False
3,feature_324,True,-0.1387062593210373,0.1387062593210373,273.0,False
3,feature_325,False,,,,False
3,feature_326,False,,,,False
3,feature_327,False,,,,False
3,feature_328,False,,,,False
3,feature_329,False,,,,False
3,feature_330,False,,,,False
3,feature_331,True,0.2502672850187784,0.2502672850187784,169.0,False
3,feature_332,True,-0.28815188125884056,0.28815188125884056,148.0,False
3,feature_333,True,0.6209345782856259,0.6209345782856259,20.0,True
3,feature_334,True,-0.15697126897523958,0.15697126897523958,259.0,False
3,feature_335,True,-0.46783749629296223,0.46783749629296223,59.0,False
3,feature_336,True,0.008568993185538032,0.008568993185538032,452.0,False
3,feature_337,True,0.028679541993854172,0.028679541993854172,431.0,False
3,feature_338,True,-0.5852352757387547,0.5852352757387547,26.0,False
3,feature_339,True,-0.06892753317743078,0.06892753317743078,369.0,False
3,feature_340,True,-0.34915730348164675,0.34915730348164675,111.0,False
3,feature_341,True,0.45827981449620747,0.45827981449620747,63.0,False
3,feature_342,False,,,,False
3,feature_343,True,-0.16439238900541944,0.16439238900541944,245.0,False
3,feature_344,True,-0.4651731106547224,0.4651731106547224,60.0,False
3,feature_345,True,0.07934855323145516,0.07934855323145516,355.0,False
3,feature_346,True,0.2481980327058594,0.2481980327058594,171.0,False
3,feature_347,False,,,,False
3,feature_348,True,0.29158582389287463,0.29158582389287463,144.0,False
3,feature_349,True,0.3409932216775414,0.3409932216775414,113.0,False
3,feature_350,True,-0.23492447201593677,0.23492447201593677,185.0,False
3,feature_351,True,0.17014254185208894,0.17014254185208894,239.0,False
3,feature_352,True,-0.4734058310190066,0.4734058310190066,56.0,False
3,feature_353,True,-0.1004630197805672,0.1004630197805672,312.0,False
3,feature_354,True,-0.42875779968179406,0.42875779968179406,76.0,False
3,feature_355,True,-0.16759510354631504,0.16759510354631504,241.0,False
3,feature_356,True,0.013761853087391224,0.013761853087391224,445.0,False
3,feature_357,True,-0.17644571702044165,0.17644571702044165,235.0,False
3,feature_358,True,0.5067061895404132,0.5067061895404132,43.0,False
3,feature_359,True,0.03661869259895123,0.03661869259895123,421.0,False
3,feature_360,True,-0.09805029079569916,0.09805029079569916,317.0,False
3,feature_361,True,0.09470318011202013,0.09470318011202013,324.0,False
3,feature_362,True,0.015372485722010533,0.015372485722010533,440.0,False
3,feature_363,True,-0.6842951045300943,0.6842951045300943,11.0,True
3,feature_364,False,,,,False
3,feature_365,True,0.5871005343508922,0.5871005343508922,24.0,False
3,feature_366,True,-0.3599523428839741,0.3599523428839741,109.0,False
3,feature_367,True,-0.18281216760658442,0.18281216760658442,230.0,False
3,feature_368,True,-0.2650679363976277,0.2650679363976277,157.0,False
3,feature_369,False,,,,False
3,feature_370,False,,,,False
3,feature_371,False,,,,False
3,feature_372,False,,,,False
3,feature_373,False,,,,False
3,feature_374,False,,,,False
3,feature_375,False,,,,False
3,feature_376,True,-0.00013153693971265645,0.00013153693971265645,467.0,False
3,feature_377,True,0.2790311696962937,0.2790311696962937,150.0,False
3,feature_378,False,,,,False
3,feature_379,False,,,,False
3,feature_380,False,,,,False
3,feature_381,False,,,,False
3,feature_382,True,0.19938270602859434,0.19938270602859434,210.0,False
3,feature_383,True,-0.0802065130594473,0.0802065130594473,350.0,False
3,feature_384,True,-3.5097558717676447e-05,3.5097558717676447e-05,468.0,False
3,feature_385,True,-0.1348953574097002,0.1348953574097002,276.0,False
3,feature_386,True,-0.36561322933552476,0.36561322933552476,107.0,False
3,feature_387,True,0.665333386681634,0.665333386681634,15.0,True
3,feature_388,True,0.5437475127605403,0.5437475127605403,35.0,False
3,feature_389,True,-0.46853995399733916,0.46853995399733916,58.0,False
3,feature_390,True,-0.30188656528652946,0.30188656528652946,137.0,False
3,feature_391,True,0.012426876582077964,0.012426876582077964,448.0,False
3,feature_392,True,0.09792074106346081,0.09792074106346081,318.0,False
3,feature_393,True,0.2006917195511787,0.2006917195511787,209.0,False
3,feature_394,False,,,,False
3,feature_395,False,,,,False
3,feature_396,False,,,,False
3,feature_397,False,,,,False
3,feature_398,False,,,,False
3,feature_399,False,,,,False
3,feature_400,False,,,,False
3,feature_401,False,,,,False
3,feature_402,False,,,,False
3,feature_403,False,,,,False
3,feature_404,False,,,,False
3,feature_405,True,0.0944055286976148,0.0944055286976148,325.0,False
3,feature_406,True,0.25051414507071995,0.25051414507071995,168.0,False
3,feature_407,True,-0.6824037848098887,0.6824037848098887,13.0,True
3,feature_408,True,-0.13287078924357223,0.13287078924357223,278.0,False
3,feature_409,True,-0.0811145713414751,0.0811145713414751,346.0,False
3,feature_410,True,0.09959961450519533,0.09959961450519533,313.0,False
3,feature_411,True,0.19166433389637424,0.19166433389637424,217.0,False
3,feature_412,True,-0.2397582882875411,0.2397582882875411,183.0,False
3,feature_413,True,-0.13107300902598712,0.13107300902598712,282.0,False
3,feature_414,False,,,,False
3,feature_415,True,-0.25820529902526457,0.25820529902526457,160.0,False
3,feature_416,True,-0.10323237917805424,0.10323237917805424,311.0,False
3,feature_417,True,-0.12072271647382415,0.12072271647382415,290.0,False
3,feature_418,True,-0.09525534425803822,0.09525534425803822,323.0,False
3,feature_419,True,0.18507239797387898,0.18507239797387898,227.0,False
3,feature_420,True,0.13350427380485685,0.13350427380485685,277.0,False
3,feature_421,True,-0.013781950875266588,0.013781950875266588,444.0,False
3,feature_422,False,,,,False
3,feature_423,True,0.39565692610136866,0.39565692610136866,89.0,False
3,feature_424,True,-0.005270234745255914,0.005270234745255914,458.0,False
3,feature_425,True,-0.05779845493351649,0.05779845493351649,385.0,False
3,feature_426,True,-0.17038917126168102,0.17038917126168102,238.0,False
3,feature_427,True,-0.05134799109216965,0.05134799109216965,392.0,False
3,feature_428,True,-0.28947677223671725,0.28947677223671725,145.0,False
3,feature_429,True,-0.08021019207461239,0.08021019207461239,349.0,False
3,feature_430,True,0.19053950990687782,0.19053950990687782,221.0,False
3,feature_431,True,0.31284307649982446,0.31284307649982446,129.0,False
3,feature_432,True,-0.1649817347816895,0.1649817347816895,243.0,False
3,feature_433,True,-0.5472266161587632,0.5472266161587632,34.0,False
3,feature_434,True,0.04424654840507501,0.04424654840507501,407.0,False
3,feature_435,True,0.0036511132607713213,0.0036511132607713213,461.0,False
3,feature_436,True,-0.03106943818393337,0.03106943818393337,428.0,False
3,feature_437,True,0.11138077290966224,0.11138077290966224,301.0,False
3,feature_438,True,-0.4066567958275829,0.4066567958275829,84.0,False
3,feature_439,True,-0.2718536732631036,0.2718536732631036,153.0,False
3,feature_440,True,0.05095974160730165,0.05095974160730165,393.0,False
3,feature_441,True,0.4255617951514633,0.4255617951514633,77.0,False
3,feature_442,True,-0.003245111145269841,0.003245111145269841,462.0,False
3,feature_443,True,0.1324671219868954,0.1324671219868954,280.0,False
3,feature_444,True,-0.11541933733961292,0.11541933733961292,298.0,False
3,feature_445,True,0.09249525524432446,0.09249525524432446,327.0,False
3,feature_446,True,0.14119144432014122,0.14119144432014122,270.0,False
3,feature_447,True,-0.025835507591325017,0.025835507591325017,432.0,False
3,feature_448,True,-0.1806209197915887,0.1806209197915887,234.0,False
3,feature_449,False,,,,False
3,feature_450,False,,,,False
3,feature_451,False,,,,False
3,feature_452,True,0.17561123482485708,0.17561123482485708,236.0,False
3,feature_453,True,-0.18227120208307138,0.18227120208307138,231.0,False
3,feature_454,True,-0.13670167233301747,0.13670167233301747,275.0,False
3,feature_455,True,0.2567710330453075,0.2567710330453075,161.0,False
3,feature_456,True,-0.1584683253336823,0.1584683253336823,253.0,False
3,feature_457,True,0.18479179017677883,0.18479179017677883,228.0,False
3,feature_458,False,,,,False
3,feature_459,True,0.1052173795003053,0.1052173795003053,307.0,False
3,feature_460,True,0.4883296491185329,0.4883296491185329,49.0,False
3,feature_461,False,,,,False
3,feature_462,False,,,,False
3,feature_463,False,,,,False
3,feature_464,False,,,,False
3,feature_465,False,,,,False
3,feature_466,False,,,,False
3,feature_467,True,0.20825896142192207,0.20825896142192207,200.0,False
3,feature_468,True,-0.006576306450564296,0.006576306450564296,456.0,False
3,feature_469,True,0.5098893338753911,0.5098893338753911,41.0,False
3,feature_470,True,-0.05737922743309602,0.05737922743309602,386.0,False
3,feature_471,True,0.17144976676850146,0.17144976676850146,237.0,False
3,feature_472,True,-0.014341972012023434,0.014341972012023434,443.0,False
3,feature_473,True,0.5486802642721158,0.5486802642721158,32.0,False
3,feature_474,True,0.527861791900349,0.527861791900349,39.0,False
3,feature_475,True,0.3667670477963525,0.3667670477963525,106.0,False
3,feature_476,True,-0.6406601099528554,0.6406601099528554,17.0,True
3,feature_477,True,0.48822401794189446,0.48822401794189446,50.0,False
3,feature_478,False,,,,False
3,feature_479,True,0.03557487087093773,0.03557487087093773,422.0,False
3,feature_480,True,0.10351060605039346,0.10351060605039346,309.0,False
3,feature_481,False,,,,False
3,feature_482,True,-0.0013986384300824376,0.0013986384300824376,464.0,False
3,feature_483,True,0.08586476562443117,0.08586476562443117,340.0,False
3,feature_484,True,-0.034386458969100954,0.034386458969100954,424.0,False
3,feature_485,True,-0.2527548926430208,0.2527548926430208,164.0,False
3,feature_486,True,0.489422878237155,0.489422878237155,48.0,False
3,feature_487,True,-0.21937758445702515,0.21937758445702515,191.0,False
3,feature_488,True,-0.5304780489812905,0.5304780489812905,38.0,False
3,feature_489,True,-0.0658070638756814,0.0658070638756814,377.0,False
3,feature_490,True,-0.15446463415861078,0.15446463415861078,260.0,False
3,feature_491,True,0.13038094016677934,0.13038094016677934,283.0,False
3,feature_492,True,0.04074290935836422,0.04074290935836422,415.0,False
3,feature_493,True,-0.24291456413220097,0.24291456413220097,180.0,False
3,feature_494,True,-0.14823185715211543,0.14823185715211543,265.0,False
3,feature_495,True,-0.12858830666510027,0.12858830666510027,285.0,False
3,feature_496,True,0.044872057208128646,0.044872057208128646,404.0,False
3,feature_497,True,-0.4808683052727662,0.4808683052727662,53.0,False
3,feature_498,False,,,,False
3,feature_499,True,-0.24773814812615383,0.24773814812615383,174.0,False
3,feature_500,True,0.41708300378768265,0.41708300378768265,82.0,False
3,feature_501,False,,,,False
3,feature_502,False,,,,False
3,feature_503,False,,,,False
3,feature_504,False,,,,False
3,feature_505,False,,,,False
3,feature_506,False,,,,False
3,feature_507,False,,,,False
3,feature_508,False,,,,False
3,feature_509,False,,,,False
3,feature_510,True,0.08887243396805866,0.08887243396805866,333.0,False
3,feature_511,True,0.08708774239951779,0.08708774239951779,337.0,False
3,feature_512,False,,,,False
3,feature_513,False,,,,False
3,feature_514,False,,,,False
3,feature_515,False,,,,False
3,feature_516,True,-0.08732689941217779,0.08732689941217779,336.0,False
3,feature_517,True,-0.16131311572797521,0.16131311572797521,249.0,False
3,feature_518,True,0.30319332787983766,0.30319332787983766,135.0,False
3,feature_519,True,0.0784264849750815,0.0784264849750815,356.0,False
3,feature_520,True,-0.3250132491126744,0.3250132491126744,124.0,False
3,feature_521,True,-0.00578838813340355,0.00578838813340355,457.0,False
3,feature_522,True,0.30393984467835944,0.30393984467835944,134.0,False
3,feature_523,True,-0.4639576836995883,0.4639576836995883,62.0,False
3,feature_524,True,0.1993342587974962,0.1993342587974962,211.0,False
3,feature_525,True,-0.004365301286780061,0.004365301286780061,459.0,False
3,feature_526,True,0.15713625736350847,0.15713625736350847,258.0,False
3,feature_527,True,-0.08828861852142014,0.08828861852142014,334.0,False
3,feature_528,False,,,,False
3,feature_529,False,,,,False
3,feature_530,False,,,,False
3,feature_531,False,,,,False
3,feature_532,False,,,,False
3,feature_533,False,,,,False
3,feature_534,False,,,,False
3,feature_535,False,,,,False
3,feature_536,False,,,,False
3,feature_537,False,,,,False
3,feature_538,False,,,,False
3,feature_539,True,-0.0011258302887468673,0.0011258302887468673,465.0,False
3,feature_540,True,-0.16324805162103118,0.16324805162103118,246.0,False
3,feature_541,True,0.4491654740967926,0.4491654740967926,67.0,False
3,feature_542,True,0.41973028923918093,0.41973028923918093,81.0,False
3,feature_543,True,-0.24598963980542946,0.24598963980542946,176.0,False
3,feature_544,True,0.6342577580453153,0.6342577580453153,18.0,True
3,feature_545,True,-0.29981747847740337,0.29981747847740337,138.0,False
3,feature_546,True,0.13753509503118788,0.13753509503118788,274.0,False
3,feature_547,True,0.5215639503164514,0.5215639503164514,40.0,False
3,feature_548,True,-0.07989304823835924,0.07989304823835924,353.0,False
3,feature_549,True,-0.21930338600715354,0.21930338600715354,192.0,False
3,feature_550,True,-0.08628847123555626,0.08628847123555626,338.0,False
3,feature_551,True,0.19076322607234109,0.19076322607234109,220.0,False
3,feature_552,True,-0.13125192395106305,0.13125192395106305,281.0,False
3,feature_553,True,-0.2224563764380309,0.2224563764380309,190.0,False
3,feature_554,True,0.2430965589185058,0.2430965589185058,179.0,False
3,feature_555,True,0.2815684255049127,0.2815684255049127,149.0,False
3,feature_556,True,-0.075878455494113,0.075878455494113,360.0,False
3,feature_557,True,0.20809932826693148,0.20809932826693148,203.0,False
3,feature_558,True,0.15838386398012985,0.15838386398012985,255.0,False
3,feature_559,True,-0.04814806063754063,0.04814806063754063,396.0,False
3,feature_560,True,-0.15774768290415883,0.15774768290415883,256.0,False
3,feature_561,True,0.05429956117691146,0.05429956117691146,390.0,False
3,feature_562,True,-0.7019802019550418,0.7019802019550418,9.0,True
3,feature_563,True,-0.49798435902565746,0.49798435902565746,44.0,False
3,feature_564,True,0.046845406475672105,0.046845406475672105,399.0,False
3,feature_565,True,-0.06383480069840809,0.06383480069840809,381.0,False
3,feature_566,True,-0.42087856763060527,0.42087856763060527,79.0,False
3,feature_567,True,-0.04061000539715348,0.04061000539715348,416.0,False
3,feature_568,True,0.14154327814492143,0.14154327814492143,269.0,False
3,feature_569,True,-0.14115986079347348,0.14115986079347348,271.0,False
3,feature_570,True,0.022945312910246398,0.022945312910246398,435.0,False
3,feature_571,True,0.002960517745474457,0.002960517745474457,463.0,False
3,feature_572,True,0.04750237399340951,0.04750237399340951,398.0,False
3,feature_573,True,-0.2781750504854296,0.2781750504854296,151.0,False
3,feature_574,True,-0.09186540994669831,0.09186540994669831,329.0,False
3,feature_575,True,0.05054765277325802,0.05054765277325802,394.0,False
3,feature_576,True,0.25986907316501473,0.25986907316501473,159.0,False
3,feature_577,True,-0.44679703616997196,0.44679703616997196,69.0,False
3,feature_578,True,-0.036860914502614764,0.036860914502614764,419.0,False
3,feature_579,True,-0.0656546207768188,0.0656546207768188,378.0,False
3,feature_580,True,0.0958274917437362,0.0958274917437362,321.0,False
3,feature_581,True,-0.1398509124554473,0.1398509124554473,272.0,False
3,feature_582,True,0.14494328588745223,0.14494328588745223,267.0,False
3,feature_583,True,0.11148536446308613,0.11148536446308613,299.0,False
3,feature_584,True,0.09859185112284773,0.09859185112284773,315.0,False
3,feature_585,True,0.07251610527331383,0.07251610527331383,366.0,False
3,feature_586,True,0.37983702827371496,0.37983702827371496,98.0,False
3,feature_587,True,0.12185194245084535,0.12185194245084535,288.0,False
3,feature_588,True,0.49328858866723185,0.49328858866723185,45.0,False
3,feature_589,True,0.40187698015243684,0.40187698015243684,86.0,False
