fold,feature,ap_permutation_importance_mean,ap_permutation_importance_std,positive_importance_rank,in_positive_top_k
1,feature_000,-0.0001156849303371732,0.00029427269476445657,,False
1,feature_001,0.0002599887020006686,0.00021321581347680648,145.0,False
1,feature_002,-0.0009070521956580276,0.00045735552887649615,,False
1,feature_003,-0.00032187044152803823,5.347929652467415e-05,,False
1,feature_004,-0.0017998301380520443,0.00025366975224955885,,False
1,feature_005,0.0,0.0,,False
1,feature_006,-0.00041258939280044055,0.001007103727210064,,False
1,feature_007,0.0005418665427618837,0.0009401491044583659,88.0,False
1,feature_008,0.00040416814275664087,0.00023979325088447704,117.0,False
1,feature_009,-0.0003641649538985529,0.0010876028669290785,,False
1,feature_010,-0.0004714054535046308,0.0007862156206211955,,False
1,feature_011,0.0013806108109588138,0.0003740339294937156,26.0,False
1,feature_012,-0.0005229102846004327,0.0005950345873420905,,False
1,feature_013,0.0,0.0,,False
1,feature_014,0.002001934468760088,0.0005259026764917725,11.0,True
1,feature_015,-0.0005761118170996745,0.0007912737948278627,,False
1,feature_016,-0.0017658638633959445,0.0014802007118908198,,False
1,feature_017,-0.0003444540809540153,0.0004881010132434564,,False
1,feature_018,-0.0003976334064235328,0.00028628455407249555,,False
1,feature_019,-0.0011748123657236709,0.0006622847350036136,,False
1,feature_020,-0.0008273764321554596,0.00019057353266322929,,False
1,feature_021,0.0004402665098905874,0.0006647289694968659,106.0,False
1,feature_022,-0.0007616556788150689,0.001065097102561401,,False
1,feature_023,-0.00017565150453210018,0.00025107923691018193,,False
1,feature_024,-7.477977188922551e-05,0.00050672547670413,,False
1,feature_025,-0.0002996059046522596,0.0006809980674791831,,False
1,feature_026,0.0007376829078665955,0.0005590302771727117,63.0,False
1,feature_027,-0.00010956880033890133,0.00019106032574749569,,False
1,feature_028,0.0002745585507329118,0.0004076881166159005,144.0,False
1,feature_029,0.00011044928701827346,0.0010152977201371943,188.0,False
1,feature_030,-1.2467191251280818e-05,0.00017615705255375172,,False
1,feature_031,0.005118404617854816,0.0019293964480345596,3.0,True
1,feature_032,-0.003130342844946158,0.0011899911083399647,,False
1,feature_033,0.0006594170605383106,0.0003158767937180127,78.0,False
1,feature_034,0.0005577577986438468,0.0005427186413920366,85.0,False
1,feature_035,0.00017123975285143755,0.0005900053533498383,172.0,False
1,feature_036,-0.0010909317646307741,0.00112765902771324,,False
1,feature_037,-0.0010169872880243052,0.00031169619884163313,,False
1,feature_038,0.0,0.0,,False
1,feature_039,0.0019547161710165204,0.0018942436098045282,13.0,True
1,feature_040,0.0011171899865159707,0.0014087017494193734,40.0,False
1,feature_041,-0.0003486354273645094,0.0005935370341812345,,False
1,feature_042,0.0,0.0,,False
1,feature_043,5.5491837486598694e-05,0.000237260920226672,200.0,False
1,feature_044,-0.001197582715698614,0.0006110803008733136,,False
1,feature_045,-0.00043367006546216985,0.001688247018170502,,False
1,feature_046,0.0004984594909018258,0.0012819051241666718,94.0,False
1,feature_047,0.0019990125031475923,0.00030136447271491315,12.0,True
1,feature_048,-0.00047820112690861544,0.000476122892972097,,False
1,feature_049,0.0,0.0,,False
1,feature_050,-0.001870338567659437,0.0016715972217481831,,False
1,feature_051,6.589995002950766e-05,0.0005167159644854477,198.0,False
1,feature_052,0.0,0.0,,False
1,feature_053,0.00048683885889955203,0.00016060692967883594,98.0,False
1,feature_054,0.0007685500409305435,0.000548588060244512,60.0,False
1,feature_055,-0.0009738264007870812,0.00018900163674722111,,False
1,feature_056,-0.00030643225557984893,0.00022600255270758176,,False
1,feature_057,-0.0003069072180795958,0.0005648247097488435,,False
1,feature_058,-0.0005786111718615224,0.00014528551215557304,,False
1,feature_059,0.00021136337842680986,0.00019046519301648494,158.0,False
1,feature_060,0.0001827686565738044,0.00012216203589219515,168.0,False
1,feature_061,0.00010091886171325244,0.0002982321080741817,190.0,False
1,feature_062,-0.001185049725574372,0.00046756094032413426,,False
1,feature_063,0.0009257341226783326,0.0005367967458442674,50.0,False
1,feature_064,0.0009936141234498097,0.0009058710452069513,47.0,False
1,feature_065,0.001497503560709564,0.0002791129821526243,22.0,False
1,feature_066,0.00048057691512823353,0.00011373391146469746,99.0,False
1,feature_067,-0.0008517903250601829,0.0007115421057215025,,False
1,feature_068,-0.0007109635761694174,0.00041711404993648534,,False
1,feature_069,0.0,0.0,,False
1,feature_070,5.586735645464932e-05,0.0002638765420609801,199.0,False
1,feature_071,-0.0012801136545920189,0.0005596279484982183,,False
1,feature_072,0.0008527517210050369,0.00039737961283786894,54.0,False
1,feature_073,0.0009829397975255987,0.0008924524686978681,48.0,False
1,feature_074,0.0,0.0,,False
1,feature_075,0.0004361755122525013,0.0007239849527620522,107.0,False
1,feature_076,-0.0010996780518995701,0.0004232765447071922,,False
1,feature_077,0.00018697264465156183,0.00012500731804576939,166.0,False
1,feature_078,7.816706249626677e-05,0.00027542245398769926,195.0,False
1,feature_079,-0.00010998503472231524,0.0009972847930676029,,False
1,feature_080,5.409231395040829e-05,0.0006300945258687129,202.0,False
1,feature_081,-0.0018863625331145828,0.000906427254406076,,False
1,feature_082,-0.00037075177968836265,0.0005997989680092999,,False
1,feature_083,-7.53104843151479e-05,0.0003095599936563392,,False
1,feature_084,5.278559291146031e-05,0.0004783716277829342,205.0,False
1,feature_085,0.0,0.0,,False
1,feature_086,-0.0051799682859239955,0.000920342429435415,,False
1,feature_087,0.0005431389439454574,0.00035651791491752096,87.0,False
1,feature_088,-0.0003885121125113966,0.0004476974049547898,,False
1,feature_089,0.00046146591351770944,0.0005903003163140252,101.0,False
1,feature_090,0.001370243605260557,0.0015022856418490493,27.0,False
1,feature_091,0.00020528333393585174,0.0005988068559905821,159.0,False
1,feature_092,1.3237374939208587e-05,0.0004939546151644837,215.0,False
1,feature_093,-0.00018348112895522073,0.0002080016797446488,,False
1,feature_094,1.9848494539379907e-05,0.0002987721416338559,214.0,False
1,feature_095,0.0010644325565293082,0.0013838308593408636,41.0,False
1,feature_096,0.000678613743998672,0.0013428479390998472,75.0,False
1,feature_097,0.0,0.0,,False
1,feature_098,0.0003599727729402813,0.0003559280343412386,127.0,False
1,feature_099,0.0001617655793096362,0.00035046035185195347,175.0,False
1,feature_100,-0.000290978399232857,0.0006889841308418171,,False
1,feature_101,-0.00017425242235803254,0.0005696610923527324,,False
1,feature_102,-0.001253450851351423,0.00029296631171377683,,False
1,feature_103,0.0014483708002244282,0.00026850973111228497,24.0,False
1,feature_104,0.00034043703395833513,0.0009705687733728158,131.0,False
1,feature_105,0.0004964937398427479,3.780923240248963e-05,95.0,False
1,feature_106,-0.0007974121099077655,0.0003010537202201797,,False
1,feature_107,0.0003175077685925824,0.0002320916982054544,136.0,False
1,feature_108,0.0010496594384306797,0.0006175303374322857,42.0,False
1,feature_109,0.0,0.0,,False
1,feature_110,0.0,0.0,,False
1,feature_111,0.0,0.0,,False
1,feature_112,0.0007349753368537196,0.00018420279642937775,64.0,False
1,feature_113,3.080308869335413e-06,5.731431750187827e-05,218.0,False
1,feature_114,0.0,0.0,,False
1,feature_115,0.003036073283789816,0.0005525031107917603,7.0,True
1,feature_116,-0.00014542340352545943,0.0004105133982711237,,False
1,feature_117,2.395007364824897e-05,0.00017680670075252082,211.0,False
1,feature_118,-0.0012179457385593044,0.0013704943675015263,,False
1,feature_119,0.0013555032112179493,0.00032810818065877675,29.0,False
1,feature_120,-0.0018520278213144021,3.37262113860867e-05,,False
1,feature_121,0.0005074426151047325,0.0004808815517638842,90.0,False
1,feature_122,-0.0007348477251166071,0.0006229356612808828,,False
1,feature_123,0.00028062889475896635,0.000582112529533196,141.0,False
1,feature_124,0.00040115339859619903,0.0005835350966408962,119.0,False
1,feature_125,-0.00014112605755495222,0.0007543284435501556,,False
1,feature_126,0.0001615005497216937,0.00094502815173846,176.0,False
1,feature_127,0.0002547906947565626,0.0006334803152851213,147.0,False
1,feature_128,0.00014347593255146598,0.0005515750057415015,180.0,False
1,feature_129,-0.0008534933109400159,4.353557465389236e-05,,False
1,feature_130,-0.0035548766486332337,0.0015094610037874874,,False
1,feature_131,0.0011589940589825005,0.0005742335734928167,38.0,False
1,feature_132,-0.0003653129748765101,0.00019745433258483788,,False
1,feature_133,-0.0003694834391924917,0.00035519292655712513,,False
1,feature_134,-0.000571668175566753,0.0009193513386560078,,False
1,feature_135,-0.0008205636368202965,0.0006218510492119146,,False
1,feature_136,0.00029601720038569906,0.0011100887501067501,138.0,False
1,feature_137,-0.0014981250931736152,0.00038775685505089977,,False
1,feature_138,-0.000701309593283637,0.0005661454852937767,,False
1,feature_139,-0.0004494680930579957,1.710105038916027e-05,,False
1,feature_140,0.0001968281647722984,0.00015590214379003768,163.0,False
1,feature_141,0.0,0.0,,False
1,feature_142,7.970343766397492e-05,0.0006472012010312173,194.0,False
1,feature_143,-0.0009440650750227227,0.000316891512208088,,False
1,feature_144,-0.001560324546726194,0.00012728790514305615,,False
1,feature_145,0.00019412614078515947,0.0011505969808560126,164.0,False
1,feature_146,-0.001227795311563797,0.0003284216334678076,,False
1,feature_147,0.00017839125760561272,5.431391066280117e-05,170.0,False
1,feature_148,0.00032972120812964817,0.0005646549922310851,133.0,False
1,feature_149,0.0,0.0,,False
1,feature_150,-0.0012461298903063966,0.001345597818026912,,False
1,feature_151,0.0029691131402540447,0.001426600723456751,8.0,True
1,feature_152,0.0006827283471296427,0.00046515903789438385,72.0,False
1,feature_153,-0.000309430799466696,0.0004662899954373519,,False
1,feature_154,-0.0005307314901356238,0.00022321074086697598,,False
1,feature_155,0.000617010536407873,0.00042154515845824474,79.0,False
1,feature_156,-8.171379659678106e-05,0.0003022056337593878,,False
1,feature_157,0.0,0.0,,False
1,feature_158,0.0,0.0,,False
1,feature_159,9.561204186640342e-05,0.001272286336323146,192.0,False
1,feature_160,0.0002511434435271502,0.00040888429566430026,149.0,False
1,feature_161,-0.0015581803645131342,0.0003284500260162541,,False
1,feature_162,-2.5547733189162924e-05,0.001247522199271743,,False
1,feature_163,0.0018532291917248607,0.0006714609808693391,14.0,True
1,feature_164,0.001042345426325364,0.0007762020503733477,44.0,False
1,feature_165,0.0001566540298210591,0.00010403036146527516,178.0,False
1,feature_166,-0.000593149630993652,0.0005590933353270144,,False
1,feature_167,5.2151485843143774e-06,7.375333857728239e-06,217.0,False
1,feature_168,0.0008787301319865085,0.0005866791115640685,52.0,False
1,feature_169,0.00041389200826537814,0.0005461337498577028,116.0,False
1,feature_170,-0.00016124557497257386,0.0011263047729370404,,False
1,feature_171,-3.4780771952273394e-05,0.00037800960803447504,,False
1,feature_172,0.0004226701445039967,0.00017878259513144705,113.0,False
1,feature_173,0.0005662691788160165,0.00112729053594664,84.0,False
1,feature_174,-0.0012297039410298176,0.0005303573374063917,,False
1,feature_175,0.0010232766553043189,0.00012777126742181383,45.0,False
1,feature_176,-0.0005520380148632634,0.0004154250171248095,,False
1,feature_177,0.00030824616728097887,0.0003035885346819123,137.0,False
1,feature_178,0.0,0.0,,False
1,feature_179,0.0,0.0,,False
1,feature_180,9.251593576089141e-05,0.00023546671082334117,193.0,False
1,feature_181,0.00015616118046007008,0.0008224345526868996,179.0,False
1,feature_182,-0.0009580243401269098,0.0008032610439180928,,False
1,feature_183,0.0003936925888970803,0.0005391582973642649,120.0,False
1,feature_184,-0.0007039360057297291,0.00039545993542406885,,False
1,feature_185,0.0011885242405466345,0.0012227209533956197,35.0,False
1,feature_186,0.0,0.0,,False
1,feature_187,-0.001243723754195412,0.0003926173165202813,,False
1,feature_188,0.0011691994502485887,0.0012788723147400941,37.0,False
1,feature_189,0.0,0.0,,False
1,feature_190,0.0,0.0,,False
1,feature_191,0.0,0.0,,False
1,feature_192,0.0,0.0,,False
1,feature_193,0.0,0.0,,False
1,feature_194,0.0,0.0,,False
1,feature_195,-0.00045728563612977097,0.0004506268037827758,,False
1,feature_196,-0.0013191206965005586,0.0012059325476994594,,False
1,feature_197,0.0006962075988682093,0.0004450048945770588,71.0,False
1,feature_198,-0.000784482171386075,0.0007962312909767848,,False
1,feature_199,-0.0014341952741841097,0.0003300692911225934,,False
1,feature_200,0.0002473208748357547,0.00139414305226335,151.0,False
1,feature_201,-0.0006169567434191799,0.000465924278312714,,False
1,feature_202,0.003735601491759629,0.011216312908101076,4.0,True
1,feature_203,-0.001870639116517192,0.0008649837968681233,,False
1,feature_204,0.00012723027454764058,0.0006723778363842158,185.0,False
1,feature_205,0.000431917297585747,0.001606102703989199,110.0,False
1,feature_206,0.0,0.0,,False
1,feature_207,-0.001984845050291515,0.0008374045660442519,,False
1,feature_208,-0.000499197025410412,0.0009262691642793791,,False
1,feature_209,0.0,0.0,,False
1,feature_210,0.00020294891308410742,0.0010282494718573548,160.0,False
1,feature_211,-0.0005856572494005082,0.0006684480125426509,,False
1,feature_212,4.7031684459084934e-05,0.00015808460823065672,206.0,False
1,feature_213,-0.0002854067062962595,0.0012622831514748438,,False
1,feature_214,-0.002093304652895515,0.001353969403177027,,False
1,feature_215,-0.0014928710571903054,0.0007558410908723324,,False
1,feature_216,-0.000817010858222463,0.00029315373483236444,,False
1,feature_217,-0.0007727306813353207,0.0007411658083663577,,False
1,feature_218,-0.0004646030143633795,0.002102647843943627,,False
1,feature_219,0.003097698502415878,0.0002206324975860842,6.0,True
1,feature_220,0.0,0.0,,False
1,feature_221,0.0003737632071702986,0.0009469274890693631,125.0,False
1,feature_222,-6.777800294285874e-05,0.0007816064089001914,,False
1,feature_223,0.00023470382233904222,0.0003215900532852681,153.0,False
1,feature_224,3.3974157256320504e-05,0.0008033338552706148,209.0,False
1,feature_225,0.0012259118521701178,0.00036466905548397085,32.0,False
1,feature_226,0.0,0.0,,False
1,feature_227,0.0011352448076591137,0.0007038107208830384,39.0,False
1,feature_228,-0.0003428545073220028,0.00036131568534982026,,False
1,feature_229,0.0,0.0,,False
1,feature_230,0.0,0.0,,False
1,feature_231,0.0,0.0,,False
1,feature_232,0.0,0.0,,False
1,feature_233,0.0,0.0,,False
1,feature_234,0.0,0.0,,False
1,feature_235,0.0,0.0,,False
1,feature_236,0.0,0.0,,False
1,feature_237,0.0,0.0,,False
1,feature_238,0.0006787330246234661,0.0005411544881834512,74.0,False
1,feature_239,0.0009715045253090674,0.0006094023944503054,49.0,False
1,feature_240,0.0,0.0,,False
1,feature_241,0.0,0.0,,False
1,feature_242,0.0,0.0,,False
1,feature_243,0.0,0.0,,False
1,feature_244,0.0,0.0,,False
1,feature_245,0.0,0.0,,False
1,feature_246,0.0,0.0,,False
1,feature_247,-0.0010243778206652694,0.0008922580809912144,,False
1,feature_248,0.0008036360658121947,0.0008295000952540823,56.0,False
1,feature_249,0.0,0.0,,False
1,feature_250,0.001686980437250259,4.752108613350881e-05,17.0,True
1,feature_251,-0.0006037401545837077,0.0008619510293107341,,False
1,feature_252,0.00034052938572690095,0.00027706175660522405,130.0,False
1,feature_253,-0.0007060338642337627,0.0003976574386353181,,False
1,feature_254,0.0004868712178782153,0.00019638263339870663,97.0,False
1,feature_255,0.00019889191675888837,0.00017470442762871504,161.0,False
1,feature_256,0.0,0.0,,False
1,feature_257,0.0,0.0,,False
1,feature_258,0.0,0.0,,False
1,feature_259,0.0,0.0,,False
1,feature_260,0.0,0.0,,False
1,feature_261,0.0,0.0,,False
1,feature_262,0.0,0.0,,False
1,feature_263,0.0,0.0,,False
1,feature_264,0.0,0.0,,False
1,feature_265,0.0,0.0,,False
1,feature_266,0.0,0.0,,False
1,feature_267,0.0002516123293407335,0.0006138286297366175,148.0,False
1,feature_268,-0.0004676447393308821,0.0008139870553353159,,False
1,feature_269,-0.0019430817618736607,0.001038729366758046,,False
1,feature_270,0.0014406229228194438,0.001372775510129648,25.0,False
1,feature_271,-0.0009816775063142824,0.0002575751569016066,,False
1,feature_272,0.0005841435518025295,0.00046991029567615834,83.0,False
1,feature_273,-0.0009016921673971242,0.0007039110410966086,,False
1,feature_274,0.00045824815678732755,0.0008320418969525227,103.0,False
1,feature_275,0.00034194509372117987,0.0005018780967237167,129.0,False
1,feature_276,0.0,0.0,,False
1,feature_277,0.000718057410992734,0.0003893844511266849,69.0,False
1,feature_278,0.0016082042915196253,0.0008635387768761634,18.0,True
1,feature_279,-0.0006898768676280956,0.0003959675123516503,,False
1,feature_280,0.00010024902308817622,0.0010442165770318127,191.0,False
1,feature_281,-0.0010630464991857418,8.897578717042114e-05,,False
1,feature_282,-0.0011569345844558432,0.0003872435148530129,,False
1,feature_283,-0.00020341233617812704,0.0004166242787574843,,False
1,feature_284,0.0,0.0,,False
1,feature_285,0.0007584273261732425,0.001466624170620725,61.0,False
1,feature_286,0.0002166501114612233,0.002170775856672666,155.0,False
1,feature_287,0.00042727066898182176,0.0011571958975855415,111.0,False
1,feature_288,-0.0005191136873858582,0.0005761614379702911,,False
1,feature_289,-0.0003445984374717548,0.00033360211167659024,,False
1,feature_290,-0.0013181535647822467,0.00029250339417749436,,False
1,feature_291,-0.0010118624739541004,0.0013551860127023415,,False
1,feature_292,0.0,0.0,,False
1,feature_293,-4.966506146368103e-05,0.00012626785142595757,,False
1,feature_294,-0.00013837562239256881,0.0006243714985421555,,False
1,feature_295,0.00017673035834026943,0.0005196801396649588,171.0,False
1,feature_296,0.0003666452248142493,0.0005082176660808026,126.0,False
1,feature_297,0.000328159019834795,0.0003602938151235943,134.0,False
1,feature_298,0.0004320447611160331,3.1515689972763784e-05,109.0,False
1,feature_299,-0.0002086967301571374,0.0021061158434283155,,False
1,feature_300,0.0013663087096566124,0.0006314307196313817,28.0,False
1,feature_301,0.0003517461242271702,0.00011440652076980322,128.0,False
1,feature_302,-0.0013405819382444155,0.0007505874507870528,,False
1,feature_303,0.0006797067106460997,0.0008427048271525264,73.0,False
1,feature_304,0.00032005867838430513,0.0005989017336632183,135.0,False
1,feature_305,0.0004506571629861548,0.000530142692725926,104.0,False
1,feature_306,-0.0009499529383269201,0.0005080131547617627,,False
1,feature_307,-0.0009998427437905484,0.0007487932665677083,,False
1,feature_308,3.284532324085432e-05,0.0006724024407978767,210.0,False
1,feature_309,-0.0005912311865606534,0.0007779404429348243,,False
1,feature_310,-0.0003079280262927031,0.00021582680506778985,,False
1,feature_311,0.0004404218661143526,0.0008163875295234566,105.0,False
1,feature_312,0.0014900185587022514,0.00035355078211914533,23.0,False
1,feature_313,0.0,0.0,,False
1,feature_314,0.0,0.0,,False
1,feature_315,0.0,0.0,,False
1,feature_316,-0.00038466913520361173,0.0014692103020030286,,False
1,feature_317,-0.0008826681548090206,0.0008678750351537779,,False
1,feature_318,0.00024136626218628407,5.7570527035585305e-05,152.0,False
1,feature_319,0.0003766025890034608,0.00011971560440045267,124.0,False
1,feature_320,0.0001137963909682016,0.0005717347830907751,187.0,False
1,feature_321,-0.0009753350357111223,0.0007325358819694517,,False
1,feature_322,0.0,0.0,,False
1,feature_323,-0.00089742262817429,0.0003632280673849829,,False
1,feature_324,-0.0005596377422766955,0.0010101289431023858,,False
1,feature_325,0.0,0.0,,False
1,feature_326,0.0,0.0,,False
1,feature_327,0.0,0.0,,False
1,feature_328,0.0,0.0,,False
1,feature_329,0.0,0.0,,False
1,feature_330,0.0,0.0,,False
1,feature_331,-6.122793155438622e-05,0.0,,False
1,feature_332,0.000850555649759647,0.0005666407303092778,55.0,False
1,feature_333,-0.0021261624543320126,0.0007623328520704064,,False
1,feature_334,-0.0009240777869767939,0.0006652696335329704,,False
1,feature_335,-0.0007502874300212939,0.00012132615585248041,,False
1,feature_336,0.0008032924993800113,0.0009303876312011876,58.0,False
1,feature_337,0.000499368515499162,6.605357111222354e-05,93.0,False
1,feature_338,-0.0033199763339049524,0.0010141208079801948,,False
1,feature_339,-0.001000628206301794,0.0004803942451362583,,False
1,feature_340,-0.00042851438950455845,0.00030429248960383784,,False
1,feature_341,0.009791624093201454,0.011496976853290566,2.0,True
1,feature_342,0.0,0.0,,False
1,feature_343,-0.0015310726973232862,0.001377901122150068,,False
1,feature_344,-0.0011539467461005686,0.0005025662660353267,,False
1,feature_345,0.000891525985836028,0.001775165474580859,51.0,False
1,feature_346,-0.0008188824375101877,0.0014109454987563357,,False
1,feature_347,0.0,0.0,,False
1,feature_348,0.00023083426832899248,0.0011163125838628376,154.0,False
1,feature_349,-0.0008368959340293025,0.00047765985998384354,,False
1,feature_350,-0.0008499517609313149,0.0006593320510344659,,False
1,feature_351,-0.000818329330533755,0.0006268463741106677,,False
1,feature_352,-0.002703594704592055,0.0018323638944142953,,False
1,feature_353,-0.00036490928938674266,0.00047417967112582644,,False
1,feature_354,0.0001013622793269997,0.000830911394749145,189.0,False
1,feature_355,0.0011845390216430145,0.0002126339679108807,36.0,False
1,feature_356,0.0004962836242194679,0.0005213227997113994,96.0,False
1,feature_357,0.0002799435293227663,0.0002486633233728509,142.0,False
1,feature_358,0.0,0.0,,False
1,feature_359,-0.00011933560107466971,0.00019730710904299298,,False
1,feature_360,-0.00048105294195396886,0.0003722811126856648,,False
1,feature_361,0.0003897890722727633,0.00017196700914652905,121.0,False
1,feature_362,5.3901784203206717e-05,0.00017299371242242005,203.0,False
1,feature_363,0.0005062054027656915,0.00018930232987875923,91.0,False
1,feature_364,0.0,0.0,,False
1,feature_365,-3.162439422723281e-05,0.0009467871693749772,,False
1,feature_366,0.00016422687868320832,0.0008905023184490237,173.0,False
1,feature_367,-0.0010706822871171529,0.001502108724811534,,False
1,feature_368,-0.0006751375551190264,0.0004343142224733333,,False
1,feature_369,0.0,0.0,,False
1,feature_370,0.0,0.0,,False
1,feature_371,0.0,0.0,,False
1,feature_372,0.0,0.0,,False
1,feature_373,0.0,0.0,,False
1,feature_374,0.0,0.0,,False
1,feature_375,0.0,0.0,,False
1,feature_376,0.00041913807911870643,0.0008471637502694101,114.0,False
1,feature_377,-0.0009787993592226356,0.0008561380351713805,,False
1,feature_378,0.0,0.0,,False
1,feature_379,0.0,0.0,,False
1,feature_380,0.0,0.0,,False
1,feature_381,0.0,0.0,,False
1,feature_382,0.0,0.0,,False
1,feature_383,0.0,0.0,,False
1,feature_384,0.0,0.0,,False
1,feature_385,-0.0003067376734345502,0.0006084877607416113,,False
1,feature_386,0.0002757790495843219,0.00031221843307372154,143.0,False
1,feature_387,0.0,0.0,,False
1,feature_388,6.688857554421057e-05,0.00024035881301596052,197.0,False
1,feature_389,0.00021360287975664508,0.00014818252548889853,156.0,False
1,feature_390,0.0026010457170905867,0.0007222222941091857,9.0,True
1,feature_391,-0.0013779853542792153,0.00033921204198500003,,False
1,feature_392,0.0016906811637994272,0.0004084696163816513,16.0,True
1,feature_393,-0.0015032229332868445,0.0002522662287266819,,False
1,feature_394,0.0,0.0,,False
1,feature_395,0.0,0.0,,False
1,feature_396,0.0,0.0,,False
1,feature_397,0.0,0.0,,False
1,feature_398,0.0,0.0,,False
1,feature_399,0.0,0.0,,False
1,feature_400,0.0,0.0,,False
1,feature_401,0.0,0.0,,False
1,feature_402,0.0,0.0,,False
1,feature_403,0.0,0.0,,False
1,feature_404,0.0,0.0,,False
1,feature_405,0.00038883157868836266,0.0004023479985135109,122.0,False
1,feature_406,5.529703005680009e-05,0.0003477503688124069,201.0,False
1,feature_407,-0.0010276665768562399,0.0016285405083200067,,False
1,feature_408,-1.0856847805986355e-05,0.0009605465639143247,,False
1,feature_409,-0.0017391570343394391,0.00048758963004368625,,False
1,feature_410,-0.0004895905419540584,0.0003860191185993696,,False
1,feature_411,-0.0003334782038526644,0.0004586872162656902,,False
1,feature_412,-0.0004557834744217208,0.0002058030648967854,,False
1,feature_413,-0.0007909276433382221,0.00031851461704884794,,False
1,feature_414,0.0,0.0,,False
1,feature_415,0.0004016500062571741,0.0003781863844171886,118.0,False
1,feature_416,0.00029385931122912395,0.0003367351752424732,139.0,False
1,feature_417,0.0006647903545637287,0.0020896746739199794,76.0,False
1,feature_418,0.0015977088938596933,0.0002941794537681995,19.0,True
1,feature_419,0.001336541015844378,0.00042321769415047195,30.0,False
1,feature_420,7.749332221966092e-05,0.00014441942149668056,196.0,False
1,feature_421,-3.644083673638258e-05,0.0009414215058174823,,False
1,feature_422,0.0,0.0,,False
1,feature_423,0.0008766313679828738,0.000602867767299736,53.0,False
1,feature_424,0.018034601109358256,0.019605514209145664,1.0,True
1,feature_425,0.0003842541903464336,0.00018879942438098846,123.0,False
1,feature_426,0.0012249949956638178,0.0008660454043903087,33.0,False
1,feature_427,-2.769913388624608e-05,0.0011915802286152116,,False
1,feature_428,0.0001294938480268515,0.000304207395192937,183.0,False
1,feature_429,-0.0006488956302676726,0.001455331098198799,,False
1,feature_430,2.388564158700701e-05,0.000321938870150225,212.0,False
1,feature_431,0.0017254060565840927,0.00036183626519618975,15.0,True
1,feature_432,0.0001853483433389147,0.00038705110463722154,167.0,False
1,feature_433,0.0005248365427831988,0.0007737824483036628,89.0,False
1,feature_434,0.0015373127405997056,7.039525191255415e-05,20.0,True
1,feature_435,-0.0007938023053197149,0.001517460227821233,,False
1,feature_436,-0.00022726905669188482,0.0005402937849562023,,False
1,feature_437,-0.0002523322917819167,0.00039733790884715313,,False
1,feature_438,0.0004348964287075874,0.0010393096622483688,108.0,False
1,feature_439,0.0002851241938466494,0.0013372419908267116,140.0,False
1,feature_440,-0.0004673622068493329,0.0009425809092955689,,False
1,feature_441,-4.455899595258902e-05,8.04073886436912e-05,,False
1,feature_442,4.007806495222773e-05,0.0003123493450281498,208.0,False
1,feature_443,0.00019147784760776646,0.0002969292897074999,165.0,False
1,feature_444,0.0007194535364395219,0.0010097939753107533,68.0,False
1,feature_445,4.377195842500403e-05,0.0004442811456389076,207.0,False
1,feature_446,-0.0014212361740310135,0.00014265563376023314,,False
1,feature_447,-0.0001983273753872287,0.0005048564373226971,,False
1,feature_448,0.0005496815586865286,0.00025697412035829547,86.0,False
1,feature_449,0.0,0.0,,False
1,feature_450,0.0,0.0,,False
1,feature_451,0.0,0.0,,False
1,feature_452,-0.0005798059653023732,0.0002087113811319116,,False
1,feature_453,-2.5767547860674107e-05,0.0011774130564374038,,False
1,feature_454,0.0005041542401962862,0.0003413068588209479,92.0,False
1,feature_455,0.0007771416299659958,0.00017306818861865028,59.0,False
1,feature_456,0.00019758712659164365,0.0005849390442284784,162.0,False
1,feature_457,-3.6909440581027e-05,0.0003599096342395048,,False
1,feature_458,0.0,0.0,,False
1,feature_459,-0.001432206383385361,0.0008121517730966932,,False
1,feature_460,0.00012067488105393931,0.0010029808842245973,186.0,False
1,feature_461,0.0,0.0,,False
1,feature_462,0.0,0.0,,False
1,feature_463,0.0,0.0,,False
1,feature_464,0.0,0.0,,False
1,feature_465,0.0,0.0,,False
1,feature_466,0.0,0.0,,False
1,feature_467,-0.000603735288309056,0.0007159515969702496,,False
1,feature_468,-0.0008463844108140458,0.0005535651259920384,,False
1,feature_469,0.00015820402655891685,0.0013365135409414532,177.0,False
1,feature_470,-0.0008106080686925976,0.00031273665021197284,,False
1,feature_471,0.0014989488593237326,0.00019522424541033943,21.0,False
1,feature_472,0.0007311641107501562,0.00025720479852536565,66.0,False
1,feature_473,-0.00034572724620099415,0.0012452434047423373,,False
1,feature_474,0.001008308518002839,0.0016350053602257528,46.0,False
1,feature_475,-0.0007328183936791873,0.0008397051552955741,,False
1,feature_476,-0.0009233371476349839,7.191870505105948e-05,,False
1,feature_477,0.00070639131145205,0.0006414053759577675,70.0,False
1,feature_478,0.0,0.0,,False
1,feature_479,-0.0016433106345429178,0.0012966377644845165,,False
1,feature_480,0.0005989731185482757,0.0005390872776152937,81.0,False
1,feature_481,0.0,0.0,,False
1,feature_482,-0.0008102192336919093,0.0007630787349363929,,False
1,feature_483,-0.0024817529991174037,0.0005271910881462227,,False
1,feature_484,0.0012194305695103862,0.0017054776328523952,34.0,False
1,feature_485,0.000757597821934001,0.001230480570793025,62.0,False
1,feature_486,-0.0002205994477461152,0.001048937057500974,,False
1,feature_487,0.0004604623736950697,3.98609997075602e-05,102.0,False
1,feature_488,-0.0008430413632169546,0.0005483183433527154,,False
1,feature_489,0.0005866445752140589,0.0011680964000178261,82.0,False
1,feature_490,-0.0008728251722569894,0.0006757460970737957,,False
1,feature_491,-0.0001774275625412621,0.00012658730131706407,,False
1,feature_492,0.0,0.0,,False
1,feature_493,-0.0012016121581786647,0.0009778501845993102,,False
1,feature_494,-0.0005250314263673487,0.0008623911507210397,,False
1,feature_495,-0.0006265451188007717,0.00015584605124667236,,False
1,feature_496,-0.0008201457499849759,0.0004903501397339325,,False
1,feature_497,0.0002497843978520875,0.0007046173885311175,150.0,False
1,feature_498,0.0,0.0,,False
1,feature_499,-0.00025634572066905265,0.0004155794726328364,,False
1,feature_500,-0.0005412000222299226,0.0005387921448697715,,False
1,feature_501,0.0,0.0,,False
1,feature_502,0.0,0.0,,False
1,feature_503,0.0,0.0,,False
1,feature_504,0.0,0.0,,False
1,feature_505,0.0,0.0,,False
1,feature_506,0.0,0.0,,False
1,feature_507,0.0,0.0,,False
1,feature_508,0.0,0.0,,False
1,feature_509,0.0,0.0,,False
1,feature_510,-0.0010585517323740135,0.0009356830985354562,,False
1,feature_511,0.000662508599787337,7.110860391635248e-05,77.0,False
1,feature_512,0.0,0.0,,False
1,feature_513,0.0,0.0,,False
1,feature_514,0.0,0.0,,False
1,feature_515,0.0,0.0,,False
1,feature_516,0.0,0.0,,False
1,feature_517,0.0,0.0,,False
1,feature_518,0.0,0.0,,False
1,feature_519,1.1680337440117539e-05,0.00014007107743999405,216.0,False
1,feature_520,-0.0038886976590260247,0.0004752346896608058,,False
1,feature_521,0.0,0.0,,False
1,feature_522,-0.0011352747660210531,0.0006558044092517906,,False
1,feature_523,-0.00029900904135512124,9.567163442415481e-05,,False
1,feature_524,0.0007330116704730438,0.00018139426595972755,65.0,False
1,feature_525,0.0022342544722392665,0.0022147764222948184,10.0,True
1,feature_526,2.0956719247946138e-05,0.0007873454536186002,213.0,False
1,feature_527,0.0012264028005135412,0.0002269002188908094,31.0,False
1,feature_528,0.0,0.0,,False
1,feature_529,0.0,0.0,,False
1,feature_530,0.0,0.0,,False
1,feature_531,0.0,0.0,,False
1,feature_532,0.0,0.0,,False
1,feature_533,0.0,0.0,,False
1,feature_534,0.0,0.0,,False
1,feature_535,0.0,0.0,,False
1,feature_536,0.0,0.0,,False
1,feature_537,0.0,0.0,,False
1,feature_538,0.0,0.0,,False
1,feature_539,-3.602042652481319e-05,0.0004584045446453874,,False
1,feature_540,0.0007217362625463186,0.0005511473673776433,67.0,False
1,feature_541,0.0008034613283421829,0.0012922841730519934,57.0,False
1,feature_542,0.0,0.0,,False
1,feature_543,0.0,0.0,,False
1,feature_544,0.0,0.0,,False
1,feature_545,0.0,0.0,,False
1,feature_546,-0.0009834399089779973,0.0007614759069470208,,False
1,feature_547,-0.000892795379083137,0.00047721607520862956,,False
1,feature_548,-0.0014457649138335433,0.000654813361515556,,False
1,feature_549,0.0004235081111202225,0.0015135844038814048,112.0,False
1,feature_550,-0.0007374281033899107,0.0001320545448273775,,False
1,feature_551,-0.0030203328129493703,0.0014392598167042331,,False
1,feature_552,-0.0007853396956702582,0.0007992513336281971,,False
1,feature_553,-0.00030267861548025077,0.0005643263679197258,,False
1,feature_554,-0.00035931586887102035,0.00043991441363025246,,False
1,feature_555,0.00021242029183658287,0.0006175304864450802,157.0,False
1,feature_556,-0.000456445589531775,0.0007234538932103037,,False
1,feature_557,-0.0007005654377880236,0.0001811925168038963,,False
1,feature_558,-6.0679622515186216e-05,0.0010736203257424208,,False
1,feature_559,0.00016272142950361315,0.000684836903110864,174.0,False
1,feature_560,0.00018030192836190895,0.00017735354197851986,169.0,False
1,feature_561,-0.0005189875672202323,0.0003871205304296157,,False
1,feature_562,0.00012938108092588885,0.00023073134681682837,184.0,False
1,feature_563,0.000418911817861319,0.0009327217134290199,115.0,False
1,feature_564,-0.00024545961728486554,0.00026151692183096973,,False
1,feature_565,-0.00027230420328648125,0.00032365517559437314,,False
1,feature_566,-0.0004952593730595534,0.00011219668519228597,,False
1,feature_567,5.334032616242471e-05,0.00019896925833935922,204.0,False
1,feature_568,-0.0002342219413974019,0.00017693314366046378,,False
1,feature_569,-0.00013993616329564343,0.0002118727391235729,,False
1,feature_570,-0.0008934819933935634,0.0014916880487299998,,False
1,feature_571,-0.00012024396816938861,0.00035385093705580107,,False
1,feature_572,-0.0010833636998281437,0.00022101883873242587,,False
1,feature_573,0.00033693990764818715,0.0008776106431757427,132.0,False
1,feature_574,-0.00019705545514632958,0.0002738047068189686,,False
1,feature_575,-0.001052883604271378,0.000854275192280061,,False
1,feature_576,-0.0011026612303907668,0.00019926981134317623,,False
1,feature_577,-0.0009080219091041342,0.0006886565021953082,,False
1,feature_578,0.00025649610022079883,0.00022568676079750172,146.0,False
1,feature_579,0.0004802500268761001,0.000759790371202226,100.0,False
1,feature_580,0.00013232273117092888,0.0002111493124724905,181.0,False
1,feature_581,-0.00015048834973820555,0.0006927986970464346,,False
1,feature_582,-0.0006493651288091429,0.00042791951335169044,,False
1,feature_583,-0.00019027268580360893,0.0006091877754663568,,False
1,feature_584,0.00012967305833951523,2.0795839886090756e-05,182.0,False
1,feature_585,-0.0010320986902139968,0.0006491119258027237,,False
1,feature_586,-0.0006739934316544552,0.0003112247584160221,,False
1,feature_587,0.0006082471218664861,0.002032245706525291,80.0,False
1,feature_588,0.001045308241877041,0.0015738095356269478,43.0,False
1,feature_589,0.003151947387402071,0.00045936480024918867,5.0,True
2,feature_000,-0.0015547265420271146,0.0008994244899609976,,False
2,feature_001,0.033866572072358624,0.0007151233346624344,11.0,True
2,feature_002,-0.0003128624037907664,0.0004768633112354797,,False
2,feature_003,0.0006430178649819799,0.0005128414724535412,113.0,False
2,feature_004,4.968918293994188e-05,9.85413855410309e-05,188.0,False
2,feature_005,0.0,0.0,,False
2,feature_006,-0.0003198955184544605,0.00020827000569073988,,False
2,feature_007,0.002494321745673748,0.0003988826527930377,67.0,False
2,feature_008,-0.005537890829603913,0.0018572903244362705,,False
2,feature_009,-0.0021234951475632147,0.0033825530317671006,,False
2,feature_010,-0.0009381014804782558,0.0018298839103906323,,False
2,feature_011,0.00017095595487278312,0.0005787788316314347,168.0,False
2,feature_012,-0.002034134348105084,0.0018871615175373052,,False
2,feature_013,0.0,0.0,,False
2,feature_014,-0.0002385107931483684,0.000588518179486645,,False
2,feature_015,-0.0022337048898385206,0.000925948358764044,,False
2,feature_016,0.0009508217190843012,0.0007116729222795717,97.0,False
2,feature_017,-0.0015956162805605227,0.0016731818924968236,,False
2,feature_018,-0.00024286081059671227,0.0011476591385129837,,False
2,feature_019,0.00031610100745812125,0.0028516488922488152,147.0,False
2,feature_020,-0.00015079866133851003,0.0005472314602338482,,False
2,feature_021,0.03754471895875164,0.0016130094773153622,6.0,True
2,feature_022,0.011358741277155832,0.01756772474305367,51.0,False
2,feature_023,0.0013895504146704634,0.0016957155132735773,84.0,False
2,feature_024,0.0007140341125968508,0.002382870761516801,109.0,False
2,feature_025,0.0019196928375796452,0.0013648530234021347,72.0,False
2,feature_026,-0.0009199580989312691,0.0003139887740952871,,False
2,feature_027,6.401687126226611e-05,0.000571994798042416,184.0,False
2,feature_028,0.001547360996677664,0.0006191868343913073,80.0,False
2,feature_029,-0.0007167538677238331,0.0008237762138631693,,False
2,feature_030,-0.0015794631178924583,0.0006366084652170322,,False
2,feature_031,0.013060654419821294,0.014115659362281374,36.0,False
2,feature_032,-0.0012664081497470632,0.000751370164429902,,False
2,feature_033,-0.0007094624401606797,0.0010735817926371726,,False
2,feature_034,-0.0008987933040699078,0.0011325431418608264,,False
2,feature_035,0.013793466154350778,0.01646758656195195,35.0,False
2,feature_036,-0.0023712723476563466,0.0008829929721980518,,False
2,feature_037,-0.0009093588515654005,0.0004592728668675729,,False
2,feature_038,-0.00026752329314574014,0.000970855947373942,,False
2,feature_039,0.01026488155903891,0.016853674289771647,57.0,False
2,feature_040,-0.003490744689974253,0.0029556522703342975,,False
2,feature_041,-0.0018494947241184945,0.0025858687844867545,,False
2,feature_042,0.0,0.0,,False
2,feature_043,0.00013068997612621555,0.0005025739256954659,177.0,False
2,feature_044,-0.0016243461690646315,0.0008365602085927199,,False
2,feature_045,-0.004212028785782418,0.0033213995317948504,,False
2,feature_046,0.011042397103900167,0.017019973795696704,54.0,False
2,feature_047,0.0037380123702084878,0.0004720155600778056,61.0,False
2,feature_048,-0.009492501486232466,0.003327148416986318,,False
2,feature_049,0.0,0.0,,False
2,feature_050,0.0007853938629191112,0.0005315188908463959,108.0,False
2,feature_051,-0.003362962159451921,0.0025017149351795023,,False
2,feature_052,0.0,0.0,,False
2,feature_053,0.00024186037437023966,0.000973846028759293,157.0,False
2,feature_054,-0.0007803536587097463,0.002724472388799407,,False
2,feature_055,-8.696271629750803e-05,6.155892143447218e-05,,False
2,feature_056,-0.0004237425257435645,0.000940650806832141,,False
2,feature_057,-0.00019923801506249728,0.0005159877097447663,,False
2,feature_058,-0.0012787386779496053,0.0017732115208703818,,False
2,feature_059,0.061131652009994965,0.04635163020075926,1.0,True
2,feature_060,-8.087298614228855e-05,3.762088229798948e-05,,False
2,feature_061,0.0024179712573445165,0.0007019018772077534,68.0,False
2,feature_062,0.00013894975452185174,0.00018306938549723903,174.0,False
2,feature_063,-0.002022465477990861,0.0013799605426378448,,False
2,feature_064,0.0013527882119526529,0.0011314125366858653,87.0,False
2,feature_065,-0.0005021597411248302,0.0014376372722688135,,False
2,feature_066,-0.0003119304539653256,0.0008258653392051143,,False
2,feature_067,0.001120125894416198,0.00037355782226947105,92.0,False
2,feature_068,-0.0008012204041116985,0.0009845618017741598,,False
2,feature_069,0.0,0.0,,False
2,feature_070,0.0011673406925913528,0.0009112307160722546,89.0,False
2,feature_071,0.00036087631684900146,0.0006653353405266736,139.0,False
2,feature_072,5.2592718465527266e-05,0.0004153956107773098,187.0,False
2,feature_073,-0.00024350733534291477,0.0012703151123874125,,False
2,feature_074,0.0,0.0,,False
2,feature_075,0.00013819148595569283,0.0006406668902118449,175.0,False
2,feature_076,-0.004619067796863219,0.0040496243437070645,,False
2,feature_077,4.367034891678001e-05,0.0004976997621162795,190.0,False
2,feature_078,-0.00017501607083601303,0.0002840997685606877,,False
2,feature_079,-0.008545977295437787,0.004787507094002096,,False
2,feature_080,0.0006404223909880676,0.0006077233875295959,115.0,False
2,feature_081,-0.0005469297195377735,0.001312460154754339,,False
2,feature_082,-2.9476040029507988e-05,5.4210144203636104e-05,,False
2,feature_083,-0.0009353276171763883,0.002829702393358373,,False
2,feature_084,5.918156863784126e-05,0.002289035405842758,185.0,False
2,feature_085,0.0,0.0,,False
2,feature_086,-0.003638428810851524,0.004354681822003489,,False
2,feature_087,-0.002562891830025079,0.004197979522445658,,False
2,feature_088,-0.0006383850549110948,0.0001549119329842707,,False
2,feature_089,0.0005035161923962287,0.000993555174703732,122.0,False
2,feature_090,-0.0012853732008242618,0.0021696879667747943,,False
2,feature_091,-0.002138272316800379,0.0013146758307719859,,False
2,feature_092,0.00017266194588248332,0.00018663514329096437,166.0,False
2,feature_093,-1.4684996419804067e-05,0.00014026148471702967,,False
2,feature_094,-0.0001538940212364818,2.1832357466679142e-05,,False
2,feature_095,-0.0011080214002635962,0.0005332771931340878,,False
2,feature_096,0.0003366838585662779,0.001394731682004721,144.0,False
2,feature_097,0.0,0.0,,False
2,feature_098,0.0001689240221775523,0.0029600908915555792,169.0,False
2,feature_099,0.0003117584715714254,0.00016666945643050644,148.0,False
2,feature_100,0.013057614443360696,0.017185741317952714,37.0,False
2,feature_101,-0.0007828766791142897,0.00026210183568023616,,False
2,feature_102,0.0003027532725702146,0.001477629228122564,149.0,False
2,feature_103,0.0018909809132092725,0.002758485591252215,73.0,False
2,feature_104,-0.00079681799397191,0.0005182548089578572,,False
2,feature_105,0.0009668295735485999,0.00017851682062381902,96.0,False
2,feature_106,0.010994146235469404,0.01786112652629234,55.0,False
2,feature_107,-0.0003542045171286608,0.00038067852976388355,,False
2,feature_108,-0.00037615104664893523,0.000655706035253993,,False
2,feature_109,0.0,0.0,,False
2,feature_110,0.0,0.0,,False
2,feature_111,0.0,0.0,,False
2,feature_112,-0.0015089056355265251,0.0005799648379011164,,False
2,feature_113,2.8693382588540484e-05,0.0003757910510185867,192.0,False
2,feature_114,0.0,0.0,,False
2,feature_115,0.014749755728280559,0.017946033712278014,33.0,False
2,feature_116,-0.0010433573833932286,0.00013110322292282,,False
2,feature_117,0.00011624410824001563,0.0005836318405201373,179.0,False
2,feature_118,-0.006103056077191064,0.0074110014999258815,,False
2,feature_119,-0.0010404041770348815,0.0005181489614922264,,False
2,feature_120,-0.006451864962733589,0.006389255798236227,,False
2,feature_121,-0.002500627976778321,0.0003459092037516157,,False
2,feature_122,-0.0021598435276822814,0.0021494332801987007,,False
2,feature_123,0.0021059461859665083,0.0005763097595701803,71.0,False
2,feature_124,0.0004036799970795942,0.00014871804824663213,136.0,False
2,feature_125,0.012255929127097989,0.017449897950770597,44.0,False
2,feature_126,-0.0017907757289990685,0.017404702994229825,,False
2,feature_127,0.002854886845324367,0.0007379228837920633,64.0,False
2,feature_128,0.01167554795097501,0.01685381668821932,48.0,False
2,feature_129,-0.0020263707599077843,0.0018877436544107004,,False
2,feature_130,-0.0004661120393009144,0.0003881498415815536,,False
2,feature_131,0.0382094962053589,0.0012237246188380598,5.0,True
2,feature_132,0.007785156669696962,0.018262429832178156,59.0,False
2,feature_133,-0.0006484030665167007,0.0008091665891051548,,False
2,feature_134,0.0005719689899651806,0.0006357595270790379,119.0,False
2,feature_135,0.032933121627344485,0.003460757595497474,12.0,True
2,feature_136,-0.001064459023839337,8.41450890974581e-05,,False
2,feature_137,0.0007031022546860425,0.0006291461503614842,110.0,False
2,feature_138,-0.00031911353827246414,0.0002308035775124868,,False
2,feature_139,0.021007520896607772,0.0179458979991767,26.0,False
2,feature_140,-0.0008121284952782489,0.0004417437375190288,,False
2,feature_141,0.0,0.0,,False
2,feature_142,-2.7601775872428586e-05,0.00012631005876842315,,False
2,feature_143,-0.0008182011963360954,0.0009614509661893865,,False
2,feature_144,0.010991756683876974,0.015823201805631522,56.0,False
2,feature_145,-0.001463121711576069,0.003652820677137425,,False
2,feature_146,-0.0034568903760715717,0.0005792532094824057,,False
2,feature_147,0.00020814174955282225,0.0007905851986624679,160.0,False
2,feature_148,-0.0004691458727381452,0.0005342743820717943,,False
2,feature_149,0.0,0.0,,False
2,feature_150,9.24748750242288e-05,0.00033676655508158536,181.0,False
2,feature_151,0.0022246934911608895,0.0005135625833355567,70.0,False
2,feature_152,-0.0036617348685575313,0.001763766811135618,,False
2,feature_153,-0.003650782956871305,0.005095280214990104,,False
2,feature_154,-0.001892763116227399,0.000527859490304858,,False
2,feature_155,5.880595655149978e-06,0.00022990509351894536,195.0,False
2,feature_156,0.0014759462119051843,0.000983738806092589,83.0,False
2,feature_157,-0.00040613589142476,0.0004687851655974432,,False
2,feature_158,0.0,0.0,,False
2,feature_159,-0.00119539633389254,0.0004815940734791241,,False
2,feature_160,0.0016338263598719704,0.0022775188474555086,78.0,False
2,feature_161,0.0008137542038078038,0.0008049287642403061,104.0,False
2,feature_162,0.00032835583688362036,0.000638548968533202,146.0,False
2,feature_163,0.02941807025265339,0.022530728506227126,13.0,True
2,feature_164,-0.0010714200131526537,8.952457310749827e-05,,False
2,feature_165,0.00017462945811856181,0.00012348167403056725,164.0,False
2,feature_166,0.026156889891503443,0.01804537354400674,17.0,True
2,feature_167,0.0006391978377525328,0.0004886383979006163,116.0,False
2,feature_168,-0.0007530532257044956,0.0005748692218126914,,False
2,feature_169,-0.00022241040985182536,0.000856532590239634,,False
2,feature_170,-0.0007550638045084046,0.0005436749998688489,,False
2,feature_171,-0.0021272883999713943,0.0014118101627083822,,False
2,feature_172,0.011706740160203122,0.01957795102762158,47.0,False
2,feature_173,0.0002882112556886196,0.000709346633230406,150.0,False
2,feature_174,0.02261132058588461,0.020141117284497453,24.0,False
2,feature_175,0.0169881678559477,0.015326712766624454,30.0,False
2,feature_176,0.00013272957299627816,0.00016652097091791844,176.0,False
2,feature_177,-0.0006987690513504674,0.0007016539893025343,,False
2,feature_178,0.0,0.0,,False
2,feature_179,0.0,0.0,,False
2,feature_180,-0.0008381437434352342,0.00011600947970741141,,False
2,feature_181,-0.0005869864015138152,0.0009406817349957965,,False
2,feature_182,-0.0008075997168620433,0.0014281353879939326,,False
2,feature_183,-0.00011987385332194271,0.00015319943302195423,,False
2,feature_184,-0.000619643856929882,0.0009356809226629628,,False
2,feature_185,-0.00011544897958343237,0.00010921556006997292,,False
2,feature_186,0.0,0.0,,False
2,feature_187,0.0010886327079525822,0.000626807960533084,93.0,False
2,feature_188,-0.0025566032187804475,0.0002536350300563583,,False
2,feature_189,0.0,0.0,,False
2,feature_190,0.0,0.0,,False
2,feature_191,0.0,0.0,,False
2,feature_192,0.0,0.0,,False
2,feature_193,0.0,0.0,,False
2,feature_194,0.0,0.0,,False
2,feature_195,-0.000162315334389355,0.0005009859888196481,,False
2,feature_196,-0.0036092045448763432,0.0008202462355213217,,False
2,feature_197,0.03705272791918526,0.00034264020879435427,7.0,True
2,feature_198,-0.0007987805813075011,0.00046234230758596063,,False
2,feature_199,-0.0016745645785297691,0.0009066035104571104,,False
2,feature_200,-0.002580150040278876,0.0028567149460979975,,False
2,feature_201,-0.0002143893703606866,0.000398049668378726,,False
2,feature_202,-0.011072798129838227,0.0008726561820593794,,False
2,feature_203,-0.0002616835457748268,0.0005182738657259637,,False
2,feature_204,-0.0004334817067173831,0.000517608327552635,,False
2,feature_205,-0.009088001771191548,0.000959650329276085,,False
2,feature_206,0.0,0.0,,False
2,feature_207,-6.855949744218511e-06,8.010107022038879e-05,,False
2,feature_208,0.00015943784891577403,0.0011056372825016612,171.0,False
2,feature_209,0.0,0.0,,False
2,feature_210,-0.0016479673845248104,0.0006861395536847638,,False
2,feature_211,-5.4433767210815276e-05,0.0004333000039258632,,False
2,feature_212,-0.0032035340571868556,0.004430112062187682,,False
2,feature_213,0.0009912594528540726,0.0009852007148006222,95.0,False
2,feature_214,0.0035964945452891897,0.0008345474703767233,62.0,False
2,feature_215,4.570592664399076e-05,0.0002615421728499703,189.0,False
2,feature_216,-0.0019355802401887872,0.0011228934893938824,,False
2,feature_217,-0.0026339633122201,0.0019732404525196357,,False
2,feature_218,0.03521521877234707,0.024549651131106128,10.0,True
2,feature_219,0.0013584737554986719,0.0009899421935984222,86.0,False
2,feature_220,0.0,0.0,,False
2,feature_221,0.013025893863284186,0.01870972211973513,39.0,False
2,feature_222,0.000418178542464398,6.643162772770558e-05,134.0,False
2,feature_223,0.0011527090135687683,0.001161130980231901,90.0,False
2,feature_224,-6.630460839747905e-05,0.00012691719691461378,,False
2,feature_225,0.0025608607415382734,0.0008644326067464973,65.0,False
2,feature_226,0.0,0.0,,False
2,feature_227,0.024235841339226,0.01700113158501232,21.0,False
2,feature_228,0.002511832092038239,0.0007644420777679201,66.0,False
2,feature_229,0.0,0.0,,False
2,feature_230,0.0,0.0,,False
2,feature_231,0.0,0.0,,False
2,feature_232,0.0,0.0,,False
2,feature_233,0.0,0.0,,False
2,feature_234,0.0,0.0,,False
2,feature_235,0.0,0.0,,False
2,feature_236,0.0,0.0,,False
2,feature_237,0.0,0.0,,False
2,feature_238,-0.0003856633028674154,0.0008340232646808029,,False
2,feature_239,0.0011993641556385937,0.000442117452331442,88.0,False
2,feature_240,0.0,0.0,,False
2,feature_241,0.0,0.0,,False
2,feature_242,0.0,0.0,,False
2,feature_243,0.0,0.0,,False
2,feature_244,0.0,0.0,,False
2,feature_245,0.0,0.0,,False
2,feature_246,0.0,0.0,,False
2,feature_247,0.001496099422380252,0.0017391374659683264,82.0,False
2,feature_248,-0.0005321863540015404,0.0008391108758547021,,False
2,feature_249,0.0,0.0,,False
2,feature_250,-0.0006532978871290895,0.0008930278886040323,,False
2,feature_251,0.02513272632749544,0.017381246793505122,19.0,True
2,feature_252,0.027116175610901,0.01845014287519502,16.0,True
2,feature_253,-0.0006736311133002474,0.0008889190538339504,,False
2,feature_254,-0.00020957965193291184,0.0001721292221668053,,False
2,feature_255,0.00010069271427206224,0.0008991220385101285,180.0,False
2,feature_256,0.0,0.0,,False
2,feature_257,0.0,0.0,,False
2,feature_258,0.0,0.0,,False
2,feature_259,0.0,0.0,,False
2,feature_260,0.0,0.0,,False
2,feature_261,0.0,0.0,,False
2,feature_262,0.0,0.0,,False
2,feature_263,0.0,0.0,,False
2,feature_264,0.0,0.0,,False
2,feature_265,0.0,0.0,,False
2,feature_266,0.0,0.0,,False
2,feature_267,3.821045787705257e-05,0.002109797558549108,191.0,False
2,feature_268,0.0006939709050028756,0.00044153069271186344,111.0,False
2,feature_269,0.002877422826577621,0.0013957775852797359,63.0,False
2,feature_270,0.027312479275922164,0.019758853936745542,15.0,True
2,feature_271,5.306215041570953e-05,4.681400714589492e-05,186.0,False
2,feature_272,5.472474773153083e-07,0.0005733442819236408,196.0,False
2,feature_273,-0.003724297611465921,0.0008580308586733361,,False
2,feature_274,-0.0045016336201761,0.003822930340160071,,False
2,feature_275,7.059036824347276e-05,0.0011125037138591395,182.0,False
2,feature_276,0.0,0.0,,False
2,feature_277,0.000908057710672964,0.0009841513223912883,100.0,False
2,feature_278,-0.0033101863469407653,0.0006906169488924024,,False
2,feature_279,0.0008924866612361656,0.00026307241336783274,101.0,False
2,feature_280,-0.0034659310435107096,0.0007306907411922506,,False
2,feature_281,0.012205815570194808,0.01647035305310722,45.0,False
2,feature_282,-0.00010184922357566369,0.00010417047929841832,,False
2,feature_283,-0.00012788629924261516,0.00022896059868061566,,False
2,feature_284,0.0,0.0,,False
2,feature_285,0.0003429612661416022,0.00022234967946746512,143.0,False
2,feature_286,0.02180154530999115,0.017218147465642795,25.0,False
2,feature_287,-0.004749725135021902,0.004411782421185568,,False
2,feature_288,-0.0032576658420256552,0.005536610875986484,,False
2,feature_289,-0.00017955124725423563,0.00044049506340459234,,False
2,feature_290,-0.000919278710383035,0.0001499965691684422,,False
2,feature_291,-0.0005028436160889512,0.001449411568287575,,False
2,feature_292,-0.0003279385264599588,0.00046377511174432184,,False
2,feature_293,-0.00028994328388552243,0.000436989190883614,,False
2,feature_294,0.00025874586595299914,0.0003460883121205254,154.0,False
2,feature_295,-0.0015847089788448658,0.0019840238458075825,,False
2,feature_296,0.00017151153846839406,0.00147827656388306,167.0,False
2,feature_297,-0.00015733521180309276,0.0008756124462133077,,False
2,feature_298,-0.0002457617288538401,0.0004273529978549505,,False
2,feature_299,-0.00048503842716685064,0.001376974694738712,,False
2,feature_300,-0.0007442894045300111,0.00038756340267868516,,False
2,feature_301,0.02296773441462076,0.018284891122217126,23.0,False
2,feature_302,-0.00013491396256702184,0.00019366568972840464,,False
2,feature_303,0.0005998964135158213,0.001290859286281587,117.0,False
2,feature_304,-0.0007144198755583328,0.0005729075991210248,,False
2,feature_305,-0.00024691658703716407,0.0007454480729457289,,False
2,feature_306,0.0018682429658960127,0.0001529922297922414,75.0,False
2,feature_307,-0.013272832661026412,0.01261868308796988,,False
2,feature_308,0.0004465689675429892,0.000465150991279541,129.0,False
2,feature_309,-0.003485554922211457,0.0022560493060813933,,False
2,feature_310,0.0003710722220827689,0.00044207833028333697,138.0,False
2,feature_311,0.00046687827062648807,0.0014908288473529418,127.0,False
2,feature_312,-0.0008590459624616317,0.0005195513865910893,,False
2,feature_313,0.0,0.0,,False
2,feature_314,0.0,0.0,,False
2,feature_315,0.0,0.0,,False
2,feature_316,-0.0007333442430067875,0.00026414412966771375,,False
2,feature_317,2.6320479116659357e-05,0.00126769632118895,193.0,False
2,feature_318,-0.000356837057898259,0.00021289553771348358,,False
2,feature_319,-0.0005998865247913895,0.0016796147195743056,,False
2,feature_320,-0.0012030880049554622,0.0007350590023793043,,False
2,feature_321,-0.0003685455223694234,0.00023853518092319505,,False
2,feature_322,0.0,0.0,,False
2,feature_323,-0.0006299006846011701,0.00019192279495856206,,False
2,feature_324,0.0013878842880052922,0.0006717982680093543,85.0,False
2,feature_325,0.0,0.0,,False
2,feature_326,0.0,0.0,,False
2,feature_327,0.0,0.0,,False
2,feature_328,0.0,0.0,,False
2,feature_329,0.0,0.0,,False
2,feature_330,0.0,0.0,,False
2,feature_331,-0.0003937699813285807,0.0005162622849851684,,False
2,feature_332,-0.00011709842665867203,0.00016469656625892135,,False
2,feature_333,0.0023840787068585834,0.0023052214242821286,69.0,False
2,feature_334,0.020855904135191932,0.017013400501789504,27.0,False
2,feature_335,0.00021139418835247614,6.206816104790162e-05,159.0,False
2,feature_336,0.009355164827321053,0.019774678043988896,58.0,False
2,feature_337,-0.0003395294971214417,0.00021802590891364774,,False
2,feature_338,0.0018191501823368594,0.0009182950409913101,77.0,False
2,feature_339,-9.000292344490957e-05,0.00018364491263502,,False
2,feature_340,0.0006411708779645956,0.0004653594967758664,114.0,False
2,feature_341,-0.0021519687588352765,0.002316210628853541,,False
2,feature_342,0.0,0.0,,False
2,feature_343,-0.0007047772939999067,0.0004842624258963058,,False
2,feature_344,-0.0006742886274498557,0.0020066836019501664,,False
2,feature_345,-0.0006074498026957809,0.0007391750256501729,,False
2,feature_346,-3.043051274405813e-05,0.0003252934271291566,,False
2,feature_347,0.0,0.0,,False
2,feature_348,-0.003690223086278662,0.0019184053728401298,,False
2,feature_349,-0.0009734918092790812,0.0014746570545720364,,False
2,feature_350,0.0003344585819262669,0.0009146714958316348,145.0,False
2,feature_351,0.0004105055150051551,0.001101664325140658,135.0,False
2,feature_352,6.891611822440469e-05,0.0007791286594872946,183.0,False
2,feature_353,-0.00031249529712510754,0.0007777656861494323,,False
2,feature_354,-0.0014617608176789771,0.00046048694088777494,,False
2,feature_355,0.00014824205898657702,0.00046465322235278287,173.0,False
2,feature_356,-0.0016768696892706474,0.0015353355345902736,,False
2,feature_357,-0.0019364479014365814,0.0015267106874290036,,False
2,feature_358,0.0,0.0,,False
2,feature_359,-4.976981460743287e-05,3.519257340731307e-05,,False
2,feature_360,-0.00046468405773153476,0.0005195576508547756,,False
2,feature_361,0.015159085599669081,0.0173105413504183,32.0,False
2,feature_362,-0.0007475200665408485,0.0019609362875259335,,False
2,feature_363,-0.0004973471926108161,0.00039249886677873686,,False
2,feature_364,0.0,0.0,,False
2,feature_365,-0.0002876675275200931,0.0012705425912956567,,False
2,feature_366,0.012816904042286775,0.01753006869832093,41.0,False
2,feature_367,0.0004983829606496903,0.0007719141170498797,123.0,False
2,feature_368,0.011761871890393516,0.017502172715113062,46.0,False
2,feature_369,0.0,0.0,,False
2,feature_370,0.0,0.0,,False
2,feature_371,0.0,0.0,,False
2,feature_372,0.0,0.0,,False
2,feature_373,0.0,0.0,,False
2,feature_374,0.0,0.0,,False
2,feature_375,0.0,0.0,,False
2,feature_376,0.00042351740072876787,0.0007212302687091153,133.0,False
2,feature_377,-0.013565764574973568,0.0024386679346440304,,False
2,feature_378,0.0,0.0,,False
2,feature_379,0.0,0.0,,False
2,feature_380,0.0,0.0,,False
2,feature_381,0.0,0.0,,False
2,feature_382,0.0,0.0,,False
2,feature_383,0.0,0.0,,False
2,feature_384,0.0,0.0,,False
2,feature_385,-0.0006009272860542092,0.00027447745401539334,,False
2,feature_386,-0.004410321882842054,0.002999583059327004,,False
2,feature_387,0.0,0.0,,False
2,feature_388,-0.00046920776866099523,0.0024455691357993608,,False
2,feature_389,-0.0012043184317492666,9.359790712772445e-05,,False
2,feature_390,-0.0017893497893048578,0.0016920443464634855,,False
2,feature_391,0.0008039489198333379,0.0002590207045510137,107.0,False
2,feature_392,0.00016580768967835077,0.0003470037933877587,170.0,False
2,feature_393,-6.95989002085784e-05,9.334523204049676e-05,,False
2,feature_394,0.0,0.0,,False
2,feature_395,0.0,0.0,,False
2,feature_396,0.0,0.0,,False
2,feature_397,0.0,0.0,,False
2,feature_398,0.0,0.0,,False
2,feature_399,0.0,0.0,,False
2,feature_400,0.0,0.0,,False
2,feature_401,0.0,0.0,,False
2,feature_402,0.0,0.0,,False
2,feature_403,0.0,0.0,,False
2,feature_404,0.0,0.0,,False
2,feature_405,0.02075483000515697,0.017774110100350755,28.0,False
2,feature_406,-0.0008909318248015996,0.0009494945822905518,,False
2,feature_407,-0.00014225497673514553,0.00033899059157901646,,False
2,feature_408,0.011139393801257372,0.018031583542608694,52.0,False
2,feature_409,-0.00030865163222583886,0.00015166900144373334,,False
2,feature_410,-3.5728813430983366e-06,1.4206083955032097e-05,,False
2,feature_411,0.00047278255760407895,0.0006348382936191108,126.0,False
2,feature_412,0.0018753164725046623,0.0018004198927447847,74.0,False
2,feature_413,-0.0001259776151154949,5.641118266630497e-05,,False
2,feature_414,0.0,0.0,,False
2,feature_415,0.0005285059214445257,0.0005324012852108048,121.0,False
2,feature_416,-0.0014789663728803266,0.0014949459618761604,,False
2,feature_417,0.016460534134461857,0.024590596134889245,31.0,False
2,feature_418,0.0003503177651366281,0.000642571743730251,140.0,False
2,feature_419,0.00037454010347502215,0.00022517171462070723,137.0,False
2,feature_420,0.0016136742011095457,0.0003868305984247547,79.0,False
2,feature_421,-0.0011598959884638143,0.0001961772249411749,,False
2,feature_422,0.0,0.0,,False
2,feature_423,-0.0011345842488123907,0.00028278960008257167,,False
2,feature_424,0.023947742347433288,0.01766877483942815,22.0,False
2,feature_425,-0.0014244464722885468,0.0009418052886174628,,False
2,feature_426,-0.0030724558470893357,0.0016197009222446391,,False
2,feature_427,0.0002839826005887243,0.00013892252608473012,151.0,False
2,feature_428,-0.0001080854940553692,0.0016045038206519862,,False
2,feature_429,-0.008080434891387878,0.007047346577048187,,False
2,feature_430,0.00105099031780298,0.0014434060056713017,94.0,False
2,feature_431,-0.000627410943986347,0.0006553340196102751,,False
2,feature_432,-0.001262261182530533,0.002930347705928601,,False
2,feature_433,-0.0012856470065113295,0.0008658412775201309,,False
2,feature_434,0.00042773588459171785,0.00011348952785304145,132.0,False
2,feature_435,-0.001008911707766717,0.0021225905161372394,,False
2,feature_436,-4.961886955386537e-06,0.00028610827515465707,,False
2,feature_437,0.03871389530921294,0.0003595712952587787,4.0,True
2,feature_438,0.0002510404166871094,0.0008480851727652942,156.0,False
2,feature_439,0.0004445003511803029,0.0018694497182591627,130.0,False
2,feature_440,-0.0003363812842877382,0.00014620176065698948,,False
2,feature_441,-0.0004991841509440764,0.002256816824601246,,False
2,feature_442,0.0008150165370276093,0.001622491185097343,103.0,False
2,feature_443,-0.008654355219460397,0.006155815499976671,,False
2,feature_444,-0.002112558194906152,0.0006285202113337623,,False
2,feature_445,-0.005184481849558609,0.0022526075470556024,,False
2,feature_446,0.026040290704198842,0.01985466862588598,18.0,True
2,feature_447,-7.504293483893514e-05,0.00015324196871283651,,False
2,feature_448,-0.0012226359248303138,0.0017160349585821038,,False
2,feature_449,0.0,0.0,,False
2,feature_450,0.0,0.0,,False
2,feature_451,0.0,0.0,,False
2,feature_452,-0.0008510861328510644,0.0017240342366212115,,False
2,feature_453,-0.0008088403114376863,0.0012888037238387678,,False
2,feature_454,-0.0016173890587866298,0.0008954856242743241,,False
2,feature_455,-0.0013958924478870889,0.0008598941055436573,,False
2,feature_456,0.03648030389603965,0.00040460283188307523,8.0,True
2,feature_457,0.0009301632123864442,0.0009550969443265754,98.0,False
2,feature_458,0.0,0.0,,False
2,feature_459,-0.0006255237789658715,0.0004340405412965949,,False
2,feature_460,-0.0003878952269332214,0.0004219520806349022,,False
2,feature_461,0.0,0.0,,False
2,feature_462,0.0,0.0,,False
2,feature_463,0.0,0.0,,False
2,feature_464,0.0,0.0,,False
2,feature_465,0.0,0.0,,False
2,feature_466,0.0,0.0,,False
2,feature_467,-0.0009209956938277716,0.0002275783163992941,,False
2,feature_468,0.0009115383524131992,0.0015215692468632889,99.0,False
2,feature_469,-0.0001041466614149315,0.0007403398685899105,,False
2,feature_470,-0.0018719466888999874,0.00017210023099427192,,False
2,feature_471,-0.0011966915356673897,0.00012324506227260503,,False
2,feature_472,0.000344955651030913,5.017380497603065e-05,142.0,False
2,feature_473,0.0018228232889690998,0.0015820701644943798,76.0,False
2,feature_474,0.0001737744386350326,0.0009485796536204821,165.0,False
2,feature_475,-0.00021498633260090086,0.0003850187288270259,,False
2,feature_476,0.01304388087277511,0.018472336767279746,38.0,False
2,feature_477,-0.019895966682180615,0.0019302262117673707,,False
2,feature_478,0.0,0.0,,False
2,feature_479,-0.0007934064016478967,0.0005929868969984612,,False
2,feature_480,0.014719405879322375,0.014190767251676022,34.0,False
2,feature_481,0.0,0.0,,False
2,feature_482,0.004687118407571134,0.0008638381466334455,60.0,False
2,feature_483,0.012645464749443428,0.017738785364847614,43.0,False
2,feature_484,-0.000351244502154809,0.0006388659515962388,,False
2,feature_485,-0.0036352869723349688,0.001210121600676207,,False
2,feature_486,0.01846189031332407,0.044711508910200176,29.0,False
2,feature_487,-0.0017562890493162953,0.0007682606343035891,,False
2,feature_488,-0.00040110978074055687,0.0002163353434597382,,False
2,feature_489,0.0005825111770327296,0.0033716211414572756,118.0,False
2,feature_490,0.04199804837711432,0.027234589333129427,2.0,True
2,feature_491,-0.0031942853150824604,0.0031835626013048813,,False
2,feature_492,0.0,0.0,,False
2,feature_493,-0.00022716536119199437,0.0001159709901199339,,False
2,feature_494,-0.0015912776872250938,0.0011157447932686306,,False
2,feature_495,0.0015017030311935686,0.0017896696289475531,81.0,False
2,feature_496,-0.0006677905916875893,0.0003750149008799165,,False
2,feature_497,0.0011377625733257994,0.0007194739931462069,91.0,False
2,feature_498,0.0,0.0,,False
2,feature_499,0.0005677942900079724,0.0004971834263830027,120.0,False
2,feature_500,-0.0019880172956437403,0.0003802321993958848,,False
2,feature_501,0.0,0.0,,False
2,feature_502,0.0,0.0,,False
2,feature_503,0.0,0.0,,False
2,feature_504,0.0,0.0,,False
2,feature_505,0.0,0.0,,False
2,feature_506,0.0,0.0,,False
2,feature_507,0.0,0.0,,False
2,feature_508,0.0,0.0,,False
2,feature_509,0.0,0.0,,False
2,feature_510,-0.002228052519799184,0.0006652754813916231,,False
2,feature_511,0.0006694559186845398,0.0001477202347466078,112.0,False
2,feature_512,0.0,0.0,,False
2,feature_513,0.0,0.0,,False
2,feature_514,0.0,0.0,,False
2,feature_515,0.0,0.0,,False
2,feature_516,0.0,0.0,,False
2,feature_517,0.0,0.0,,False
2,feature_518,0.0,0.0,,False
2,feature_519,0.02849531086777929,0.018223195957271926,14.0,True
2,feature_520,0.0004964054927863818,0.0002570210536460684,124.0,False
2,feature_521,0.0,0.0,,False
2,feature_522,-0.001887961902536835,0.0010859045295275051,,False
2,feature_523,-0.004756788571722829,0.0007177804199168935,,False
2,feature_524,-3.14733304132749e-05,0.002220059746763377,,False
2,feature_525,0.01293557071252104,0.01657212460619579,40.0,False
2,feature_526,-9.41872066910765e-05,0.0010491584947307634,,False
2,feature_527,0.0001578327510571298,0.003381011389746338,172.0,False
2,feature_528,0.0,0.0,,False
2,feature_529,0.0,0.0,,False
2,feature_530,0.0,0.0,,False
2,feature_531,0.0,0.0,,False
2,feature_532,0.0,0.0,,False
2,feature_533,0.0,0.0,,False
2,feature_534,0.0,0.0,,False
2,feature_535,0.0,0.0,,False
2,feature_536,0.0,0.0,,False
2,feature_537,0.0,0.0,,False
2,feature_538,0.0,0.0,,False
2,feature_539,0.024920905468625427,0.016922532248397827,20.0,True
2,feature_540,-0.002014744414152688,0.0006372146468944643,,False
2,feature_541,0.03638454685589065,0.001623621238793677,9.0,True
2,feature_542,0.0,0.0,,False
2,feature_543,0.0,0.0,,False
2,feature_544,0.0,0.0,,False
2,feature_545,0.0,0.0,,False
2,feature_546,0.00020280260411181805,0.00021071466804836159,161.0,False
2,feature_547,0.00035005690939808137,0.0005640560333787592,141.0,False
2,feature_548,-0.000542852572747147,0.0006906690511508841,,False
2,feature_549,0.00043383764540033676,2.0117075259942603e-05,131.0,False
2,feature_550,-0.00011644897811221207,0.00021842111408466538,,False
2,feature_551,0.00027173879190819,8.81664286089133e-05,153.0,False
2,feature_552,-0.00024762640447256734,0.0007269597715755705,,False
2,feature_553,-5.131296178365977e-05,0.0009901549741367203,,False
2,feature_554,-0.0005403481539227503,0.0005662769033708799,,False
2,feature_555,-0.00040315772785957477,0.0009718850652243492,,False
2,feature_556,0.00021394161117804789,0.0002393503083699321,158.0,False
2,feature_557,0.0008135687149186851,0.00017564868895015705,105.0,False
2,feature_558,-0.0016856482214227901,0.0013651240945183095,,False
2,feature_559,0.00047896769255800775,0.0008913229542417488,125.0,False
2,feature_560,-0.0008092553391746046,0.0004862564995036352,,False
2,feature_561,0.01278508268228229,0.01724815082076347,42.0,False
2,feature_562,0.041761936025974854,0.005142140489333128,3.0,True
2,feature_563,0.011058497462517044,0.017823124248867957,53.0,False
2,feature_564,0.0004556065641599198,0.0008947114047374876,128.0,False
2,feature_565,-0.0014121922422650017,0.0007110325800633577,,False
2,feature_566,0.00012213851243686458,0.00037021398136374644,178.0,False
2,feature_567,0.011615093160076436,0.0170761345906012,49.0,False
2,feature_568,-0.0005519619448097387,0.0006252262090358843,,False
2,feature_569,-0.0020780499240956227,0.0018372209096588744,,False
2,feature_570,0.00018408746117894634,0.001046869946375742,163.0,False
2,feature_571,0.00027565358062305495,0.0011376323535751591,152.0,False
2,feature_572,-0.0005246359383181409,0.0005804931641110019,,False
2,feature_573,-4.785123360110758e-05,0.00036528701864865413,,False
2,feature_574,-4.9212766461174486e-05,0.0001824437197295721,,False
2,feature_575,0.00020275616434412003,0.0005295826243464949,162.0,False
2,feature_576,-0.0006889204887524462,0.00029886065129797656,,False
2,feature_577,0.011371558514430372,0.017533916110695897,50.0,False
2,feature_578,1.232185540565404e-05,0.00029473934250187677,194.0,False
2,feature_579,-0.00046851321604446383,0.0004963541765508592,,False
2,feature_580,0.000253316271554264,0.0001549949667948012,155.0,False
2,feature_581,-0.00026529816449046467,0.00019997366971422057,,False
2,feature_582,-0.00028793715832740413,0.0006384183906107322,,False
2,feature_583,-0.00020910240935665772,0.00029892040670923025,,False
2,feature_584,-0.0008466436164743888,0.0005839114569498848,,False
2,feature_585,-0.001256184429458888,0.0017173601426660721,,False
2,feature_586,-0.0001886632097276575,0.0002727128753250161,,False
2,feature_587,-0.001927315270028614,0.0023284669687558784,,False
2,feature_588,0.0008118895576543957,0.00016083749824539358,106.0,False
2,feature_589,0.0008629544597856068,0.0005024582270560887,102.0,False
3,feature_000,-0.0019760356696114853,0.0008941503472262703,,False
3,feature_001,0.000161975289828827,0.00022645198326394462,178.0,False
3,feature_002,-0.00045696477467379454,0.0009028203749952422,,False
3,feature_003,-0.00011551620983138444,0.00012199108840277908,,False
3,feature_004,-0.0006527353147382254,0.00026600349559295806,,False
3,feature_005,0.0,0.0,,False
3,feature_006,-0.0007739659896899703,0.0005383552834507047,,False
3,feature_007,-0.0008856794601311164,0.0005882117976144099,,False
3,feature_008,0.00023200725529864963,0.000173951401862991,154.0,False
3,feature_009,0.0005751611494763942,0.000268717028571905,64.0,False
3,feature_010,0.0012365673922905575,0.0007833420487251431,17.0,True
3,feature_011,0.00046958586629107746,0.00043799617680496445,83.0,False
3,feature_012,0.0003338137307411874,0.0006830143578336461,122.0,False
3,feature_013,0.0,0.0,,False
3,feature_014,8.34473450640379e-05,0.00029704027628392097,196.0,False
3,feature_015,9.972170680867809e-05,0.00037987629927167127,193.0,False
3,feature_016,0.0003770041459470602,6.54699773494868e-05,112.0,False
3,feature_017,-0.00025502900033633896,0.00021231192120626093,,False
3,feature_018,0.0005898832338927726,0.0001992859667239924,61.0,False
3,feature_019,0.00021451646378098146,0.0006644937144483228,160.0,False
3,feature_020,-0.0007053256006070823,0.000571856902598403,,False
3,feature_021,0.0007322806736025875,0.0016395081112980732,45.0,False
3,feature_022,3.58165021127251e-05,7.89501494564988e-05,215.0,False
3,feature_023,6.755754568543021e-05,6.65844847791807e-05,200.0,False
3,feature_024,-0.0003921930552317464,0.0002840460520261719,,False
3,feature_025,0.00043731646575503186,5.341799094834125e-05,90.0,False
3,feature_026,0.0005683570961171128,0.0004981438961944319,65.0,False
3,feature_027,6.271565945339952e-05,4.7028633849467634e-05,202.0,False
3,feature_028,4.84758983487719e-05,0.0003041243452498952,209.0,False
3,feature_029,0.0005109607449385276,0.0001300726794162665,75.0,False
3,feature_030,-0.0013820694646122442,0.0002927300097750576,,False
3,feature_031,0.00039050935865217923,0.0003521973243543093,108.0,False
3,feature_032,-0.00016011664780545692,0.00023559843169830447,,False
3,feature_033,0.0005440644068089978,0.0008243618527451559,69.0,False
3,feature_034,0.00029336756143724896,0.00040353136733763166,135.0,False
3,feature_035,-0.0006712440495419414,0.0006705269302887023,,False
3,feature_036,-0.00018379520360783017,0.0007220788510282875,,False
3,feature_037,0.0002749894828470735,0.0002944103782696346,140.0,False
3,feature_038,-0.0007314674931437221,0.0010658184401770305,,False
3,feature_039,0.0012762501309355005,0.000490667597289494,15.0,True
3,feature_040,0.000373388470803387,0.0006197480302558822,113.0,False
3,feature_041,0.0002754932633229114,0.0007526083759006123,139.0,False
3,feature_042,0.0,0.0,,False
3,feature_043,0.0004584452822199668,0.00010851403027884422,85.0,False
3,feature_044,-2.0848633905575418e-06,0.0005301453745852702,,False
3,feature_045,-0.00016784807569996998,0.00017942318881061822,,False
3,feature_046,0.00019016258446960763,0.00017700168483064373,169.0,False
3,feature_047,0.0005306098888252833,0.0003148527261483429,72.0,False
3,feature_048,-3.659352837900633e-05,0.00047015882134774284,,False
3,feature_049,0.0,0.0,,False
3,feature_050,-0.0005010807710332313,0.0004039621629078399,,False
3,feature_051,-0.0010277437855586828,0.0007405879673804684,,False
3,feature_052,0.0,0.0,,False
3,feature_053,-0.0005093472962396142,0.0002193412435924703,,False
3,feature_054,0.0007969507594645722,0.0002796141025623021,42.0,False
3,feature_055,-0.00012323674119301317,0.0002966639801305183,,False
3,feature_056,-0.000344465707593974,0.000324143102761256,,False
3,feature_057,0.0009605548438626465,0.0005643437879021108,31.0,False
3,feature_058,5.232279744923907e-05,0.00011195899667362444,207.0,False
3,feature_059,-0.004408837045401137,0.003712353334884296,,False
3,feature_060,-0.00028050536542146426,0.000497287027019609,,False
3,feature_061,-0.00027253173551855986,0.0003583869769914264,,False
3,feature_062,4.525618126427026e-05,4.0684822005641653e-05,212.0,False
3,feature_063,0.00032787506030022145,2.352696052450721e-05,123.0,False
3,feature_064,-0.00020806189416646323,0.0008142004634111388,,False
3,feature_065,-0.0009079430954769865,0.0006732021599511734,,False
3,feature_066,0.0005376360007529243,0.00024030615974230914,71.0,False
3,feature_067,0.0008412041688236569,0.00012276259407617966,37.0,False
3,feature_068,0.000447662747988041,0.0003193934297271106,86.0,False
3,feature_069,0.0,0.0,,False
3,feature_070,-0.00024736688699977805,0.00022645778888727373,,False
3,feature_071,-0.0006795374123639448,0.00010188929355776333,,False
3,feature_072,0.00035972404040272854,0.00026180711576877767,116.0,False
3,feature_073,-0.0001774869857118407,0.00020495785379532897,,False
3,feature_074,0.0,0.0,,False
3,feature_075,-0.000358290313222998,0.0004577082727898215,,False
3,feature_076,2.3475604346031204e-05,6.0578677408112014e-05,221.0,False
3,feature_077,-0.00028846881045759926,0.00023959933835800574,,False
3,feature_078,-5.56328649550103e-05,0.00017993390050019236,,False
3,feature_079,-0.00020425357337670869,0.00044665004737733376,,False
3,feature_080,-1.1757910372167668e-05,6.790300790576373e-05,,False
3,feature_081,2.5829585864001192e-05,0.000810744903826099,219.0,False
3,feature_082,0.0009686264498233524,0.0002594997758656713,30.0,False
3,feature_083,-0.00012053170246031687,0.00048377824624056453,,False
3,feature_084,-0.0009877933453874277,0.0001495446714094801,,False
3,feature_085,-3.2997894625329724e-06,4.389603677921244e-05,,False
3,feature_086,0.00036304619076018885,0.00017285923325799547,115.0,False
3,feature_087,-0.00011572102118120181,0.0004884168747188541,,False
3,feature_088,0.0004055337360506899,8.419517548755719e-05,101.0,False
3,feature_089,0.00018454110668484255,0.00029226038841357693,172.0,False
3,feature_090,-0.0003130670298346766,0.0006663960203968617,,False
3,feature_091,2.251590931136536e-05,8.448076487909443e-05,222.0,False
3,feature_092,-7.596245313915932e-05,0.0003967806784768947,,False
3,feature_093,0.00020007493879801533,6.252967503247803e-05,167.0,False
3,feature_094,-0.00010218881731236899,0.00016746244308833155,,False
3,feature_095,-0.00020773135750807442,0.00014849832728302574,,False
3,feature_096,-0.0007094121422699917,0.00018819739293085886,,False
3,feature_097,0.0,0.0,,False
3,feature_098,-0.0008271042926316571,0.00039838935513845827,,False
3,feature_099,5.511979753809737e-05,0.0004955855007243697,206.0,False
3,feature_100,-0.00032430833189172475,0.0003383029797581795,,False
3,feature_101,-0.0003745412735293811,0.00011611822905166425,,False
3,feature_102,-0.0005062272974084292,0.000818845528791333,,False
3,feature_103,0.0023157567488575107,0.00020998036119707205,1.0,True
3,feature_104,0.000505881715905108,0.0002547927893528688,77.0,False
3,feature_105,0.00022363019336610335,7.17291780157203e-05,157.0,False
3,feature_106,0.000979318157017924,0.00038925707488431246,29.0,False
3,feature_107,0.0013444088802231264,0.00017593961160647408,14.0,True
3,feature_108,-5.748845817803855e-05,0.00035745934709230316,,False
3,feature_109,-0.00014772393655872648,7.050144679180575e-05,,False
3,feature_110,0.0,0.0,,False
3,feature_111,0.00026553904824837965,0.0002478772165887935,145.0,False
3,feature_112,-0.00019680381391992455,0.00023265301188348837,,False
3,feature_113,0.00017435707565771388,0.00021499559650722274,175.0,False
3,feature_114,3.954161818011762e-05,5.592029270850089e-05,213.0,False
3,feature_115,-9.057442807049176e-05,0.00023460634623857592,,False
3,feature_116,0.0002627873509420166,0.0003311019359196126,147.0,False
3,feature_117,-0.0003143212608829905,0.0007703289107531482,,False
3,feature_118,0.0005664063167806002,0.0003528192577685946,66.0,False
3,feature_119,-0.00013574987942005742,9.80082588608862e-05,,False
3,feature_120,-0.00020562810208103743,7.99264262593193e-05,,False
3,feature_121,0.0003978399100248835,0.00033200286613522823,103.0,False
3,feature_122,-0.0002710196645707569,0.0001612097471401596,,False
3,feature_123,6.510545117580553e-05,0.00020862356431777378,201.0,False
3,feature_124,-9.449024400309582e-05,0.00040650744570162504,,False
3,feature_125,0.0018069482142404059,0.0007847575596631162,5.0,True
3,feature_126,0.00037783287264177057,0.0002563950678361378,111.0,False
3,feature_127,0.0009054843417704595,0.00028576906709335464,33.0,False
3,feature_128,-0.0004998938340086875,0.00038571938143623484,,False
3,feature_129,0.0011233358526841046,0.00028099374219854855,22.0,False
3,feature_130,0.0008547829974831824,0.0006176241961713687,35.0,False
3,feature_131,-0.0003804703231438643,0.00018723334961372743,,False
3,feature_132,0.0007384565733778067,0.0007749865602907332,43.0,False
3,feature_133,-8.056437593246858e-05,0.00010033297632929026,,False
3,feature_134,-9.00335677580429e-05,0.0003883808885311645,,False
3,feature_135,4.7459090899084254e-05,0.0012207744159446422,210.0,False
3,feature_136,0.0006106099956780658,0.00032548080553432474,58.0,False
3,feature_137,-5.7766812995169635e-05,6.944731894643818e-05,,False
3,feature_138,-0.0012478167717728343,0.0004708392493296134,,False
3,feature_139,0.00020684847796128883,0.00040478323078617465,163.0,False
3,feature_140,-0.00036812814073254596,0.00031400563826042337,,False
3,feature_141,0.0,0.0,,False
3,feature_142,0.00026341752410177083,0.0002165902767015162,146.0,False
3,feature_143,0.00042216123856101545,9.51695181176185e-05,94.0,False
3,feature_144,0.00027264859646984607,0.0002534858231780662,142.0,False
3,feature_145,-0.00011206190557462813,0.0008548091334792849,,False
3,feature_146,-0.0005860302527772171,0.0003339843374338726,,False
3,feature_147,-6.001891365431389e-06,0.00034517524471838594,,False
3,feature_148,-0.000186204861436177,0.000709453714527448,,False
3,feature_149,0.0,0.0,,False
3,feature_150,-0.0004368100318018209,0.00023930903824020652,,False
3,feature_151,-0.0011386811687621387,0.00037838796345333425,,False
3,feature_152,0.0011879644996386403,0.00048492782538710655,18.0,True
3,feature_153,0.0003166421454646277,0.0003711416364387624,127.0,False
3,feature_154,-3.1521554715358925e-05,0.0005530447938786088,,False
3,feature_155,-0.0009720353210593233,0.00015945715816403564,,False
3,feature_156,0.000503604011973457,0.00024527478957978304,79.0,False
3,feature_157,2.4825831277441868e-05,1.7554513644872236e-05,220.0,False
3,feature_158,2.230474979647105e-05,3.154367966750789e-05,223.0,False
3,feature_159,0.00010304573531269105,0.0001627171192299963,190.0,False
3,feature_160,-0.00017381725281277968,0.0006017176108992577,,False
3,feature_161,-0.00013792376678684973,0.0004379951408029841,,False
3,feature_162,0.0005933288541149587,0.0004244503481912349,60.0,False
3,feature_163,0.0008642416913164549,0.0002543197585198594,34.0,False
3,feature_164,-1.1731800986951313e-05,4.2327542590667014e-05,,False
3,feature_165,0.0010689536479337135,0.0002608066495009497,24.0,False
3,feature_166,-0.00034786262951404245,0.000667959042383566,,False
3,feature_167,0.00034033054203885804,0.0005356456247026424,121.0,False
3,feature_168,0.000471071778476657,0.000301280625880184,82.0,False
3,feature_169,8.064249005761369e-05,0.00017595932068143616,197.0,False
3,feature_170,-0.0003150877548268015,4.948754702172641e-05,,False
3,feature_171,0.0008278130185057261,0.0003143479374076412,39.0,False
3,feature_172,0.0004208699773544933,0.0004045303422615112,95.0,False
3,feature_173,0.0005469094112392237,9.291412737804207e-05,67.0,False
3,feature_174,0.0007333365113207924,0.0013364201556425555,44.0,False
3,feature_175,0.0011342906567651408,0.0006020189075193565,20.0,True
3,feature_176,-0.0002360591577421703,4.6787814197210484e-05,,False
3,feature_177,-0.0012016337571922723,0.00041316392533435415,,False
3,feature_178,0.0,0.0,,False
3,feature_179,0.0,0.0,,False
3,feature_180,-0.0003946836749180981,0.0009576932704380128,,False
3,feature_181,0.00028666046827324765,0.0003633294711532045,137.0,False
3,feature_182,0.0006191979270580549,0.00013920387110139004,56.0,False
3,feature_183,0.00011816171628517558,0.00011762032973478154,187.0,False
3,feature_184,-0.0004045324534866108,0.00020766444543056028,,False
3,feature_185,-9.349573032314355e-05,0.0004918789452570546,,False
3,feature_186,0.0,0.0,,False
3,feature_187,-1.9717715812638443e-05,1.6994454964535813e-05,,False
3,feature_188,-0.000680929599545158,0.0001226513589438832,,False
3,feature_189,0.0,0.0,,False
3,feature_190,0.0,0.0,,False
3,feature_191,0.0,0.0,,False
3,feature_192,0.0,0.0,,False
3,feature_193,0.0,0.0,,False
3,feature_194,0.0,0.0,,False
3,feature_195,-0.0006018864505846743,0.00014299672893532204,,False
3,feature_196,0.00011562833370711474,3.745074663470805e-05,188.0,False
3,feature_197,-0.00017180823104292567,0.0009316273710840038,,False
3,feature_198,0.00017165237235623743,0.0002972492748445907,176.0,False
3,feature_199,-0.0011816267496854438,0.0012269360760533883,,False
3,feature_200,0.0006830484141734627,9.736743761369801e-05,49.0,False
3,feature_201,-0.0001866706796353664,0.0003078826430344692,,False
3,feature_202,0.0005224629665838166,0.00031733542735062805,74.0,False
3,feature_203,-0.00016270932056743534,0.0003020337479083328,,False
3,feature_204,-0.00017408633625849249,0.00027729680009675736,,False
3,feature_205,0.0003928636664803665,0.0016864715610698654,106.0,False
3,feature_206,0.0,0.0,,False
3,feature_207,0.0008396487090799598,0.0005078731400161197,38.0,False
3,feature_208,0.0001350568526508287,3.5704144660803494e-05,184.0,False
3,feature_209,0.0,0.0,,False
3,feature_210,-0.000751071204891901,0.00012943299331265342,,False
3,feature_211,0.0003906092306676055,0.00018232132298355512,107.0,False
3,feature_212,-0.0003707723380169438,2.8015855696107218e-05,,False
3,feature_213,0.0006662781931871692,0.0015309949090911118,52.0,False
3,feature_214,-0.0004435734958120746,0.0006165623758209669,,False
3,feature_215,-0.00031007630041591144,4.8778094077009617e-05,,False
3,feature_216,1.299022342520865e-05,0.00025453689651180596,228.0,False
3,feature_217,0.00038111983562785545,0.00012278953507884171,109.0,False
3,feature_218,0.0010366923000941566,0.0007170260428903843,27.0,False
3,feature_219,0.001434469943340307,0.00034153596438813913,12.0,True
3,feature_220,-0.00028994342925235905,0.00025245364586238536,,False
3,feature_221,-0.00039886470038424476,0.0004369870697529943,,False
3,feature_222,0.0003699663301925486,0.0002702503806196256,114.0,False
3,feature_223,0.0003065938724859593,0.00041632139744881424,131.0,False
3,feature_224,2.1607985401235024e-05,6.0040780213829356e-05,225.0,False
3,feature_225,0.00016815233655485587,0.0009142716608734775,177.0,False
3,feature_226,0.0,0.0,,False
3,feature_227,0.0008218503289068013,4.010952608283904e-05,40.0,False
3,feature_228,-0.00032672027567326917,0.00021390072880896838,,False
3,feature_229,0.0,0.0,,False
3,feature_230,0.0,0.0,,False
3,feature_231,0.0,0.0,,False
3,feature_232,0.0,0.0,,False
3,feature_233,0.0,0.0,,False
3,feature_234,0.0,0.0,,False
3,feature_235,0.0,0.0,,False
3,feature_236,0.0,0.0,,False
3,feature_237,0.0,0.0,,False
3,feature_238,0.0002086374818231184,0.0004404682473323285,162.0,False
3,feature_239,-0.0009211593472363717,0.0007309813538960361,,False
3,feature_240,0.0,0.0,,False
3,feature_241,0.0,0.0,,False
3,feature_242,0.0,0.0,,False
3,feature_243,0.0,0.0,,False
3,feature_244,2.0578050923480973e-05,4.128519570803114e-05,226.0,False
3,feature_245,-0.00018565744799411976,0.00017789108799100438,,False
3,feature_246,-0.0003641534192671871,0.00021821428463471813,,False
3,feature_247,0.00028501085084737393,0.0004468768092953824,138.0,False
3,feature_248,-9.544671961676798e-05,0.00036685564120515654,,False
3,feature_249,0.0,0.0,,False
3,feature_250,7.01074450988511e-05,0.0006255953515460877,199.0,False
3,feature_251,0.0014952541339311547,0.0006893834691734715,11.0,True
3,feature_252,0.0006066587087797601,0.0002453037584029968,59.0,False
3,feature_253,0.00018804077519719622,0.001061636482451759,170.0,False
3,feature_254,0.0003792144361601223,0.00020065554871880864,110.0,False
3,feature_255,0.00039390378276663956,9.772217861686969e-05,105.0,False
3,feature_256,0.0,0.0,,False
3,feature_257,0.0,0.0,,False
3,feature_258,0.0,0.0,,False
3,feature_259,0.0,0.0,,False
3,feature_260,0.0,0.0,,False
3,feature_261,0.0,0.0,,False
3,feature_262,0.0,0.0,,False
3,feature_263,0.0,0.0,,False
3,feature_264,0.0,0.0,,False
3,feature_265,0.0,0.0,,False
3,feature_266,0.0,0.0,,False
3,feature_267,-0.0003619837509828486,0.0006090172463923285,,False
3,feature_268,0.0006184919109967537,0.00012219366376194494,57.0,False
3,feature_269,0.0006961305848714414,9.021707236450982e-05,47.0,False
3,feature_270,0.0010452041195445582,9.194570967758365e-05,26.0,False
3,feature_271,-1.3951165555326865e-06,8.247445074738359e-05,,False
3,feature_272,-0.00028412812324780007,0.0001667867163610844,,False
3,feature_273,-0.00025481185992699595,0.0001964228018698365,,False
3,feature_274,5.210035326954724e-05,0.00015264552364617522,208.0,False
3,feature_275,0.00022846323042263286,0.00011292662955981203,155.0,False
3,feature_276,0.0,0.0,,False
3,feature_277,0.0005809945192228999,5.908560142766633e-05,63.0,False
3,feature_278,-3.864327992373258e-06,4.1183596832707356e-05,,False
3,feature_279,-0.0009187771051377344,0.00020205512733272496,,False
3,feature_280,-0.00010590812300931285,0.0003600122202941679,,False
3,feature_281,0.00029482987579251135,0.000320914923588172,133.0,False
3,feature_282,-0.001499305846927532,0.0008652622442195089,,False
3,feature_283,0.00041439477831455945,0.00027226978204739094,96.0,False
3,feature_284,0.0,0.0,,False
3,feature_285,-0.000707019257920459,0.0005469560388886436,,False
3,feature_286,0.0008051664527294541,0.0007160116985452583,41.0,False
3,feature_287,6.119675938550766e-05,0.00031811152486811115,204.0,False
3,feature_288,3.1109838726922634e-06,0.00023674599448443402,232.0,False
3,feature_289,-0.00048191201849481546,0.0003946079327138401,,False
3,feature_290,-0.0006715602363986615,0.0007940682949657398,,False
3,feature_291,-0.000159627777284894,0.0003434423427710224,,False
3,feature_292,0.0,0.0,,False
3,feature_293,0.00022830287613757189,0.00015004857737721314,156.0,False
3,feature_294,-0.00026284460660313397,0.00037127301555841554,,False
3,feature_295,0.0006652135617709285,0.001021780604774446,53.0,False
3,feature_296,-7.012427411197397e-05,0.00044121044917143674,,False
3,feature_297,-0.0006375471125582821,0.0003072140618061674,,False
3,feature_298,-0.00015143954465996617,0.0002840569378415646,,False
3,feature_299,-0.00018097544335881482,0.0004718355549299037,,False
3,feature_300,0.00042346825568674123,4.1847261801327004e-05,91.0,False
3,feature_301,0.0016140132176269972,0.0010771771155068596,6.0,True
3,feature_302,0.00010267244611924149,0.00016296399276153497,191.0,False
3,feature_303,0.0005818740732643884,0.0002636084166473107,62.0,False
3,feature_304,-0.0002644041623322685,0.00012595317286911138,,False
3,feature_305,-0.00019838102691238646,0.00030939274656984503,,False
3,feature_306,-7.766458939967996e-05,0.00027013400955345563,,False
3,feature_307,0.0009393405591366852,0.000647838338046926,32.0,False
3,feature_308,0.0011849347422431197,0.0003777888738457803,19.0,True
3,feature_309,0.0013982570354029906,0.00029099740892548183,13.0,True
3,feature_310,-0.0002048995484499628,0.0006578541610702794,,False
3,feature_311,8.507012670170658e-06,8.838948985161883e-05,230.0,False
3,feature_312,6.255914142635581e-05,0.00019402605285321592,203.0,False
3,feature_313,0.0,0.0,,False
3,feature_314,0.0,0.0,,False
3,feature_315,0.0,0.0,,False
3,feature_316,-0.0009692160647521037,0.0002960013694274901,,False
3,feature_317,0.00021010855800971998,9.327187296560759e-05,161.0,False
3,feature_318,-0.0011328254667362855,7.215544739351022e-05,,False
3,feature_319,0.00035845407596847567,0.00023829365015705917,118.0,False
3,feature_320,0.0004226464771843186,0.00018157119887454728,93.0,False
3,feature_321,0.0002341355356902363,5.5206362548379765e-05,152.0,False
3,feature_322,0.0,0.0,,False
3,feature_323,-0.00018364021336208375,2.6598886833256003e-05,,False
3,feature_324,-0.0002481874220455667,0.00014329819212438005,,False
3,feature_325,0.0,0.0,,False
3,feature_326,0.0,0.0,,False
3,feature_327,0.0,0.0,,False
3,feature_328,0.0,0.0,,False
3,feature_329,0.0,0.0,,False
3,feature_330,0.0,0.0,,False
3,feature_331,0.00020612368757973176,6.262553824018371e-05,164.0,False
3,feature_332,-0.0004178014446967679,0.0002459714295537363,,False
3,feature_333,0.0004413092008385249,0.0013406492401857213,88.0,False
3,feature_334,-0.0005410542204296667,0.0001460779752279074,,False
3,feature_335,0.0003574832182334208,0.0005076092728386829,119.0,False
3,feature_336,0.00012405816301494046,0.0007864941554658479,185.0,False
3,feature_337,0.0005391484821382792,0.00014243974171547014,70.0,False
3,feature_338,-0.00034738476201269286,0.00038634005313462684,,False
3,feature_339,0.0011154653227132781,0.0005264559575210539,23.0,False
3,feature_340,-0.00037141396370857227,0.0002641662436799761,,False
3,feature_341,-0.001710165852495805,0.00023409851972453524,,False
3,feature_342,0.0,0.0,,False
3,feature_343,-0.0009915641950692295,0.00021203853112444667,,False
3,feature_344,-0.00047240284518203457,0.0002575032146442182,,False
3,feature_345,-0.00019312290425478143,0.00018970975525927467,,False
3,feature_346,0.00034033615157192065,0.00016972722845141195,120.0,False
3,feature_347,0.0,0.0,,False
3,feature_348,0.0001520854172159409,0.00010758674696549882,183.0,False
3,feature_349,-0.000516019442446824,0.00018133579044620762,,False
3,feature_350,0.0002987905319166752,0.00029225079165494605,132.0,False
3,feature_351,0.002304673358700856,0.001996035936071855,2.0,True
3,feature_352,-0.0007049533075975736,0.00013543326761120863,,False
3,feature_353,-0.00089912888170648,0.0004372117234789438,,False
3,feature_354,-4.5024490591514164e-05,4.065898708409111e-05,,False
3,feature_355,9.457209695624506e-05,0.00010422369655698328,194.0,False
3,feature_356,-0.0007449110184719101,0.00018779683083330163,,False
3,feature_357,0.0002178421347254489,0.0001783016479761684,159.0,False
3,feature_358,3.8813394179296655e-05,7.66607892974656e-05,214.0,False
3,feature_359,-0.0006658297410170391,0.0010300389526577973,,False
3,feature_360,-0.0003536506604934486,0.0003743692580087852,,False
3,feature_361,-0.0008689138644842725,0.0007502678919647676,,False
3,feature_362,0.00015870728142419513,0.00017433633772947124,180.0,False
3,feature_363,-0.000990487626691484,0.0001572976643760319,,False
3,feature_364,0.0,0.0,,False
3,feature_365,-3.040772939997873e-05,0.00032772142504842544,,False
3,feature_366,0.00023395371646817847,2.957601660447927e-05,153.0,False
3,feature_367,0.00026048185861230616,0.00028464742252330667,148.0,False
3,feature_368,0.0007183495201655218,0.0004581076248799158,46.0,False
3,feature_369,0.0,0.0,,False
3,feature_370,0.0,0.0,,False
3,feature_371,0.0,0.0,,False
3,feature_372,0.0,0.0,,False
3,feature_373,0.0,0.0,,False
3,feature_374,0.0,0.0,,False
3,feature_375,0.0,0.0,,False
3,feature_376,0.0003096130140750261,0.0002577598183711435,130.0,False
3,feature_377,-0.0009198058514668534,0.000762924324170012,,False
3,feature_378,0.0,0.0,,False
3,feature_379,0.0,0.0,,False
3,feature_380,0.0,0.0,,False
3,feature_381,0.0,0.0,,False
3,feature_382,-0.00042928436786097285,2.9723860797051284e-05,,False
3,feature_383,-0.00012059277612616141,4.739539654157135e-05,,False
3,feature_384,0.0,0.0,,False
3,feature_385,-0.0003275315105426326,0.0006756822524410208,,False
3,feature_386,-0.000817647496889437,0.00018463797334590773,,False
3,feature_387,0.0,0.0,,False
3,feature_388,0.0004089947546024805,0.00030750914978894565,98.0,False
3,feature_389,4.54540028786074e-05,6.090206249171671e-05,211.0,False
3,feature_390,0.0008442482527297804,0.000279205058020312,36.0,False
3,feature_391,-0.0013809031626828862,0.0006677473683399187,,False
3,feature_392,-0.00018952823089920154,9.779726520420368e-05,,False
3,feature_393,-9.11179373760812e-05,0.0002896879651611708,,False
3,feature_394,0.0,0.0,,False
3,feature_395,0.0,0.0,,False
3,feature_396,0.0,0.0,,False
3,feature_397,0.0,0.0,,False
3,feature_398,0.0,0.0,,False
3,feature_399,0.0,0.0,,False
3,feature_400,0.0,0.0,,False
3,feature_401,0.0,0.0,,False
3,feature_402,0.0,0.0,,False
3,feature_403,0.0,0.0,,False
3,feature_404,0.0,0.0,,False
3,feature_405,0.00044242208697998126,0.00038654050928951545,87.0,False
3,feature_406,2.748365959708473e-06,0.00010262597758539443,233.0,False
3,feature_407,0.00018232492253494417,0.0003939956171514057,173.0,False
3,feature_408,-0.0007968342075759504,0.0010798903203827032,,False
3,feature_409,0.0004375557115461175,4.586875401812277e-05,89.0,False
3,feature_410,0.00011200243122807634,0.000259334217851635,189.0,False
3,feature_411,0.00011854961172578597,7.062997596080165e-05,186.0,False
3,feature_412,-0.00012765050351171842,0.0005323669856696983,,False
3,feature_413,0.0001535353883758278,0.00028216667333612853,181.0,False
3,feature_414,0.0,0.0,,False
3,feature_415,-0.0001889427998257078,5.4118475806332565e-05,,False
3,feature_416,6.820660259118187e-06,0.00027090392876443045,231.0,False
3,feature_417,0.0005044209850341199,0.0005979556822530909,78.0,False
3,feature_418,3.45929291024639e-05,0.0001162663982366988,216.0,False
3,feature_419,0.0002416830811163099,0.00024671295772657795,151.0,False
3,feature_420,-0.00045272599688666454,0.00025279863771942527,,False
3,feature_421,0.0015163835665058338,0.00019294157066577944,9.0,True
3,feature_422,0.0,0.0,,False
3,feature_423,2.1894843825853254e-05,0.0005557866008459942,224.0,False
3,feature_424,-0.0005289322724932368,0.0005348543144019697,,False
3,feature_425,0.00035854297454124734,0.00011444795303308681,117.0,False
3,feature_426,0.00040096349591441327,4.009006423018934e-05,102.0,False
3,feature_427,1.9477661420137793e-05,0.00012164539168491907,227.0,False
3,feature_428,-0.000584707660728219,0.00031920516998493144,,False
3,feature_429,-6.2283935373756245e-06,0.00040559327978924477,,False
3,feature_430,7.401640239624908e-05,0.00028116275579588237,198.0,False
3,feature_431,-0.0002181988538137817,0.00029852723703271906,,False
3,feature_432,-6.712305532396295e-05,0.0005400159559269571,,False
3,feature_433,0.00039724874904485213,0.000955049450470663,104.0,False
3,feature_434,0.0011277998818536212,0.0009506532370255287,21.0,False
3,feature_435,0.0003210323224983487,9.376440727746434e-05,124.0,False
3,feature_436,-0.0008033747384618451,0.0006722463137623557,,False
3,feature_437,-0.0004830609574205137,0.00027695524356744834,,False
3,feature_438,0.0006369330165486876,0.0001203345834528017,55.0,False
3,feature_439,-0.0001617771806830745,0.0002816549693501698,,False
3,feature_440,-0.00046440096207407455,0.00015998758133237349,,False
3,feature_441,-0.0004915402490536976,0.00011206315064571764,,False
3,feature_442,-0.0007630855498710551,0.00019766897213356448,,False
3,feature_443,0.0015558654746405133,0.0009068954316427034,8.0,True
3,feature_444,0.00010162513674966354,0.0004826784700115832,192.0,False
3,feature_445,0.0015089082825200453,0.0008873905593963841,10.0,True
3,feature_446,0.0004130662238237455,0.0013187324467003466,97.0,False
3,feature_447,-0.0003707489720075549,0.00011511635629704478,,False
3,feature_448,-5.280499636890756e-06,0.0003025008854453324,,False
3,feature_449,0.0,0.0,,False
3,feature_450,0.0,0.0,,False
3,feature_451,0.0,0.0,,False
3,feature_452,0.0006675334749042203,0.0002293733047206278,51.0,False
3,feature_453,0.0005100769656296392,0.00010400292858102469,76.0,False
3,feature_454,0.0005274998776514106,0.00031560278347544165,73.0,False
3,feature_455,-0.00048439869481104136,0.0007075555381931221,,False
3,feature_456,-0.0005844949639936398,0.00019573491102494405,,False
3,feature_457,-5.193187788782305e-05,0.0004157427640223704,,False
3,feature_458,0.0,0.0,,False
3,feature_459,-0.00022724999735319654,0.0004599161884459075,,False
3,feature_460,-0.00023424854520205882,0.000650188603911717,,False
3,feature_461,0.0,0.0,,False
3,feature_462,0.0,0.0,,False
3,feature_463,0.0,0.0,,False
3,feature_464,0.0,0.0,,False
3,feature_465,0.0,0.0,,False
3,feature_466,0.0,0.0,,False
3,feature_467,0.0004057668897414282,0.00021375091810956693,100.0,False
3,feature_468,-0.0018950952054597435,0.00027080488274327955,,False
3,feature_469,-0.00023676336820522884,0.0014834542749551998,,False
3,feature_470,-9.861704548075334e-05,0.0001204736723463323,,False
3,feature_471,-0.0003737590138404255,8.530368469307324e-05,,False
3,feature_472,-0.001017332876108103,0.0003489429623515513,,False
3,feature_473,0.00027028025586377236,0.00034014477321238855,143.0,False
3,feature_474,-2.9588133948784307e-05,0.0002949002233604801,,False
3,feature_475,0.0010087409662145538,0.00031608909526376967,28.0,False
3,feature_476,0.0003114900138534669,0.0004853553482541359,129.0,False
3,feature_477,-0.0012580482870318266,0.0011836929813819036,,False
3,feature_478,0.0,0.0,,False
3,feature_479,0.00027310278393821486,0.0005871021695636874,141.0,False
3,feature_480,0.00016037298878892234,0.00032559715379407194,179.0,False
3,feature_481,0.0,0.0,,False
3,feature_482,-0.0006297772104230474,0.000438543203243635,,False
3,feature_483,-0.000262179199717739,3.0319903839927285e-05,,False
3,feature_484,0.00022141445263412773,0.0001733505608287796,158.0,False
3,feature_485,0.0001527502187332446,0.00023675049791389396,182.0,False
3,feature_486,0.0006760125149561554,0.0010031630932299284,50.0,False
3,feature_487,0.0004788349491941212,0.0004176697317922642,80.0,False
3,feature_488,-0.0005285734826529706,0.0007684319056217996,,False
3,feature_489,-0.00020208403389005333,0.00029872809209923194,,False
3,feature_490,-0.0005626639494825461,0.0002744232455607052,,False
3,feature_491,-3.516872528595144e-05,0.00011552562566571158,,False
3,feature_492,-3.618954209320032e-05,3.352906752319479e-05,,False
3,feature_493,-3.1081703168009865e-05,0.00011522415029036837,,False
3,feature_494,-0.000289102218476521,0.00021152411910223634,,False
3,feature_495,0.00024617169141963324,0.00011587132693209301,150.0,False
3,feature_496,-3.5682321463260946e-05,0.0002456649915477337,,False
3,feature_497,-0.0008214680453645604,0.00020887255204280847,,False
3,feature_498,0.0,0.0,,False
3,feature_499,0.0004691972522918979,0.00012450524446522125,84.0,False
3,feature_500,-1.0440709516205496e-05,5.0590866137136285e-05,,False
3,feature_501,0.0,0.0,,False
3,feature_502,0.0,0.0,,False
3,feature_503,0.0,0.0,,False
3,feature_504,0.0,0.0,,False
3,feature_505,0.0,0.0,,False
3,feature_506,0.0,0.0,,False
3,feature_507,0.0,0.0,,False
3,feature_508,0.0,0.0,,False
3,feature_509,0.0,0.0,,False
3,feature_510,-0.0003940167216363519,0.0013231638071527813,,False
3,feature_511,-0.00010093206071036993,0.0007112960275610245,,False
3,feature_512,0.0,0.0,,False
3,feature_513,0.0,0.0,,False
3,feature_514,0.0,0.0,,False
3,feature_515,0.0,0.0,,False
3,feature_516,0.0,0.0,,False
3,feature_517,-2.9191995933777748e-05,4.8606828482846314e-05,,False
3,feature_518,0.0,0.0,,False
3,feature_519,0.0006874542661343316,0.0006517077616491163,48.0,False
3,feature_520,-9.694735186635782e-05,9.41002421980792e-05,,False
3,feature_521,3.231534571865313e-05,2.6623367615576935e-05,217.0,False
3,feature_522,-0.0005395231671160386,0.00039217019371168185,,False
3,feature_523,-9.433336022099854e-05,0.0003267995241108614,,False
3,feature_524,0.0006433652412658636,0.0011403475541749356,54.0,False
3,feature_525,-0.00016079809066104947,0.0004629888459733287,,False
3,feature_526,0.0003203348837525673,0.00013830340611611054,125.0,False
3,feature_527,0.0003168626030064352,4.635317250564787e-05,126.0,False
3,feature_528,0.0,0.0,,False
3,feature_529,0.0,0.0,,False
3,feature_530,0.0,0.0,,False
3,feature_531,0.0,0.0,,False
3,feature_532,0.0,0.0,,False
3,feature_533,0.0,0.0,,False
3,feature_534,0.0,0.0,,False
3,feature_535,0.0,0.0,,False
3,feature_536,0.0,0.0,,False
3,feature_537,0.0,0.0,,False
3,feature_538,0.0,0.0,,False
3,feature_539,-0.0003379049399939461,0.00014106917106944768,,False
3,feature_540,0.0002045282025912263,0.00019556529913727366,165.0,False
3,feature_541,0.0005455282490076652,0.00019853996098327165,68.0,False
3,feature_542,0.0004071743408119305,0.00010731957574280999,99.0,False
3,feature_543,-0.00010446736861392802,6.791965872742735e-05,,False
3,feature_544,-0.0008090270473846556,0.0001151646591050731,,False
3,feature_545,-1.8371546149323348e-05,2.598128972613629e-05,,False
3,feature_546,-0.00016267952410133762,0.0004206749490601181,,False
3,feature_547,-7.902155083951146e-05,0.0007417475966401977,,False
3,feature_548,1.0040413135718277e-05,0.00031644868095923035,229.0,False
3,feature_549,-0.0005257382423218224,0.0006604960273060353,,False
3,feature_550,-0.0002400535524571997,0.00015139080710840615,,False
3,feature_551,0.0002563570330358714,0.0001241454402336134,149.0,False
3,feature_552,-0.0005224198893498677,0.000425456904654439,,False
3,feature_553,0.00018568939955589114,0.0001349217287987049,171.0,False
3,feature_554,-0.00032967968820125465,6.328086872419469e-05,,False
3,feature_555,-0.0013786377012232134,0.0012746499885211715,,False
3,feature_556,-0.0006021713133945913,0.00018351852430820552,,False
3,feature_557,6.036088098351766e-05,0.00019398556852773374,205.0,False
3,feature_558,-0.00024226911316711786,8.344212596778344e-05,,False
3,feature_559,-0.00023640678482922858,0.00018814467519110654,,False
3,feature_560,-3.569212193283341e-05,0.00030371406948096,,False
3,feature_561,0.0015697613948588752,0.0006602334496447374,7.0,True
3,feature_562,0.0002938275929458255,0.0005550948817546125,134.0,False
3,feature_563,0.000423369886459829,8.52135872392442e-05,92.0,False
3,feature_564,2.959624571540152e-05,0.0001573917704246139,218.0,False
3,feature_565,-0.0005469784817603227,5.79509878479965e-05,,False
3,feature_566,-0.00027609858982063223,0.00035577074076446473,,False
3,feature_567,0.00019222598731665394,0.00031169711845096463,168.0,False
3,feature_568,9.340478613314995e-05,0.00036763088545090593,195.0,False
3,feature_569,0.0003160652133272282,0.0006195404287139012,128.0,False
3,feature_570,0.0002679675758790028,0.00025042195405674595,144.0,False
3,feature_571,-0.00022075764632615893,0.00010292385440132931,,False
3,feature_572,-6.942293451300356e-05,0.00021681932898680808,,False
3,feature_573,0.0018266152428515318,9.996931104352914e-05,4.0,True
3,feature_574,-0.0007192514844449211,0.0005129126819009111,,False
3,feature_575,-1.3353697528500907e-05,0.00022243012095146027,,False
3,feature_576,0.0010506374928159294,0.00012915511029226097,25.0,False
3,feature_577,0.000204048341515962,0.0006506864345934988,166.0,False
3,feature_578,-0.0006369877531166834,0.0003983622861117334,,False
3,feature_579,-0.00016850076386204504,9.815158598959232e-05,,False
3,feature_580,0.00017578694539893922,0.00024829834975370477,174.0,False
3,feature_581,-0.0003897568990560661,4.150762524125688e-05,,False
3,feature_582,0.0004724261964756393,0.0005646592593613842,81.0,False
3,feature_583,-0.0002627591353526725,0.00028604044003579377,,False
3,feature_584,0.0012598458156504917,0.0005035915488061851,16.0,True
3,feature_585,0.000290014126097006,0.00018373119741691514,136.0,False
3,feature_586,-0.0004018205204887326,0.0005753209985376038,,False
3,feature_587,-0.0002622595852932082,0.0005515473214829913,,False
3,feature_588,0.0021791681979298227,0.000873989962714095,3.0,True
3,feature_589,-9.719733892334566e-05,0.00023904808137779757,,False
